order	pr	version	section	sub	state	prev_group	prev_verdict	fwd_now	rev_now	sens	nfiles	ins	dels	commits	title	files
6	9870	1.15.2	General	Fixed	pending	g5_general_cleanup_docs	미적용·안전 이식 가능	ok	fail	-	1	41	29	e855ea1d40	Improve error handling of smol compressor	tools/compresSmol/compressAlgo.cpp
7	9858	1.15.2	Battle General	Fixed	pending	g1_battle_fixed_a	미적용·안전 이식 가능	fail	fail	Y	4	146	9	8e8c5c318b	Fix Innards Out multihit damage basis and Core Enforcer suppression on fainted targets	include/battle.h src/battle_script_commands.c src/battle_util.c test/battle/ability/innards_out.c
8	9855	1.15.2	General	Fixed	pending	g5_general_cleanup_docs	미적용·안전 이식 가능	ok	fail	-	2	8	6	7b7a66dc13	Move animation fixes	src/battle_anim.c src/battle_anim_electric.c
9	9883	1.15.2	Overworld	Fixed	pending	g6_overworld_refactors	미적용·안전 이식 가능	ok	fail	-	2	5	5	84e02096fc	Move follower check before trainer hill check whene selecting script	src/event_object_movement.c src/field_control_avatar.c
10	9880	1.15.2	Battle General	Fixed	pending	g1_battle_fixed_a	미적용·안전 이식 가능	ok	fail	Y	6	158	19	cfb4f864e9	Fixes Ruin abilities / gastro acid interaction	data/battle_scripts_1.s include/battle_util.h src/battle_script_commands.c src/battle_util.c test/battle/ability/beads_of_ruin.c test/battle/ability/vessel_of_ruin.c
11	9888	1.15.2	General	Fixed	pending	g5_general_cleanup_docs	미적용·안전 이식 가능	ok	fail	-	2	4	2	1cf36d1d82	Fix compiling with -O0	src/battle_controllers.c src/ow_abilities.c
12	9882	1.15.2	General	Fixed	pending	g5_general_cleanup_docs	부분 적용	fail	fail	-	2	5	5	57f3f4a0b6	Safari fixes	data/scripts/safari_zone.inc src/battle_interface.c
15	9872	1.15.3	General	Fixed	pending	g5_general_cleanup_docs	미적용·안전 이식 가능	ok	fail	-	1	1	0	fab0777918	fix(debug_menu): fix flicker when used when map pop-up active	src/debug.c
16	9905	1.15.3	Overworld	Fixed	pending	g6_overworld_refactors	HNS와 무관	fail	fail	-	4	55	17	74ba82ba85	fix (namebox): back 2 back namebox no longer flickers	include/field_name_box.h src/field_message_box.c src/field_name_box.c src/match_call.c
17	9901	1.15.3	Battle General	Fixed	pending	g1_battle_fixed_a	미적용·안전 이식 가능	fail	fail	Y	2	77	4	4c41f277db	Fix Ruin abilities respecting each other even if deactivated	src/battle_util.c test/battle/ability/beads_of_ruin.c
18	9909	1.15.3	Other Cleanup	-	pending	g5_general_cleanup_docs	HNS와 무관	ok	fail	-	1	3	3	96707543f3	Update maintainer list	CONTRIBUTING.md
19	9903	1.15.3	Overworld	Fixed	pending	g6_overworld_refactors	HNS와 무관	fail	fail	-	1	2	0	83c6b89760	Fix move relearner from summary screen from pc	src/pokemon_summary_screen.c
20	9913	1.15.3	General	Fixed	pending	g5_general_cleanup_docs	HNS와 무관	ok	fail	-	1	4	5	82be34e925	Cleanup of Dexnav checks	src/dexnav.c
21	9912	1.15.3	General	Fixed	pending	g5_general_cleanup_docs	미적용·선행 필요	fail	fail	-	1	1	1	3425ea97f0	Fix font shadow not being cleared in safari healthbox	src/battle_interface.c
22	9915	1.15.3	General	Changed	pending	g5_general_cleanup_docs	HNS와 무관	ok	fail	-	1	0	62	79091213e0	chore: removed old changelog file	CHANGELOG.md
23	9921	1.15.3	Battle General	Fixed	pending	g1_battle_fixed_a	미적용·안전 이식 가능	ok	fail	Y	2	36	0	19c842d97d	Fix Aroma Veil not blocking Destiny Knot infatuation	src/battle_script_commands.c test/battle/ability/aroma_veil.c
24	9917	1.15.3	Battle General	Fixed	pending	g1_battle_fixed_a	미적용·안전 이식 가능	fail	fail	Y	2	16	5	7377e88396	Fix incorrect ability battle history recording	src/battle_script_commands.c src/battle_util.c
25	9925	1.15.3	Overworld	Fixed	pending	g6_overworld_refactors	미적용·안전 이식 가능	ok	fail	-	1	7	5	44b6958d8c	Prevent reflection tag palette collisions	src/field_effect_helpers.c
26	9929	1.15.3	Battle General	Fixed	pending	g1_battle_fixed_a	미적용·안전 이식 가능	ok	fail	Y	4	25	1	21e41d55dd	Correct status move miss messaging	data/battle_scripts_1.s include/battle_scripts.h src/battle_script_commands.c test/battle/status1/paralysis.c
27	9930	1.15.3	Overworld	Fixed	pending	g6_overworld_refactors	미적용·안전 이식 가능	ok	fail	-	2	76	4	ba783f681c	Fix FRLG player sprite glitch when fishing after surfing	src/event_object_movement.c test/event_object_movement.c
28	9943	1.15.3	Battle General	Fixed	pending	g1_battle_fixed_a	미적용·안전 이식 가능	ok	fail	Y	3	50	28	3fc40c8d12	Fix Air Balloon not popping when damaging moves hit a Substitute	src/battle_hold_effects.c test/battle/ability/disguise.c test/battle/hold_effect/air_balloon.c
29	9946	1.15.3	Battle General	Fixed	pending	g1_battle_fixed_a	미적용·안전 이식 가능	ok	fail	Y	2	21	1	5de54b9757	Fix Eject Pack switch when the holder is trapped	data/battle_scripts_1.s test/battle/hold_effect/eject_pack.c
31	9951	1.15.3	Battle General	Fixed	pending	g1_battle_fixed_a	미적용·안전 이식 가능	ok	fail	Y	2	58	4	9f6313b51b	Fix Fling Berry effects not being blocked by Covert Cloak and Shield Dust	src/battle_script_commands.c test/battle/move_effect/fling.c
32	9952	1.15.3	Battle General	Fixed	pending	g1_battle_fixed_a	미적용·안전 이식 가능	fail	fail	Y	2	19	1	cbeac29501	Fix Air Balloon not popping when holder faints from a damaging hit	src/battle_hold_effects.c test/battle/hold_effect/air_balloon.c
33	9945	1.15.3	Pokémon	Changed	pending	g4_ai_tests_pokemon_sprites	이미 적용	fail	fail	-	6	52	14	5a0257522b	Garchomp Mega Z Sprites	graphics/pokemon/garchomp/mega_z/back.png graphics/pokemon/garchomp/mega_z/front.png graphics/pokemon/garchomp/mega_z/normal.pal graphics/pokemon/garchomp/mega_z/shiny.pal src/data/graphics/pokemon.h src/data/pokemon/species_info/gen_4_families.h
34	9937	1.15.3	Battle General	Fixed	pending	g1_battle_fixed_a	미적용·안전 이식 가능	ok	fail	Y	3	55	0	99f230f3e5	Fix stale hit state after multihit moves miss mid-sequence	src/battle_script_commands.c test/battle/ability/iron_barbs.c test/battle/hold_effect/rocky_helmet.c
35	7360	1.15.3	Test Runner	Changed	pending	g4_ai_tests_pokemon_sprites	미적용·안전 이식 가능(게임 코드 부분만)	fail	fail	Y	5	143	33	ba6a063abf	Add EFFECTIVENESS_SE for tests	include/test/battle.h include/test_runner.h src/battle_script_commands.c test/battle/spread_moves.c test/test_runner_battle.c
37	9942	1.15.3	Battle General	Fixed	pending	g1_battle_fixed_a	미적용·안전 이식 가능	fail	fail	Y	4	154	46	1de47539af	Future Sight fixes and tests	include/constants/battle_move_resolution.h src/battle_move_resolution.c src/battle_util.c test/battle/move_effect/future_sight.c
38	9940	1.15.3	Battle General	Fixed	pending	g1_battle_fixed_a	이미 적용	fail	fail	Y	3	29	4	0b93588a25	Preserve Encore target last move after flinch	src/battle_move_resolution.c src/battle_script_commands.c test/battle/move_effect/encore.c
39	9963	1.15.3	General	Fixed	ported-A	g5_general_cleanup_docs	미적용·안전 이식 가능	-	-	-	1	3	0	9b86a8709b	Fixes double battle rematches being single battles	src/battle_setup.c
40	9954	1.15.3	Battle General	Fixed	pending	g1_battle_fixed_a	미적용·안전 이식 가능	ok	fail	Y	2	196	2	8bb8984c7e	Fix Guard Dog activating when Intimidate is blocked or cannot lower Attack	src/battle_script_commands.c test/battle/ability/guard_dog.c
41	9977	1.15.3	Test Runner	Fixed	pending	g4_ai_tests_pokemon_sprites	HNS와 무관(게임 동작 불변, 테스트용 런타임 config화)	fail	fail	Y	3	13	9	68a5890c85	Fix failing Dream Eater test when target is behind Substitute (Gen 5+)	data/battle_scripts_1.s include/constants/generational_changes.h test/battle/move_effect/dream_eater.c
42	9976	1.15.3	Battle General	Fixed	pending	g1_battle_fixed_a	미적용·안전 이식 가능	ok	fail	Y	2	21	0	2a3bf97bed	Fix Red Card activating when attacker faints	src/battle_move_resolution.c test/battle/hold_effect/red_card.c
43	9975	1.15.3	Battle General	Fixed	pending	g1_battle_fixed_a	이미 적용	fail	fail	Y	2	128	2	a62231cb6f	Fix Utility Umbrella interactions with Weather Ball in sun/rain	src/battle_util.c test/battle/move_effect/weather_ball.c
44	9991	1.15.3	Overworld	Fixed	pending	g6_overworld_refactors	HNS와 무관	ok	fail	-	4	21	7	82dc0eb576	Bug fix: On-step scripts now only happen once the FNPC out of door task is complete	include/field_control_avatar.h include/follower_npc.h src/field_control_avatar.c src/follower_npc.c
63	10000	1.15.3	Test Runner	Changed	pending	g4_ai_tests_pokemon_sprites	HNS와 무관(테스트 전용)	ok	fail	Y	1	19	1	3bf7c9f74c	Add test for Curse + Baton Pass interaction	test/battle/move_effect/curse.c
64	9973	1.15.3	General	Fixed	pending	g5_general_cleanup_docs	미적용·안전 이식 가능	ok	fail	-	1	10	8	290703355a	Fix `FillSpriteRect` wrongly triggering an assert	src/sprite.c
65	10002	1.15.3	Battle General	Fixed	pending	g1_battle_fixed_a	미적용·안전 이식 가능	ok	fail	Y	2	25	1	21c2420299	Fix Toxic Debris checking Toxic Spikes cap on the wrong side	src/battle_util.c test/battle/ability/toxic_debris.c
66	10004	1.15.3	Pokémon	Fixed	pending	g4_ai_tests_pokemon_sprites	미적용·안전 이식 가능	ok	fail	-	1	1	1	a6dea8e6aa	Fix reverse-cry off-by-one if Porygon disabled	sound/cry_tables.inc
67	9995	1.15.3	General	Fixed	pending	g5_general_cleanup_docs	HNS와 무관	fail	fail	-	1	5	2	6a26e421da	Prevent error in title screen cinematic if Kyogre/Groudon are disabled	src/intro.c
68	10006	1.15.3	Battle AI	Fixed	ported-A	g4_ai_tests_pokemon_sprites	미적용·안전 이식 가능	-	-	Y	2	54	1	5c6bcbf5be	Fix AI partner incorrectly having flags set to Battler1 instead of Battler2	src/battle_ai_main.c test/battle/ai/ai_multi.c
69	10007	1.15.3	Battle General	Fixed	pending	g1_battle_fixed_a	미적용·안전 이식 가능	ok	fail	Y	2	22	13	28645b21b0	Fix Infiltrator bypassing ally Safeguard for confusion effects	asm/macros/battle_script.inc test/battle/ability/infiltrator.c
70	10017	1.15.3	Test Runner	Changed	pending	g4_ai_tests_pokemon_sprites	HNS와 무관(테스트 전용)	ok	fail	Y	1	1	2	74347e1c40	Set higher HP in Gem Damage calculation test fixing gen5 config result	test/battle/damage_formula.c
71	9990	1.15.3	General	Changed	ported-A	g5_general_cleanup_docs	미적용·안전 이식 가능	-	-	-	24	11	11	cfb06654ef	Various Follower Sprite Fixes from issue #5135	graphics/pokemon/carracosta/overworld.png graphics/pokemon/carracosta/overworld_shiny.pal graphics/pokemon/cinccino/overworld.png graphics/pokemon/garbodor/overworld.png graphics/pokemon/gothita/overworld.png graphics/pokemon/gothitelle/overworld_shiny.pal graphics/pokemon/gothorita/overworld.png graphics/pokemon/jellicent/overworld.png graphics/pokemon/krokorok/overworld.png graphics/pokemon/maractus/overworld.png graphics/pokemon/minccino/overworld.png graphics/pokemon/scolipede/overworld.png graphics/pokemon/scrafty/overworld.png graphics/pokemon/scraggy/overworld.png graphics/pokemon/tirtouga/overworld.png graphics/pokemon/vanillish/overworld.png graphics/pokemon/vanillish/overworld_normal.pal graphics/pokemon/vanillite/overworld.png graphics/pokemon/zoroark/overworld.png graphics/pokemon/zoroark/overworld_normal.pal graphics/pokemon/zoroark/overworld_shiny.pal graphics/pokemon/zorua/overworld.png graphics/pokemon/zorua/overworld_normal.pal graphics/pokemon/zorua/overworld_shiny.pal
72	10021	1.15.3	Test Runner	Fixed	pending	g4_ai_tests_pokemon_sprites	HNS와 무관(테스트 전용)	ok	fail	Y	1	4	3	148ab2d1b5	Fix Electrify status move test expectations	test/battle/move_effect/electrify.c
73	10011	1.15.3	Battle General	Changed	pending	g3_battle_changes_moves_abilities_items	미적용·안전 이식 가능(수동 적응)	fail	fail	-	1	11	6	4a9c709d7e	Align outdated move descriptions with current mechanics	src/data/moves_info.h
74	10015	1.15.3	General	Fixed	ported-A	g5_general_cleanup_docs	미적용·안전 이식 가능	-	-	-	1	1	1	1729e440e9	Fix incorrect action handler being set after rearranging moves in Emerald tutorial battle	src/battle_controller_player.c
75	10028	1.15.3	Battle General	Fixed	pending	g1_battle_fixed_a	미적용·안전 이식 가능	ok	fail	Y	2	26	3	6cc7f6638f	Fix King’s Rock flinch chance with Serene Grace and rainbow	src/battle_hold_effects.c test/battle/hold_effect/flinch.c
76	10003	1.15.3	Battle General	Fixed	pending	g1_battle_fixed_a	미적용·안전 이식 가능	ok	fail	Y	2	94	5	0670ab8dc1	Fix incorrect Loaded Dice priority over Skill Link for Population Bomb	src/battle_move_resolution.c test/battle/move_effect/population_bomb.c
77	9999	1.15.3	Battle General	Fixed	pending	g1_battle_fixed_a	이미 적용	fail	fail	Y	8	179	4	f82129a7c3	Fix gLastMoves and where it's set	src/battle_message.c src/battle_move_resolution.c test/battle/gimmick/dynamax.c test/battle/move_effect/disable.c test/battle/move_effect/encore.c test/battle/move_effect/mimic.c test/battle/move_effect/spite.c test/battle/move_effect/torment.c
78	10035	1.15.3	Battle General	Fixed	pending	g1_battle_fixed_a	미적용·안전 이식 가능	ok	fail	-	1	1	1	c70fcd906d	Fix Strength Sap activation on miss	src/battle_move_resolution.c
79	9949	1.15.3	General	Fixed	pending	g5_general_cleanup_docs	HNS와 무관	fail	fail	-	520	568	2	fcc372d85b	mapjson assume undefined layout and maps match the compiled version	data/maps/AbandonedShip_CaptainsOffice/map.json data/maps/AbandonedShip_Corridors_1F/map.json data/maps/AbandonedShip_Corridors_B1F/map.json data/maps/AbandonedShip_Deck/map.json data/maps/AbandonedShip_HiddenFloorCorridors/map.json data/maps/AbandonedShip_HiddenFloorRooms/map.json data/maps/AbandonedShip_Room_B1F/map.json data/maps/AbandonedShip_Rooms2_1F/map.json data/maps/AbandonedShip_Rooms2_B1F/map.json data/maps/AbandonedShip_Rooms_1F/map.json data/maps/AbandonedShip_Rooms_B1F/map.json data/maps/AbandonedShip_Underwater1/map.json data/maps/AbandonedShip_Underwater2/map.json data/maps/AlteringCave/map.json data/maps/AncientTomb/map.json data/maps/AquaHideout_1F/map.json data/maps/AquaHideout_B1F/map.json data/maps/AquaHideout_B2F/map.json data/maps/AquaHideout_UnusedRubyMap1/map.json data/maps/AquaHideout_UnusedRubyMap2/map.json data/maps/AquaHideout_UnusedRubyMap3/map.json data/maps/ArtisanCave_1F/map.json data/maps/ArtisanCave_B1F/map.json data/maps/BattleColosseum_2P/map.json data/maps/BattleColosseum_4P/map.json …
80	10054	1.15.3	Documentation	-	pending	g5_general_cleanup_docs	HNS와 무관	ok	fail	-	2	153	55	74a2ef33c1	Updated expansion scope to include Champions	docs/STYLEGUIDE.md docs/team_procedures/scope.md
81	10047	1.15.3	Battle General	Fixed	pending	g1_battle_fixed_a	미적용·안전 이식 가능	ok	fail	Y	5	138	12	dd2b6e41d7	Fix Poison Puppeteer target tracking	include/battle.h src/battle_move_resolution.c src/battle_script_commands.c src/battle_util.c test/battle/ability/poison_puppeteer.c
82	10040	1.15.3	Battle General	Fixed	pending	g1_battle_fixed_a	미적용·안전 이식 가능	fail	fail	Y	6	72	8	69aa5bb05a	Fix Teraform activations timing	asm/macros/battle_script.inc data/battle_scripts_1.s include/battle_util.h src/battle_script_commands.c src/battle_util.c test/battle/ability/teraform_zero.c
83	10042	1.15.3	Battle General	Fixed	pending	g1_battle_fixed_a	미적용·안전 이식 가능	ok	fail	Y	5	245	26	d927117c80	Fix Syrup Bomb end-turn stat drop source for Defiant and Competitive	data/battle_scripts_1.s src/battle_end_turn.c test/battle/ability/competitive.c test/battle/ability/defiant.c test/battle/move_effect/octolock.c
84	10038	1.15.3	Battle General	Fixed	pending	g1_battle_fixed_a	미적용·안전 이식 가능	ok	fail	Y	2	46	3	979b1496a4	Fix Symbiosis triggering after Eject items consumed	src/battle_util.c test/battle/ability/symbiosis.c
85	10030	1.15.3	Battle General	Fixed	pending	g1_battle_fixed_a	미적용·안전 이식 가능	ok	fail	Y	2	24	5	356ad4f4f3	Fix Illusion reveal on fainting without attack damage	src/battle_util.c test/battle/ability/illusion.c
86	9974	1.15.3	Pokémon	Changed	pending	g4_ai_tests_pokemon_sprites	부분 적용	fail	fail	-	49	261	187	db7df7a37f	Updated Gen VII animations	graphics/pokemon/brionne/anim_front.png graphics/pokemon/brionne/front.png graphics/pokemon/gumshoos/anim_front.png graphics/pokemon/gumshoos/front.png graphics/pokemon/incineroar/anim_front.png graphics/pokemon/incineroar/front.png graphics/pokemon/litten/anim_front.png graphics/pokemon/litten/back.png graphics/pokemon/litten/front.png graphics/pokemon/litten/normal.pal graphics/pokemon/litten/shiny.pal graphics/pokemon/mareanie/anim_front.png graphics/pokemon/mareanie/back.png graphics/pokemon/mareanie/front.png graphics/pokemon/mareanie/normal.pal graphics/pokemon/mareanie/shiny.pal graphics/pokemon/mimikyu/anim_front.png graphics/pokemon/mimikyu/front.png graphics/pokemon/minior/anim_front.png graphics/pokemon/minior/back.png graphics/pokemon/minior/core/anim_front.png graphics/pokemon/minior/core/back.png graphics/pokemon/minior/core/blue/normal.pal graphics/pokemon/minior/core/front.png graphics/pokemon/minior/core/green/normal.pal …
87	10029	1.15.3	Battle General	Fixed	pending	g1_battle_fixed_a	미적용·안전 이식 가능	ok	fail	Y	2	66	2	75b648cfdf	Fix end-turn form changes for fainted battlers	src/battle_end_turn.c test/battle/ability/power_construct.c
88	10016	1.15.3	Battle General	Changed	pending	g3_battle_changes_moves_abilities_items	미적용·안전 이식 가능	ok	fail	-	1	0	1	5d8a69544c	Align wind move flags with current mechanics	src/data/moves_info.h
89	10067	1.15.3	Documentation	-	pending	g5_general_cleanup_docs	HNS와 무관	ok	fail	-	1	1	1	da55761d03	updated DNS tutorial to be more clear	docs/tutorials/dns.md
95	10071	1.15.3	Pokémon	Changed	pending	g4_ai_tests_pokemon_sprites	미적용·안전 이식 가능	ok	fail	-	1	46	13	7ded6d12ae	BoxPokemon: Less error-prone "static asserts"	src/pokemon.c
96	10078	1.15.3	General	Changed	pending	g5_general_cleanup_docs	HNS와 무관	ok	fail	-	1	1	1	eabb5aafda	chore(credits): change kildemal to miriam in credits	CREDITS.md
98	9207	1.16.0	General	Changed	pending	g5_general_cleanup_docs	미적용·안전 이식 가능	ok	fail	-	1	24	24	40d07454af	Remove unnecessary EWRAM allocation for cable car animation	src/cable_car.c
100	9360	1.16.0	Battle AI	Added	pending	g4_ai_tests_pokemon_sprites	미적용·안전 이식 가능	ok	fail	Y	2	50	8	ed3078e0a9	AI considers Defense‑boosting moves before using Body Press	src/battle_ai_util.c test/battle/ai/ai_check_viability.c
101	9359	1.16.0	Battle AI	Added	pending	g4_ai_tests_pokemon_sprites	이미 적용(후속 형태)	fail	fail	Y	4	114	7	b2cfcfdcc4	AI uses Beat Up on allies to power up Rage Fist in doubles	include/battle_ai_util.h src/battle_ai_main.c src/battle_ai_util.c test/battle/ai/ai_doubles.c
102	9358	1.16.0	Battle AI	Added	pending	g4_ai_tests_pokemon_sprites	미적용·안전 이식 가능	ok	fail	Y	6	64	12	3278f4b1d4	AI avoids bad moves when a faster foe is predicted to go semi-invulnerable	include/battle_util.h src/battle_ai_main.c src/battle_ai_util.c src/battle_move_resolution.c src/battle_util.c test/battle/ai/check_bad_move.c
103	9349	1.16.0	Battle AI	Added	pending	g4_ai_tests_pokemon_sprites	미적용·안전 이식 가능	ok	fail	Y	5	45	17	b7ebb3af49	Improve Rest sleep AI logic with cleanup and tests	include/battle_ai_util.h src/battle_ai_main.c src/battle_ai_util.c test/battle/ai/ai_check_viability.c test/battle/ai/can_use_all_moves.c
104	9116	1.16.0	Battle AI	Changed	pending	g4_ai_tests_pokemon_sprites	미적용·수동 적응 가능(순수 리팩터, 우선순위 낮음)	fail	fail	Y	24	148	146	9b3157ab1f	Adds bridge between battle engine and ai calcs	include/battle_ai_main.h include/battle_ai_record.h include/battle_ai_util.h include/battle_util.h src/battle_ai_main.c src/battle_ai_record.c src/battle_ai_util.c src/battle_controller_link_opponent.c src/battle_controller_link_partner.c src/battle_controller_opponent.c src/battle_controller_player_partner.c src/battle_controller_recorded_opponent.c src/battle_controller_recorded_partner.c src/battle_controller_recorded_player.c src/battle_controllers.c src/battle_debug.c src/battle_end_turn.c src/battle_hold_effects.c src/battle_main.c src/battle_message.c src/battle_move_resolution.c src/battle_script_commands.c src/battle_util.c src/battle_z_move.c
105	9063	1.16.0	Moves	Changed	pending	g3_battle_changes_moves_abilities_items	미적용·안전 이식 가능	ok	fail	-	1	6	2	22e55ce62b	Made moves' animation's AbsorbEffects more consistent	data/battle_anim_scripts.s
108	9176	1.16.0	REFACTORS	-	pending	g6_overworld_refactors	미적용·수동 적응 가능	fail	fail	Y	13	113	96	563f5fef7c	Fling Refactor	asm/macros/battle_script.inc data/battle_scripts_1.s include/battle.h include/battle_scripts.h include/battle_util.h include/constants/battle.h include/constants/battle_script_commands.h src/battle_ai_main.c src/battle_move_resolution.c src/battle_script_commands.c src/battle_util.c src/data/moves_info.h test/battle/move_effect/fling.c
109	8816	1.16.0	General	Changed	pending	g5_general_cleanup_docs	HNS와 무관	fail	fail	-	1	173	209	5f36a55bf4	Cleaned up Match Call	src/pokenav_match_call_data.c
110	9415	1.16.0	General	Changed	pending	g5_general_cleanup_docs	HNS와 무관	ok	fail	-	2	164	0	21be66b174	Add Instructions on how to build FRLG by default	docs/tutorials/how_to_frlg.md migration_scripts/add_region_hoenn_attribute_to_hoenn_maps.py
111	9231	1.16.0	General	Changed	pending	g5_general_cleanup_docs	미적용·안전 이식 가능	fail	fail	-	3	68	93	65e2f409d2	Random EWRAM and IWRAM savings	src/link_rfu_2.c src/save.c src/tv.c
112	9173	1.16.0	Pokémon	Changed	pending	g4_ai_tests_pokemon_sprites	미적용·안전 이식 가능	fail	fail	-	4	30	34	35a2ee34bb	Separate Perfect IV Logic Into New Function	docs/tutorials/mon_generation.md include/pokemon.h src/dexnav.c src/pokemon.c
113	9066	1.16.0	General	Changed	pending	g5_general_cleanup_docs	HNS와 무관	fail	fail	-	3	758	752	5e3e3b1a28	Typeless enums for OBJ_EVENT_GFX, Multichoice Ids, and Facility Classes	include/constants/event_objects.h include/constants/script_menu.h include/constants/trainers.h
114	9121	1.16.0	Battle General	Changed	pending	g3_battle_changes_moves_abilities_items	미적용·안전 이식 가능	ok	fail	-	1	4	6	fc9427b1bf	Reduce heap usage in battle	src/battle_gfx_sfx_util.c
115	9086	1.16.0	General	Changed	pending	g5_general_cleanup_docs	미적용·안전 이식 가능	ok	fail	-	9	185	77	44e9991e8b	preproc: (shared) COMPOUND_STRING	include/global.h include/metaprogram.h include/test/battle.h ld_script_modern.ld ld_script_test.ld src/contest.c src/contest_painting.c tools/preproc/c_file.cpp tools/preproc/c_file.h
116	9420	1.16.0	General	Changed	pending	g5_general_cleanup_docs	미적용·안전 이식 가능	fail	fail	-	4	0	5	eb1f68323d	Removes unused files	src/battle_partner.c src/data.c src/data/partner_parties.h src/data/trainer_parties.h
117	9410	1.16.0	General	Changed	pending	g5_general_cleanup_docs	HNS와 무관	fail	fail	Y	4	12	19	b3114ae9d3	pr adding telekinesis ban list to species data	include/pokemon.h src/battle_script_commands.c src/data/pokemon/species_info/gen_1_families.h src/data/pokemon/species_info/gen_7_families.h
118	9388	1.16.0	Battle General	Changed	pending	g3_battle_changes_moves_abilities_items	미적용·안전 이식 가능	ok	fail	-	1	1	1	d20d14a15d	update poparraywithBattlers Arg to prevent warning	src/battle_main.c
119	9107	1.16.0	Battle AI	Changed	pending	g4_ai_tests_pokemon_sprites	미적용·안전 이식 가능	ok	fail	Y	2	52	0	1f81dd27ef	AI scores Order Up stat boosts under Commander	src/battle_ai_main.c test/battle/ai/ai_check_viability.c
120	9407	1.16.0	Overworld	Fixed	pending	g6_overworld_refactors	미적용·안전 이식 가능(묶음)	ok	fail	-	1	89	121	8f123fb8b7	Fade background and sprites simulatneously	src/palette.c
121	9417	1.16.0	Battle General	Changed	pending	g3_battle_changes_moves_abilities_items	미적용·안전 이식 가능(수동 적응)	fail	fail	Y	5	73	75	138a8f90c6	Minor dancer clean up/consolidation	include/battle.h include/battle_util.h src/battle_move_resolution.c src/battle_script_commands.c src/battle_util.c
122	9446	1.16.0	REFACTORS	-	pending	g6_overworld_refactors	미적용·선행 필요	fail	fail	Y	11	183	180	0c20d91508	Refactor synchronize and cure berry timing	asm/macros/battle_script.inc data/battle_scripts_1.s include/battle.h include/battle_move_resolution.h include/battle_util.h include/constants/battle_move_resolution.h include/constants/battle_script_commands.h src/battle_move_resolution.c src/battle_script_commands.c src/battle_util.c test/battle/ability/synchronize.c
123	9463	1.16.0	General	Fixed	pending	g5_general_cleanup_docs	미적용·선행 필요	fail	fail	-	2	5	2	80933058c2	Use PRIu64 to print appropriate variable length in preproc	tools/preproc/c_file.cpp tools/preproc/c_file.h
124	8664	1.16.0	Battle AI	Added	pending	g4_ai_tests_pokemon_sprites	미적용·수동 적응 가능	fail	fail	Y	4	265	7	62b91cf57d	Smarter Doubles Fake Out AI + EFFECT_FIRST_TURN_ONLY tests	include/config/ai.h include/random.h src/battle_ai_main.c test/battle/move_effect/first_turn_only.c
125	9142	1.16.0	Moves	Changed	pending	g3_battle_changes_moves_abilities_items	미적용·안전 이식 가능	ok	fail	-	2	259	463	6d1fec9df3	Create functions for repeated move animations	asm/macros/battle_anim_script.inc data/battle_anim_scripts.s
126	9474	1.16.0	Moves	Fixed	pending	g3_battle_changes_moves_abilities_items	HNS와 무관	ok	fail	-	1	2	2	4ce8738dae	Fix Substitute breaking when used by opponentRight in double battles	src/battle_gfx_sfx_util.c
127	9451	1.16.0	Battle AI	Added	pending	g4_ai_tests_pokemon_sprites	미적용·수동 적응 가능	fail	fail	Y	6	88	48	f32f3a8415	Allow both AI opponents in doubles to switch out on the same turn	include/battle_ai_util.h src/battle_ai_main.c src/battle_ai_switch.c src/battle_ai_util.c test/battle/ai/ai_choice.c test/battle/ai/ai_switching.c
128	9473	1.16.0	Moves	Changed	pending	g3_battle_changes_moves_abilities_items	미적용·안전 이식 가능	ok	fail	Y	3	13	8	913aaae7e7	Move animation call depth increase	data/battle_anim_scripts.s include/battle_anim.h src/battle_anim.c
129	9467	1.16.0	General	Changed	pending	g5_general_cleanup_docs	미적용·안전 이식 가능	ok	fail	-	2	4	2	a338550479	Change `TrainersMon`'s ball from `u8` to `enum PokeBall`	include/data.h src/battle_partner.c
130	9249	1.16.0	REFACTORS	-	pending	g2_battle_fixed_b	-	fail	fail	Y	21	331	367	c114dfbc84	Refactor Sky Drop and rampage confusion	asm/macros/battle_script.inc data/battle_scripts_1.s include/battle.h include/battle_main.h include/battle_scripts.h include/battle_util.h include/config/battle.h include/constants/battle.h include/constants/battle_move_resolution.h include/constants/battle_script_commands.h include/constants/generational_changes.h src/battle_ai_items.c src/battle_ai_util.c src/battle_anim_effects_1.c src/battle_end_turn.c src/battle_main.c src/battle_move_resolution.c src/battle_script_commands.c src/battle_util.c test/battle/move_effect/sky_drop.c test/battle/move_effect_secondary/thrash.c
131	9051	1.16.0	General	Changed	pending	g5_general_cleanup_docs	-	fail	fail	-	3	221	276	a1e46272cf	Converted script_menu.h strings to COMPOUND_STRINGs	include/strings.h src/data/script_menu.h src/strings.c
132	9505	1.16.0	General	Fixed	pending	g5_general_cleanup_docs	미적용·안전 이식 가능	ok	fail	Y	1	1	1	e5ebd6be22	fix: battle message assert no longer calls for gText_Blank	src/battle_message.c
133	8497	1.16.0	REFACTORS	-	pending	g6_overworld_refactors	-	fail	fail	Y	27	1026	2444	947874ae49	📜 Remove loadspritegfx	asm/macros/battle_anim_script.inc data/battle_anim_scripts.s include/battle_anim.h include/constants/battle_anim.h include/global.h migration_scripts/1.16/remove_loadspritegfx.py src/battle_anim.c src/battle_anim_effects_1.c src/battle_anim_effects_2.c src/battle_anim_effects_3.c src/battle_anim_electric.c src/battle_anim_fight.c src/battle_anim_fire.c src/battle_anim_flying.c src/battle_anim_ghost.c src/battle_anim_ice.c src/battle_anim_mons.c src/battle_anim_new.c src/battle_anim_normal.c src/battle_anim_psychic.c src/battle_anim_rock.c src/battle_anim_status_effects.c src/battle_anim_utility_funcs.c src/battle_anim_water.c src/battle_script_commands.c …
134	9376	1.16.0	General	Changed	pending	g5_general_cleanup_docs	HNS와 무관	fail	fail	Y	22	63	62	f2c4aa4b99	Clean up boolean comparisons	include/librfu.h src/battle_controller_player.c src/battle_main.c src/battle_script_commands.c src/battle_tower.c src/battle_util.c src/dodrio_berry_picking.c src/follower_npc.c src/librfu_intr.c src/librfu_stwi.c src/link.c src/link_rfu_2.c src/menu_helpers.c src/mystery_event_menu.c src/mystery_gift_menu.c src/party_menu.c src/pokemon.c src/sound.c src/text.c src/trainer_card.c src/union_room.c test/battle/hold_effect/berserk_gene.c
135	9466	1.16.0	General	Changed	pending	g5_general_cleanup_docs	HNS와 무관	fail	fail	Y	55	171	160	56ee6f0f19	Fix enum usage	src/battle_ai_main.c src/battle_ai_util.c src/battle_dome.c src/battle_hold_effects.c src/battle_main.c src/battle_move_resolution.c src/battle_script_commands.c src/battle_util.c src/daycare.c src/evolution_scene.c src/item.c src/item_use.c src/mail_data.c src/party_menu.c src/pokemon.c src/trainer_pools.c test/battle/ability/adaptability.c test/battle/ability/beads_of_ruin.c test/battle/ability/beast_boost.c test/battle/ability/clear_body.c test/battle/ability/cloud_nine.c test/battle/ability/competitive.c test/battle/ability/desolate_land.c test/battle/ability/flower_gift.c test/battle/ability/forecast.c …
136	9510	1.16.0	REFACTORS	-	pending	g6_overworld_refactors	미적용·수동 적응 가능	fail	fail	Y	4	42	43	60eeba987f	Minor IsBattlerWeatherAffected refactor	include/battle_util.h src/battle_move_resolution.c src/battle_script_commands.c src/battle_util.c
137	9135	1.16.0	Pokémon	Changed	pending	g4_ai_tests_pokemon_sprites	미적용·안전 이식 가능	fail	fail	-	6	24	7	f851f3b8bf	Allow other species to have Shedinja HP handling	include/config/pokemon.h include/pokemon.h src/battle_dome.c src/battle_dynamax.c src/party_menu.c src/pokemon.c
138	9460	1.16.0	Battle AI	Added	pending	g4_ai_tests_pokemon_sprites	미적용·수동 적응 가능(인프라)	fail	fail	-	3	22	11	62c4ac5f5a	Add AI internal config support	include/constants/generational_changes.h include/generational_changes.h src/generational_changes.c
139	9514	1.16.0	Battle General	Changed	pending	g3_battle_changes_moves_abilities_items	충돌	fail	fail	Y	13	358	318	3bbcc63258	SetMoveEffect cleanup	data/battle_scripts_1.s include/battle_scripts.h include/constants/battle_string_ids.h src/battle_message.c src/battle_move_resolution.c src/battle_script_commands.c src/data/moves_info.h test/battle/gimmick/dynamax.c test/battle/move_effect/heal_bell.c test/battle/move_effect_secondary/aromatherapy.c test/battle/move_effect_secondary/light_screen.c test/battle/move_effect_secondary/reflect.c test/battle/sleep_clause.c
140	9539	1.16.0	General	Changed	pending	g5_general_cleanup_docs	미적용·안전 이식 가능	ok	fail	-	1	6	6	439b38b990	Some bool cleanup	src/easy_chat.c
141	9507	1.16.0	Pokémon	Changed	pending	g4_ai_tests_pokemon_sprites	미적용·수동 적응 가능(대규모, 표본 확인)	fail	fail	Y	148	2705	2679	b4c311a308	Add Species enum	include/apprentice.h include/battle.h include/battle_ai_util.h include/battle_anim.h include/battle_controllers.h include/battle_gfx_sfx_util.h include/battle_main.h include/battle_util.h include/battle_z_move.h include/constants/species.h include/contest.h include/data.h include/daycare.h include/decompress.h include/dexnav.h include/event_object_movement.h include/evolution_graphics.h include/evolution_scene.h include/field_effect.h include/field_specials.h include/frontier_util.h include/global.h include/global.tv.h include/international_string_util.h include/link_rfu.h …
142	9429	1.16.0	Battle General	Added	pending	g3_battle_changes_moves_abilities_items	미적용·안전 이식 가능	fail	fail	Y	6	160	18	72d635fc96	Add Gen 2-3 and Gen 4 Encore timers	include/config/battle.h include/constants/generational_changes.h include/random.h src/battle_script_commands.c src/data/moves_info.h test/battle/move_effect/encore.c
143	9558	1.16.0	Pokémon	Changed	pending	g4_ai_tests_pokemon_sprites	미적용·수동 적응 가능	fail	fail	-	1	5	1	34cf7172bc	feat: Add some constants nudging users where to put their custom species	include/constants/species.h
144	9549	1.16.0	Overworld	Fixed	pending	g6_overworld_refactors	HNS와 무관	fail	fail	-	1	1	1	eebd085c24	Fix blend-immune sprite not fading properly	src/palette.c
145	9542	1.16.0	General	Changed	pending	g5_general_cleanup_docs	미적용·안전 이식 가능	fail	fail	-	4	6	6	7084eabd49	Replace MAX_GIFT_RIBBONS with NUM_GIFT_RIBBONS	include/constants/global.h include/global.h src/pokemon_size_record.c src/trade.c
146	9525	1.16.0	Battle General	Changed	pending	g3_battle_changes_moves_abilities_items	미적용·안전 이식 가능(수동 적응)	fail	fail	-	4	29	1	0f3c8d5bfe	Fill out missing type info	graphics/items/icon_palettes/mystery_tm_hm.pal include/graphics.h src/data/graphics/items.h src/data/types_info.h
147	9562	1.16.0	General	Changed	pending	g5_general_cleanup_docs	미적용·안전 이식 가능	fail	fail	Y	5	14	35	03d82af1c6	Remove PARTNER_DUMMY need by adding additional difficulty when TESTING	include/constants/battle_partner.h include/constants/difficulty.h src/data/battle_partners.party test/battle/partner_control.party test/battle/trainer_control.c
148	9564	1.16.0	Moves	Fixed	pending	g3_battle_changes_moves_abilities_items	HNS와 무관	fail	fail	-	1	2	2	070f31e384	Fixed Stuff Cheeks animation	data/battle_anim_scripts.s
149	9124	1.16.0	Battle AI	Added	pending	g4_ai_tests_pokemon_sprites	미적용·수동 적응 가능(대형)	fail	fail	Y	6	368	88	2c965d02b6	Switch AI sees stat, volatile, status, and HP changes on switchin in calcs	include/battle_ai_util.h include/battle_util.h src/battle_ai_switch.c src/battle_ai_util.c src/battle_util.c test/battle/ai/ai_switching.c
150	9548	1.16.0	Battle AI	Added	pending	g4_ai_tests_pokemon_sprites	미적용·수동 적응 가능(1.17.0 최종형 권장)	fail	fail	Y	4	147	6	f6a838e1d8	Adds ai calcs for Bolt Beak, Payback and Analytic	include/battle_util.h src/battle_ai_util.c src/battle_util.c test/battle/ai/ai.c
151	9529	1.16.0	General	Changed	pending	g2_battle_fixed_b	config를 추가하는 PR 전부(#10350, #10298, #1044	fail	fail	Y	13	26	29	137670bed2	`GenConfig` naming cleanup	data/battle_scripts_1.s include/battle.h include/constants/{generational_changes.h => config_changes.h} include/move.h include/test/battle.h include/{generational_changes.h => config_changes.h} src/battle_script_commands.c src/battle_switch_in.c src/battle_util.c src/pokerus.c src/{generational_changes.c => config_changes.c} test/pokerus.c test/test_runner.c
152	9570	1.16.0	General	Changed	pending	g5_general_cleanup_docs	이미 적용	fail	ok	-	1	3	3	ddc169b8fe	fix(pokedex_plus_hgss): revert incorrect usage of species enum	src/pokedex_plus_hgss.c
153	9172	1.16.0	Moves	Changed	pending	g3_battle_changes_moves_abilities_items	미적용·선행 필요	fail	fail	-	1	4399	4399	48bf615a67	Converts move animation hex numbers to decimal	data/battle_anim_scripts.s
154	9568	1.16.0	Battle AI	Added	pending	g4_ai_tests_pokemon_sprites	미적용·선행 필요	fail	fail	Y	10	151	35	d12a6a46e5	Add AI contextual damage roll configs	include/battle.h include/battle_ai_util.h include/config/ai.h include/constants/config_changes.h include/random.h src/battle_ai_main.c src/battle_ai_switch.c src/battle_ai_util.c test/battle/ai/ai.c test/battle/ai/ai_doubles.c
155	9551	1.16.0	Battle AI	Added	pending	g4_ai_tests_pokemon_sprites	미적용·수동 적응 가능	fail	fail	Y	7	222	11	a354d21142	Add Intimidate cycling logic for ai switching	include/battle_ai_switch.h include/battle_ai_util.h include/config/ai.h include/random.h src/battle_ai_switch.c src/battle_ai_util.c test/battle/ai/ai_switching.c
156	9579	1.16.0	General	Fixed	pending	g5_general_cleanup_docs	HNS와 무관	fail	fail	-	1	2	0	e563c57a27	Fix upcoming compile	src/battle_ai_switch.c
157	8213	1.16.0	General	Changed	pending	g5_general_cleanup_docs	미적용·안전 이식 가능	fail	fail	-	2	0	3	264d99215b	Remove leftover DebugPrintfs	src/fishing.c src/sprite.c
158	7305	1.16.0	REFACTORS	-	pending	g6_overworld_refactors	-	fail	fail	Y	42	2956	2308	47cac73a61	gBerries refactor + untangling berry indices from item IDs	asm/macros/event.inc data/maps/LilycoveCity/scripts.inc data/maps/Route104_PrettyPetalFlowerShop/scripts.inc data/maps/Route114/scripts.inc data/maps/Route123_BerryMastersHouse/scripts.inc data/maps/SootopolisCity/scripts.inc data/scripts/new_game.inc include/battle_util.h include/berry.h include/constants/berries.h include/constants/items.h include/event_object_movement.h include/global.berry.h include/item.h include/metaprogram.h include/random.h src/battle_hold_effects.c src/battle_main.c src/battle_pyramid_bag.c src/battle_script_commands.c src/battle_util.c src/berry.c src/berry_blender.c src/berry_crush.c src/berry_tag_screen.c …
159	9608	1.16.0	General	Fixed	ported-A	g5_general_cleanup_docs	미적용·안전 이식 가능	-	-	Y	4	4	12	2f56d57f31	Removes DecompressTrainerBackPic fixing multibattles with 5-frame partner back sprites	include/battle_gfx_sfx_util.h src/battle_controllers.c src/battle_gfx_sfx_util.c src/reshow_battle_screen.c
160	9537	1.16.0	General	Changed	pending	g5_general_cleanup_docs	HNS와 무관	fail	fail	-	35	180	180	7da42d1a95	Fix Kanto object event graphic names	data/maps/CeladonCity_Condominiums_3F_Frlg/map.json data/maps/CeladonCity_Condominiums_RoofRoom_Frlg/map.json data/maps/CinnabarIsland_Gym_Frlg/map.json data/maps/CinnabarIsland_PokemonLab_ResearchRoom_Frlg/map.json data/maps/IndigoPlateau_PokemonCenter_1F_Frlg/map.json data/maps/MtEmber_Exterior_Frlg/map.json data/maps/OneIsland_KindleRoad_EmberSpa_Frlg/map.json data/maps/OneIsland_KindleRoad_Frlg/map.json data/maps/OneIsland_PokemonCenter_1F_Frlg/map.json data/maps/PokemonMansion_2F_Frlg/map.json data/maps/PokemonMansion_3F_Frlg/map.json data/maps/PokemonMansion_B1F_Frlg/map.json data/maps/RockTunnel_1F_Frlg/map.json data/maps/RockTunnel_B1F_Frlg/map.json data/maps/Route10_Frlg/map.json data/maps/Route15_Frlg/map.json data/maps/Route4_Frlg/map.json data/maps/SaffronCity_Dojo_Frlg/map.json data/maps/SaffronCity_Frlg/map.json data/maps/SaffronCity_PokemonTrainerFanClub_Frlg/map.json data/maps/SevenIsland_SevaultCanyon_Frlg/map.json data/maps/SixIsland_RuinValley_Frlg/map.json data/maps/TwoIsland_Frlg/map.json data/maps/VictoryRoad_2F_Frlg/map.json data/maps/ViridianCity_Gym_Frlg/map.json …
161	9241	1.16.0	General	Changed	pending	g5_general_cleanup_docs	HNS와 무관	fail	fail	Y	5	91	143	7b0b0b6fdd	Consolidated Battle Tower classes and object events	include/battle_tower.h src/apprentice.c src/battle_special.c src/battle_tower.c src/frontier_util.c
162	9595	1.16.0	Moves	Fixed	pending	g3_battle_changes_moves_abilities_items	HNS와 무관	fail	ok	-	1	0	9	c1e0532fe2	Fix move anim pal blending being discarded	src/battle_anim.c
163	9511	1.16.0	Moves	Fixed	pending	g3_battle_changes_moves_abilities_items	HNS와 무관	fail	fail	-	1	13	9	105c69c575	Fix move anim migration script	migration_scripts/1.16/remove_loadspritegfx.py
164	9610	1.16.0	REFACTORS	-	pending	g6_overworld_refactors	미적용·선행 필요	fail	fail	Y	11	186	40	e16cc7a1f2	Makes Poltergeist and Fling messages into a pre attack effect	asm/macros/battle_script.inc data/battle_scripts_1.s include/battle_scripts.h include/constants/battle.h src/battle_message.c src/battle_move_resolution.c src/battle_script_commands.c src/data/battle_move_effects.h src/data/moves_info.h test/battle/move_effect/fling.c test/battle/move_effect/poltergeist.c
165	9269	1.16.0	REFACTORS	-	pending	g6_overworld_refactors	**이미 적용**	fail	fail	Y	8	57	49	d32845cbee	Rework special trainer IDs	include/constants/trainers.h include/data.h src/battle_ai_main.c src/battle_main.c src/battle_message.c src/battle_partner.c src/pokemon.c src/trainer_slide.c
166	9587	1.16.0	Battle AI	Changed	pending	g4_ai_tests_pokemon_sprites	미적용·안전 이식 가능	ok	fail	-	1	2	2	5774efaea1	Use precalculated speedStats for AI speed comparison	src/battle_ai_util.c
167	9596	1.16.0	Battle AI	Fixed	pending	g4_ai_tests_pokemon_sprites	HNS와 무관(#9548 도입분의 성능 회귀 수정)	fail	fail	Y	5	47	54	b9a1dcfbde	Fix frame counter in multi battles	include/battle.h include/battle_util.h src/battle_ai_main.c src/battle_ai_util.c src/battle_util.c
168	9532	1.16.0	Battle General	Fixed	pending	g1_battle_fixed_a	미적용·선행 필요	fail	fail	Y	9	230	93	124009500d	Bide Refactor	asm/macros/battle_script.inc data/battle_scripts_1.s include/battle_scripts.h include/constants/battle_script_commands.h src/battle_move_resolution.c src/battle_script_commands.c src/battle_util.c src/data/battle_move_effects.h test/battle/move_effect/bide.c
169	9494	1.16.0	REFACTORS	-	pending	g2_battle_fixed_b	-	fail	fail	Y	23	336	145	bede100c3e	Adds queued switches for Move End switches	data/battle_scripts_1.s include/battle.h include/battle_hold_effects.h include/battle_scripts.h include/constants/battle.h include/constants/battle_move_resolution.h src/battle_ai_switch.c src/battle_anim_mons.c src/battle_end_turn.c src/battle_hold_effects.c src/battle_main.c src/battle_move_resolution.c src/battle_script_commands.c src/battle_switch_in.c src/battle_util.c src/data/hold_effects.h src/reshow_battle_screen.c test/battle/ability/emergency_exit.c test/battle/ability/magician.c test/battle/form_change/battle_after_move.c test/battle/hold_effect/eject_button.c test/battle/hold_effect/red_card.c test/battle/move_effect/hit_escape.c
170	9557	1.16.0	Overworld	Added	pending	g6_overworld_refactors	HNS와 무관	fail	fail	-	47	813	146	74e4e2efe2	Improved FRLG Map Previews	asm/macros/event.inc docs/SUMMARY.md docs/tutorials/how_to_map_preview_screen.md docs/tutorials/img/map_preview_screen/HGSS_Ruins_of_Alph-Day.png docs/tutorials/img/map_preview_screen/TS_image_to_tiles.png docs/tutorials/img/map_preview_screen/TS_palettes_15.png docs/tutorials/img/map_preview_screen/TS_palettes_16.png docs/tutorials/img/map_preview_screen/TS_palettes_fade_in.png docs/tutorials/img/map_preview_screen/TS_palettes_initial.png docs/tutorials/img/map_preview_screen/TS_tiles.png docs/tutorials/img/map_preview_screen/alph_map_preview_image.png docs/tutorials/img/map_preview_screen/aseprite_15_palettes.png docs/tutorials/img/map_preview_screen/aseprite_16_palettes.png docs/tutorials/img/map_preview_screen/aseprite_2_palettes.png docs/tutorials/img/map_preview_screen/aseprite_3_palettes.png docs/tutorials/img/map_preview_screen/aseprite_complete_pal_fade.png docs/tutorials/img/map_preview_screen/aseprite_index_example.png docs/tutorials/img/map_preview_screen/gale_15_palettes.png docs/tutorials/img/map_preview_screen/gale_16_palettes.png docs/tutorials/img/map_preview_screen/gale_2_palettes.png docs/tutorials/img/map_preview_screen/gale_3_palettes.png docs/tutorials/img/map_preview_screen/gale_8bpp.png docs/tutorials/img/map_preview_screen/gale_color_depth.png docs/tutorials/img/map_preview_screen/gale_complete_pal_fade.png docs/tutorials/img/map_preview_screen/image_to_tiles_window.png …
171	9578	1.16.0	General	Changed	pending	g5_general_cleanup_docs	-	fail	fail	Y	5	1	12	f13b73ee6d	identified deprecated values	data/battle_scripts_1.s include/battle_scripts.h include/constants/battle_string_ids.h src/battle_message.c test/text.c
172	9630	1.16.0	Battle AI	Changed	pending	g4_ai_tests_pokemon_sprites	미적용·선행 필요(일부)	fail	fail	-	1	3	3	c107917e6c	Damage roll speed wizardry	src/battle_ai_util.c
173	9634	1.16.0	General	Changed	pending	g5_general_cleanup_docs	미적용·안전 이식 가능	fail	fail	Y	3	8	10	fb8819b572	Removed STRINGID_PKMNISGLOWING	include/constants/battle_string_ids.h src/battle_message.c src/data/moves_info.h
191	9657	1.16.0	Battle General	Changed	pending	g2_battle_fixed_b	-	fail	fail	Y	14	640	610	1f45edb04c	BattleCalcValues usage and rename BattleContext back to DamageContext	include/battle.h include/battle_ai_util.h include/battle_terastal.h include/battle_util.h include/constants/battle_move_resolution.h src/battle_ai_main.c src/battle_ai_switch.c src/battle_ai_util.c src/battle_controller_player.c src/battle_move_resolution.c src/battle_script_commands.c src/battle_terastal.c src/battle_tv.c src/battle_util.c
192	9594	1.16.0	Pokémon	Added	pending	g4_ai_tests_pokemon_sprites	미적용·수동 적응 가능	fail	fail	-	7	367	121	bb1961348a	refactor(graphics): make spinda spots generic	docs/SUMMARY.md docs/tutorials/how_to_spots.md include/pokemon.h include/pokemon_spots.h src/decompress.c src/pokemon.c src/pokemon_spots.c
193	9425	1.16.0	Overworld	Added	pending	g6_overworld_refactors	-	fail	fail	-	11	305	2	02943cb4fc	feat (shopMenu): conditional item appearances	asm/macros/event.inc data/event_scripts.s data/{text => scripts}/mart_clerk.inc docs/SUMMARY.md docs/tutorials/how_to_dynamic_shop.md docs/tutorials/img/dynamic_shop/showcase.gif include/item.h include/shop_criteria.h src/item.c src/shop.c src/shop_criteria.c
194	9624	1.16.0	General	Changed	pending	g5_general_cleanup_docs	HNS와 무관	fail	fail	-	6	787	989	1dbf630ad0	📜 Consolidate decoration values	include/decoration.h migration_scripts/1.16/consolidate_decorations.py src/data/decoration/description.h src/data/decoration/header.h src/data/decoration/icon.h src/decoration.c
195	9667	1.16.0	General	Changed	pending	g5_general_cleanup_docs	미적용·선행 필요	fail	fail	-	1	161	150	49590a0709	Convert move description variables into COMPOUND_STRINGs	src/data/moves_info.h
202	9616	1.16.0	Battle General	Added	pending	g3_battle_changes_moves_abilities_items	미적용·안전 이식 가능(수동 적응)	fail	fail	Y	15	163	32	fdea5d56ee	Gen 5+ Uproar with config	asm/macros/battle_script.inc data/battle_scripts_1.s include/config/battle.h include/constants/battle_move_effects.h include/constants/config_changes.h src/battle_end_turn.c src/battle_message.c src/battle_move_resolution.c src/battle_script_commands.c src/battle_tv.c src/data/battle_move_effects.h src/data/moves_info.h test/battle/move_effect/uproar.c test/battle/move_effect_secondary/throat_chop.c test/battle/sleep_clause.c
203	9668	1.16.0	General	Fixed	pending	g5_general_cleanup_docs	HNS와 무관	ok	fail	-	1	3	3	ca828643b7	Fix spritesheet_rules.mk for renamed FRLG objects	spritesheet_rules.mk
204	9655	1.16.0	REFACTORS	-	pending	g6_overworld_refactors	**충돌** (일부 선반영)	fail	fail	Y	149	2066	986	32fcd64868	Refactor Battle Messages	data/battle_scripts_1.s data/battle_scripts_2.s include/battle_scripts.h include/constants/battle_script_commands.h include/constants/battle_string_ids.h src/battle_end_turn.c src/battle_hold_effects.c src/battle_message.c src/battle_script_commands.c src/battle_util.c src/pokemon.c test/battle/ability/anger_point.c test/battle/ability/big_pecks.c test/battle/ability/bulletproof.c test/battle/ability/clear_body.c test/battle/ability/color_change.c test/battle/ability/commander.c test/battle/ability/competitive.c test/battle/ability/contrary.c test/battle/ability/costar.c test/battle/ability/cursed_body.c test/battle/ability/cute_charm.c test/battle/ability/dancer.c test/battle/ability/dauntless_shield.c test/battle/ability/defiant.c …
205	9475	1.16.0	REFACTORS	-	pending	g6_overworld_refactors	**충돌**	fail	fail	Y	37	1242	648	becfa70a97	Refactor/trainer pic info	graphics/trainers/back_pics/none.png graphics/trainers/front_pics/none.png graphics/trainers/palettes/none.pal include/battle_gfx_sfx_util.h include/constants/trainers.h include/data.h include/decompress.h include/field_effect.h include/trainer.h migration_scripts/1.13/convert_trainers.py migration_scripts/1.9/convert_partner_parties.py migration_scripts/1.9/convert_trainer_parties.py src/battle_controller_link_partner.c src/battle_controller_oak_old_man.c src/battle_controller_opponent.c src/battle_controller_player.c src/battle_controller_player_partner.c src/battle_controller_recorded_opponent.c src/battle_controller_recorded_partner.c src/battle_controller_recorded_player.c src/battle_controller_safari.c src/battle_controller_wally.c src/battle_controllers.c src/battle_gfx_sfx_util.c src/battle_transition.c …
206	9674	1.16.0	REFACTORS	-	pending	g2_battle_fixed_b	-	fail	fail	Y	14	492	227	c532ceac79	Magic Bounce / Magic Coat/ Snatch refactor	asm/macros/battle_script.inc data/battle_scripts_1.s include/battle.h include/battle_script_commands.h include/battle_scripts.h include/constants/battle_move_resolution.h src/battle_message.c src/battle_move_resolution.c src/battle_script_commands.c src/data/battle_move_effects.h test/battle/ability/magic_bounce.c test/battle/move_effect/magic_coat.c test/battle/move_effect/parting_shot.c test/battle/move_effect/snatch.c
207	9575	1.16.0	REFACTORS	-	pending	g6_overworld_refactors	미적용·수동 적응 가능	fail	fail	Y	5	50	65	c06999df7d	Unify AI prediction handling	include/battle_ai_main.h include/battle_ai_util.h src/battle_ai_main.c src/battle_ai_util.c src/battle_main.c
208	9462	1.16.0	Battle AI	Added	pending	g4_ai_tests_pokemon_sprites	이미 적용(기능 동등)	fail	fail	Y	9	217	5	6c40826d14	Config to randomize the order AI mons compute logic in double battles	include/config/ai.h include/constants/config_changes.h include/random.h src/battle_ai_switch.c src/battle_main.c test/battle/ai/ai_choice.c test/battle/ai/ai_double_ace.c test/battle/ai/ai_switching.c test/battle/move_effect/first_turn_only.c
211	9680	1.16.0	REFACTORS	-	pending	g6_overworld_refactors	**충돌**	fail	fail	Y	12	331	339	611ed45952	Make End Turn events use BattleScriptCall (return instead of end2)	asm/macros/battle_script.inc data/battle_scripts_1.s include/battle_main.h include/battle_scripts.h include/battle_util.h include/constants/battle_end_turn.h src/battle_end_turn.c src/battle_hold_effects.c src/battle_main.c src/battle_script_commands.c src/battle_switch_in.c src/battle_util.c
212	9006	1.16.0	REFACTORS	-	pending	g6_overworld_refactors	**충돌**	fail	fail	-	18	504	997	780805f169	Move relearner refactor	asm/macros/event.inc data/maps/FallarborTown_MoveRelearnersHouse/scripts.inc data/scripts/move_relearner.inc data/specials.inc include/chooseboxmon.h include/constants/move_relearner.h include/menu_specialized.h include/move_relearner.h include/strings.h src/chooseboxmon.c src/field_specials.c src/list_menu.c src/menu_specialized.c src/move_relearner.c src/party_menu.c src/pokemon_summary_screen.c src/scrcmd.c src/strings.c
213	9709	1.16.0	Battle AI	Changed	pending	g4_ai_tests_pokemon_sprites	미적용·수동 적응 가능(우선순위 낮음)	fail	fail	Y	5	10	10	ed3557ed04	Improve AI calc speed with affection hearts	include/config/ai.h include/pokemon.h src/battle_controllers.c src/battle_util.c src/pokemon.c
214	9711	1.16.0	General	Changed	pending	g5_general_cleanup_docs	HNS와 무관	fail	fail	-	1	34	34	52d8b6b801	Remove hex values from BattlePokemon	include/pokemon.h
215	9713	1.16.0	General	Changed	pending	g5_general_cleanup_docs	-	fail	fail	-	2	119	44	48a165c403	Support non-contiguous SE/MUS IDs in debug menu	include/constants/songs.h src/debug.c
216	8943	1.16.0	Battle General	Added	pending	g2_battle_fixed_b	#10415, #10536, #10568(→#10674), #10711,	fail	fail	Y	168	3709	3192	70340c1135	12v12 capability	asm/macros/battle_frontier/battle_factory.inc asm/macros/battle_frontier/battle_tower.inc docs/tutorials/how_to_testing_system.md docs/tutorials/mon_generation.md include/battle.h include/battle_ai_util.h include/battle_controllers.h include/battle_main.h include/battle_util.h include/config/ai.h include/config/battle.h include/constants/battle.h include/constants/party_menu.h include/data.h include/party_menu.h include/pokemon.h include/recorded_battle.h include/test/battle.h include/test/overworld_script.h include/test/test_runner_battle.h src/battle_ai_main.c src/battle_ai_switch.c src/battle_ai_util.c src/battle_bg.c src/battle_controller_oak_old_man.c …
217	9707	1.16.0	Overworld	Fixed	pending	g6_overworld_refactors	HNS와 무관	ok	fail	-	1	1	0	833f1de49a	Reset objPaletteToggle after Software Fade	src/palette.c
218	9714	1.16.0	Battle General	Changed	pending	g3_battle_changes_moves_abilities_items	충돌	fail	fail	Y	5	33	62	1606fa912d	Slight restructure for Defog and Tidy Up	data/battle_scripts_1.s include/battle_scripts.h src/battle_end_turn.c src/battle_message.c src/battle_script_commands.c
219	9725	1.16.0	General	Changed	pending	g5_general_cleanup_docs	HNS와 무관	fail	fail	-	1	7	7	53a361902a	Fix multi_do multiple-definition error	asm/macros/battle_frontier/battle_tower.inc
220	9678	1.16.0	Abilities	Changed	pending	g3_battle_changes_moves_abilities_items	이미 적용	fail	fail	-	9	81	25	8e02c319e6	Add basic Z-A Mega ability data (from Champions Regulation M-A)	include/constants/abilities.h src/data/abilities.h src/data/pokemon/species_info/gen_1_families.h src/data/pokemon/species_info/gen_2_families.h src/data/pokemon/species_info/gen_3_families.h src/data/pokemon/species_info/gen_5_families.h src/data/pokemon/species_info/gen_6_families.h src/data/pokemon/species_info/gen_7_families.h src/data/pokemon/species_info/gen_9_families.h
221	9729	1.16.0	Battle General	Fixed	pending	g1_battle_fixed_a	HNS와 무관	fail	fail	-	4	9	9	2b756fd942	Fix wild doubles only having 1 mon	src/battle_ai_main.c src/battle_main.c src/script_pokemon_util.c src/wild_encounter.c
222	8930	1.16.0	REFACTORS	-	pending	g6_overworld_refactors	**충돌**	fail	fail	-	3	614	993	cc5348e295	Automate regional Pokedex orders	include/constants/pokedex.h migration_scripts/1.16/migrate_regional_dexes.py src/pokemon.c
223	9740	1.16.0	Abilities	Changed	pending	g3_battle_changes_moves_abilities_items	이미 적용	fail	fail	Y	4	4	4	f00200359b	ABILITY_PIERCING_DRILL	src/battle_ai_util.c src/battle_move_resolution.c src/battle_util.c src/data/abilities.h
224	9721	1.16.0	General	Changed	pending	g5_general_cleanup_docs	미적용·안전 이식 가능	ok	fail	-	1	1	1	1d854c4cb4	Learnset Helper: Remove unnecessary order-only dependencies	Makefile
225	7573	1.16.0	Overworld	Added	pending	g6_overworld_refactors	미적용·선행 필요	fail	fail	-	13	181	99	1c723ee942	Reworked event evolution `tryspecialevo`	asm/macros/event.inc data/specials.inc include/constants/party_menu.h include/constants/pokemon.h include/pokemon.h src/battle_main.c src/chooseboxmon.c src/data/pokemon/species_info/gen_5_families.h src/data/pokemon/species_info/gen_8_families.h src/evolution_scene.c src/field_player_avatar.c src/pokemon.c src/scrcmd.c
226	8472	1.16.0	Battle AI	Added	pending	g4_ai_tests_pokemon_sprites	미적용·수동 적응 가능	fail	fail	Y	5	126	2	3707e6a52b	Implement Wish Passing in ShouldSwitch	include/battle_ai_switch.h include/config/ai.h include/random.h src/battle_ai_switch.c test/battle/ai/ai_switching.c
227	9735	1.16.0	Battle General	Changed	pending	g3_battle_changes_moves_abilities_items	이미 적용	fail	fail	Y	13	588	64	ab24eaec10	Mega Sol and Dragonize	include/battle_util.h src/battle_ai_util.c src/battle_anim_effects_3.c src/battle_main.c src/battle_move_resolution.c src/battle_script_commands.c src/battle_util.c src/data/abilities.h src/data/pokemon/species_info/gen_2_families.h test/battle/ability/dragonize.c test/battle/ability/mega_sol.c test/battle/ai/ai_switching.c test/battle/move_effect/growth.c
228	9767	1.16.0	General	Fixed	pending	g5_general_cleanup_docs	이미 적용	fail	fail	-	1	1	1	a1d1101444	fix meganium abilities	src/data/pokemon/species_info/gen_2_families.h
229	9761	1.16.0	General	Changed	pending	g5_general_cleanup_docs	HNS와 무관	fail	fail	Y	54	184	184	888dcc33d2	Fix spaces, spelling, and grammar	asm/macros/event.inc charmap.txt include/battle.h include/battle_ai_util.h include/battle_controllers.h include/config/ai.h include/config/battle.h include/config/debug.h include/config/dexnav.h include/config/overworld.h include/constants/event_objects.h include/constants/flags.h include/constants/flags_frlg.h include/constants/party_menu.h include/constants/teaching_types.h src/battle_ai_field_statuses.c src/battle_ai_main.c src/battle_ai_switch.c src/battle_ai_util.c src/battle_anim_mon_movement.c src/battle_anim_normal.c src/battle_controller_opponent.c src/battle_controller_safari.c src/battle_controllers.c src/battle_dome.c …
230	9690	1.16.0	Pokémon	Fixed	pending	g4_ai_tests_pokemon_sprites	미적용·안전 이식 가능	fail	fail	-	2	2	2	0cd398953c	fix: Modernize the conversion formula for imperial weights	include/constants/pokedex.h src/pokedex.c
231	9461	1.16.0	Overworld	Added	pending	g6_overworld_refactors	**충돌**	fail	fail	-	6	103	14	85128bdeb5	Show floor number in map popup	include/constants/map_types.h include/global.fieldmap.h include/map_name_popup.h src/map_name_popup.c test/text.c tools/mapjson/mapjson.cpp
232	9717	1.16.0	REFACTORS	-	pending	g6_overworld_refactors	미적용·선행 필요	fail	fail	Y	8	207	61	f3443efd9b	Adds queued switches for EndTurn switches	data/battle_scripts_1.s include/battle.h include/battle_scripts.h include/constants/battle_end_turn.h src/battle_end_turn.c src/battle_move_resolution.c src/battle_util.c test/battle/ability/emergency_exit.c
233	9755	1.16.0	Battle AI	Changed	pending	g4_ai_tests_pokemon_sprites	미적용·안전 이식 가능	ok	fail	-	1	4	7	e6fb64d2c2	Remove reundant weather check in IsDamageMoveUnusable	src/battle_ai_util.c
234	9757	1.16.0	Battle AI	Changed	pending	g4_ai_tests_pokemon_sprites	미적용·수동 적응 가능	fail	fail	-	2	1	2	ca1bfd5097	Remove redundant SetBattlerAiData call in GetMostSuitableMonToSwitchInto	include/config/ai.h src/battle_ai_switch.c
235	9710	1.16.0	Battle AI	Fixed	pending	g4_ai_tests_pokemon_sprites	부분 적용	fail	fail	Y	11	211	196	11ccaced28	Use `ctx` in `GetDefenderPartnerAbilitiesModifier`	include/battle_util.h include/config/ai.h src/battle_ai_main.c src/battle_ai_switch.c src/battle_ai_util.c src/battle_controller_player.c src/battle_move_resolution.c src/battle_script_commands.c src/battle_terastal.c src/battle_tv.c src/battle_util.c
236	9779	1.16.0	Battle AI	Changed	pending	g4_ai_tests_pokemon_sprites	HNS와 무관(테스트 전용)	fail	fail	Y	3	148	146	b1d4130547	Isolate AI thinking time tests	include/config/ai.h test/battle/ai/ai.c test/battle/ai/ai_thinking_time.c
237	9780	1.16.0	General	Changed	pending	g5_general_cleanup_docs	HNS와 무관	fail	fail	-	1	2	2	a5eb40ea7a	Revert an overzealous find-replace	src/pokemon.c
238	9774	1.16.0	Overworld	Fixed	pending	g6_overworld_refactors	HNS와 무관	ok	fail	-	1	1	1	2b9bffd8ce	Properly cancel move relearner NPC after refusing to learn a move	data/maps/FallarborTown_MoveRelearnersHouse/scripts.inc
239	8628	1.16.0	Overworld	Added	pending	g6_overworld_refactors	미적용·안전 이식 가능	ok	fail	-	2	48	0	6045e2a3c9	Add setmetatileinrange Script Command	asm/macros/event.inc src/scrcmd.c
240	9765	1.16.0	Overworld	Changed	pending	g6_overworld_refactors	-	ok	fail	-	3	13	57	63d96455ca	Remove template abstraction for pokedex area map	include/pokedex_area_region_map.h src/pokedex_area_region_map.c src/pokedex_area_screen.c
241	9786	1.16.0	Battle General	Changed	pending	g3_battle_changes_moves_abilities_items	미적용·안전 이식 가능(수동 적응)	fail	fail	Y	7	36	23	09c06ca859	Clarify isFirstTurn usage with wrappers	include/battle.h include/battle_util.h src/battle_ai_items.c src/battle_ai_main.c src/battle_ai_util.c src/battle_move_resolution.c src/battle_util.c
242	9769	1.16.0	Battle General	Changed	pending	g3_battle_changes_moves_abilities_items	이미 적용	fail	fail	Y	3	129	1	bc09176a03	Add Spicy Spray	src/battle_util.c src/data/abilities.h test/battle/ability/spicy_spray.c
243	9676	1.16.0	Moves	Changed	pending	g3_battle_changes_moves_abilities_items	미적용·선행 필요	fail	fail	-	2	54	42	057a4095bd	Created macros for fist and foot animations	asm/macros/battle_anim_script.inc data/battle_anim_scripts.s
244	9762	1.16.0	Overworld	Changed	pending	g6_overworld_refactors	미적용·안전 이식 가능	ok	fail	-	1	0	9	15787b430a	Clean mail-related duplicate code	src/mail_data.c
245	9168	1.16.0	Battle General	Added	pending	g3_battle_changes_moves_abilities_items	충돌	fail	fail	Y	45	231	177	1079577272	Add Held Berry Animation	asm/macros/battle_script.inc data/battle_anim_scripts.s data/battle_scripts_1.s include/battle_anim_scripts.h include/battle_scripts.h include/constants/battle_anim.h src/battle_anim.c src/battle_hold_effects.c src/battle_script_commands.c test/battle/ability/berserk.c test/battle/ability/cheek_pouch.c test/battle/ability/cud_chew.c test/battle/ability/emergency_exit.c test/battle/ability/harvest.c test/battle/ability/normalize.c test/battle/ability/pickup.c test/battle/ability/symbiosis.c test/battle/ability/synchronize.c test/battle/ability/toxic_chain.c test/battle/ability/unnerve.c test/battle/hold_effect/attack_up.c test/battle/hold_effect/berserk_gene.c test/battle/hold_effect/critical_up.c test/battle/hold_effect/cure_status.c test/battle/hold_effect/custap_berry.c …
246	9693	1.16.0	Overworld	Changed	pending	g6_overworld_refactors	미적용·선행 필요	fail	fail	-	4	0	98	7c1033a479	Remove relearner from party menu	include/config/summary_screen.h include/constants/move_relearner.h src/data/party_menu.h src/party_menu.c
247	9796	1.16.0	Pokémon	Fixed	pending	g4_ai_tests_pokemon_sprites	미적용·선행 필요	fail	fail	-	1	8	4	663c6bf3ae	Add Spot Coord Limits	src/pokemon_spots.c
248	9811	1.16.0	Battle General	Fixed	pending	g1_battle_fixed_a	HNS와 무관	fail	fail	Y	3	6	5	b150c372e6	Use GetBattlerTrainer instead of GetBattlerSide in GetBattlerPartyState	include/battle.h include/battle_util.h src/battle_util.c
249	9813	1.16.0	General	Changed	pending	g5_general_cleanup_docs	미적용·안전 이식 가능	ok	fail	-	1	13	7	bea3a1b4d2	Improve `FillSpriteRect` performance	src/sprite.c
250	9784	1.16.0	Battle General	Fixed	pending	g1_battle_fixed_a	미적용·선행 필요	fail	fail	Y	9	109	171	910e018fc9	Adjustments for Eject Items / Mirror Herb / White Herb	include/battle.h include/constants/battle_move_resolution.h src/battle_hold_effects.c src/battle_main.c src/battle_move_resolution.c src/battle_script_commands.c src/battle_util.c test/battle/hold_effect/eject_button.c test/battle/hold_effect/throat_spray.c
251	9819	1.16.0	Overworld	Changed	pending	g6_overworld_refactors	미적용·안전 이식 가능	ok	fail	-	3	3	15	8801d939a5	Refactor rock climb and defog to be defined at all times	include/constants/field_move.h src/field_control_avatar.c src/field_move.c
252	9832	1.16.0	Battle General	Changed	pending	g3_battle_changes_moves_abilities_items	미적용·선행 필요	fail	fail	Y	2	14	8	7ad665dfd2	Clean up for eject item changes	src/battle_move_resolution.c src/battle_util.c
253	9835	1.16.0	General	Fixed	pending	g5_general_cleanup_docs	미적용·안전 이식 가능	fail	fail	Y	2	4	0	be6874cf59	Fix declaration after label	src/battle_util.c src/party_menu.c
254	9751	1.16.0	REFACTORS	-	pending	g6_overworld_refactors	미적용·선행 필요	fail	fail	Y	4	37	6	f25594e8c7	Adds AreMultiPartiesFullTeams and Test_BattlersShareParty handling to tests	include/test/battle.h src/battle_controllers.c src/battle_util.c test/test_runner_battle.c
255	9841	1.16.0	Other Cleanup	-	pending	g5_general_cleanup_docs	HNS와 무관	fail	fail	Y	1	1	4	4d83ff60db	Remove known failing for Blunder Policy/Darts interaction	test/battle/hold_effect/blunder_policy.c
256	9799	1.16.0	Battle General	Fixed	pending	g1_battle_fixed_a	충돌	fail	fail	Y	5	325	163	972bffb89f	Adds tests for switch battle messages and switch AI bugfix	src/battle_ai_main.c src/battle_ai_switch.c src/battle_controllers.c src/battle_message.c test/battle/battle_message.c
257	9850	1.16.0	Overworld	Changed	pending	g6_overworld_refactors	**부분 적용**	fail	fail	-	6	157	12	fc6d083821	Cleanup and tests for ow_abilities.c	include/{ow_synchronize.h => ow_abilities.h} src/ow_abilities.c src/roamer.c src/script_pokemon_util.c src/wild_encounter.c test/ow_abilities.c
259	9847	1.16.0	REFACTORS	-	pending	g6_overworld_refactors	미적용·선행 필요	fail	fail	Y	13	456	569	099aff910c	Shouldswitch refactor to use `SwitchContext`	include/battle_ai_main.h include/battle_ai_switch.h include/battle_ai_util.h include/config/ai.h include/constants/config_changes.h include/random.h src/battle_ai_main.c src/battle_ai_switch.c src/battle_ai_util.c test/battle/ai/ai_choice.c test/battle/ai/ai_flag_risky.c test/battle/ai/ai_switching.c test/battle/ai/ai_thinking_time.c
260	9856	1.16.0	Battle General	Fixed	pending	g1_battle_fixed_a	HNS와 무관	fail	fail	Y	1	0	1	c1eaced09e	Fix contact damage message printing	data/battle_scripts_1.s
261	9859	1.16.0	REFACTORS	-	pending	g2_battle_fixed_b	#10354와 moveend 계열 대부분(수동 이식 필요의 원인)	fail	fail	Y	2	455	455	39842afcb6	Adds CalcValue struct to MoveEnd	include/battle_util.h src/battle_move_resolution.c
262	8434	1.16.0	Overworld	Changed	pending	g6_overworld_refactors	-	fail	fail	Y	46	3641	181	10ae7f9f54	Overworld Encounters	asm/macros/event.inc data/event_scripts.s data/field_effect_scripts.s data/scripts/wild_encounter.inc docs/SUMMARY.md docs/tutorials/how_to_overworld_wild_encounters.md graphics/field_effects/pics/shiny_sparkle.png include/battle_pyramid.h include/config/overworld.h include/config/wild_encounter.h include/constants/event_object_movement.h include/constants/event_objects.h include/constants/field_effects.h include/constants/global.h include/constants/trainer_types.h include/constants/wild_encounter.h include/event_object_movement.h include/field_effect.h include/fieldmap.h include/pokemon.h include/sprite.h include/wild_encounter.h include/wild_encounter_ow.h spritesheet_rules.mk src/battle_pyramid.c …
263	9864	1.16.0	Battle General	Fixed	pending	g1_battle_fixed_a	HNS와 무관	ok	fail	-	1	2	2	47f01e61ba	Make healthbox invisible for previous mon after opening party screen	src/reshow_battle_screen.c
264	9898	1.16.0	Battle General	Changed	pending	g2_battle_fixed_b	-	fail	fail	Y	3	34	22	95be9f7ed4	IsAnyTargetAffected and GetDynamicMoveType changes	src/battle_main.c src/battle_move_resolution.c src/battle_util.c
265	9879	1.16.0	General	Changed	pending	g5_general_cleanup_docs	HNS와 무관	fail	fail	Y	17	49	51	ceb0ce5cb1	Move wild encounter related config to `wild_encounter` config file	include/config/battle.h include/config/overworld.h include/config/wild_encounter.h include/constants/config_changes.h src/battle_ai_main.c src/battle_controller_opponent.c src/battle_main.c src/battle_script_commands.c src/battle_util.c src/debug.c src/field_control_avatar.c src/item_use.c src/overworld.c src/pokemon.c src/wild_encounter.c src/wild_encounter_ow.c test/battle/item_effect/throw_ball.c
267	9911	1.16.0	General	Changed	pending	g5_general_cleanup_docs	미적용·안전 이식 가능	fail	fail	-	1	0	38	8c5cbb1363	Remove two unused functions from src/event_object_movement.c	src/event_object_movement.c
268	9906	1.16.0	General	Changed	pending	g5_general_cleanup_docs	미적용·안전 이식 가능	fail	fail	Y	9	35	15	63fbcce1cd	Reduce battle heap usge outside main battle screen	include/battle_util2.h src/battle_controller_oak_old_man.c src/battle_controller_player.c src/battle_controller_safari.c src/battle_controller_wally.c src/battle_main.c src/battle_script_commands.c src/battle_util2.c src/reshow_battle_screen.c
269	9843	1.16.0	Battle General	Fixed	pending	g1_battle_fixed_a	HNS와 무관	fail	fail	-	1	5	2	810514990c	Fix in-battle summary preserving battle party order	src/party_menu.c
270	9730	1.16.0	REFACTORS	-	pending	g2_battle_fixed_b	-	fail	fail	Y	176	5762	6809	eb4e4d62f5	Stat Change Refactor	asm/macros/battle_script.inc data/battle_scripts_1.s data/battle_scripts_2.s include/battle.h include/battle_ai_main.h include/battle_ai_util.h include/battle_anim.h include/battle_move_resolution.h include/battle_script_commands.h include/battle_scripts.h include/battle_stat_change.h include/battle_util.h include/battle_z_move.h include/config/battle.h include/config/debug.h include/constants/battle.h include/constants/battle_anim.h include/constants/battle_move_effects.h include/constants/battle_move_resolution.h include/constants/battle_script_commands.h include/constants/battle_stat_change.h include/constants/battle_string_ids.h include/constants/battle_z_move_effects.h include/constants/hold_effects.h include/constants/script_menu.h …
271	9865	1.16.0	Other Cleanup	-	pending	g5_general_cleanup_docs	부분 적용	fail	fail	Y	10	196	156	24491fce6d	Mega Sol test adjustments	include/battle.h src/battle_ai_main.c src/battle_ai_switch.c src/battle_ai_util.c src/battle_hold_effects.c src/battle_main.c src/battle_move_resolution.c src/battle_script_commands.c src/battle_util.c test/battle/ability/mega_sol.c
272	9928	1.16.0	Battle General	Changed	pending	g3_battle_changes_moves_abilities_items	미적용·선행 필요	fail	fail	Y	7	43	51	f24f8ebfb9	Rename follow up for Stat Change Refactor	asm/macros/battle_script.inc data/battle_scripts_1.s include/battle_util.h include/constants/battle_script_commands.h src/battle_move_resolution.c src/battle_script_commands.c src/battle_util.c
273	9857	1.16.0	Battle AI	Changed	pending	g4_ai_tests_pokemon_sprites	미적용·수동 적응 가능(대규모 치환, 동작 변화)	fail	fail	Y	4	162	180	9e49d74214	Incoming and predicted move function cleanup	include/battle_ai_util.h src/battle_ai_main.c src/battle_ai_switch.c src/battle_ai_util.c
274	9916	1.16.0	Battle General	Changed	pending	g3_battle_changes_moves_abilities_items	미적용·안전 이식 가능(수동 적응)	fail	fail	Y	11	53	104	49bdf428aa	Minor Battle Struct clean up and script clean up	asm/macros/battle_script.inc data/battle_scripts_1.s include/battle.h include/battle_scripts.h include/constants/battle_script_commands.h src/battle_main.c src/battle_message.c src/battle_move_resolution.c src/battle_script_commands.c src/battle_terastal.c src/battle_util.c
275	9920	1.16.0	Overworld	Added	pending	g6_overworld_refactors	**충돌**	fail	fail	-	5	31	22	7a51fa78e1	Basic daily seed	include/global.h include/random.h src/battle_main.c src/clock.c src/random.c
276	9910	1.16.0	Overworld	Fixed	pending	g6_overworld_refactors	미적용·선행 필요	fail	fail	-	3	28	27	2e5adb4334	Modify GetAvailableObjectEventId  to return objectEventId by value instead of by reference	include/wild_encounter_ow.h src/event_object_movement.c src/wild_encounter_ow.c
277	9788	1.16.0	General	Changed	pending	g5_general_cleanup_docs	HNS와 무관	ok	fail	-	1	90	0	77a2bd85d6	📜 Adds migration script for trainer pic refactor	migration_scripts/1.16/trainer_pic_migration/main.py
278	9890	1.16.0	General	Changed	pending	g5_general_cleanup_docs	미적용·선행 필요	fail	fail	-	1	73	124	259d6549ee	Refactor a more generic way to handle complex debug menu actions	src/debug.c
279	9877	1.16.0	Overworld	Added	pending	g6_overworld_refactors	미적용·선행 필요	fail	fail	-	4	114	1	2ca70ac4e1	Add Dynamic Weather Option	docs/SUMMARY.md docs/tutorials/how_to_dynamic_weather.md include/constants/weather.h src/field_weather_effect.c
280	9918	1.16.0	REFACTORS	-	pending	g6_overworld_refactors	미적용·선행 필요	fail	fail	Y	15	234	206	0dbba3b658	Customizeable Pledge Moves	asm/macros/battle_script.inc data/battle_scripts_1.s include/battle.h include/battle_scripts.h include/constants/battle.h include/constants/battle_move_resolution.h include/constants/battle_script_commands.h include/move.h src/battle_main.c src/battle_message.c src/battle_move_resolution.c src/battle_script_commands.c src/battle_util.c src/data/battle_move_effects.h src/data/moves_info.h
281	9939	1.16.0	Battle General	Changed	pending	g2_battle_fixed_b	-	fail	fail	Y	16	299	231	12d872e6a7	Integrate accuracy check into canceler	asm/macros/battle_script.inc data/battle_scripts_1.s include/battle.h include/battle_message.h include/battle_scripts.h include/battle_util.h include/constants/battle.h include/constants/battle_move_resolution.h include/constants/battle_string_ids.h src/battle_arena.c src/battle_message.c src/battle_move_resolution.c src/battle_script_commands.c src/battle_util.c test/battle/move_effect/stomping_tantrum.c test/battle/spread_moves.c
282	9805	1.16.0	Test Runner	Added	pending	g4_ai_tests_pokemon_sprites	HNS와 무관(FRLG 전용 + 테스트 전용)	fail	fail	Y	4	121	1	07c54198e9	Adds Ghost battle tests	include/test/battle.h src/battle_message.c test/battle/ghost.c test/test_runner_battle.c
283	9964	1.16.0	General	Fixed	pending	g5_general_cleanup_docs	이미 적용	fail	fail	-	1	4	4	1c79a306d5	Fix trainer defines	include/constants/trainers.h
284	9968	1.16.0	Overworld	Fixed	pending	g6_overworld_refactors	미적용·선행 필요	fail	fail	-	4	31	21	17868675fe	Bugfix: OWEs set not to despawn can now be set not to despawn as a result of movement type	include/config/wild_encounter.h include/wild_encounter_ow.h src/event_object_movement.c src/wild_encounter_ow.c
285	9896	1.16.0	Overworld	Added	pending	g6_overworld_refactors	-	fail	fail	-	17	1432	50	836d645edc	Random Mon Generation	asm/macros/event.inc data/event_scripts.s docs/SUMMARY.md docs/tutorials/how_to_random_mon_generator.md include/constants/moves.h include/constants/pokeball.h include/constants/random_mon_generation.h include/pokemon.h include/random.h include/random_mon_generation.h src/data/random_mon_generator.h src/pokemon.c src/random_mon_generation.c src/script_pokemon_util.c test/random_mon_generation.c test/random_mon_generator.h test/species.c
286	9965	1.16.0	General	Changed	pending	g5_general_cleanup_docs	HNS와 무관	fail	fail	-	1	3	5	617fcec52b	config/wild_encounter.h cleanup	include/config/wild_encounter.h
287	9957	1.16.0	Battle General	Fixed	pending	g1_battle_fixed_a	미적용·선행 필요	fail	fail	Y	7	91	42	34c19158a9	Fixes Guard Dog	include/battle_script_commands.h include/battle_util.h src/battle_move_resolution.c src/battle_script_commands.c src/battle_stat_change.c src/battle_switch_in.c src/battle_util.c
288	9972	1.16.0	Battle General	Fixed	pending	g1_battle_fixed_a	HNS와 무관	fail	fail	Y	3	85	6	06af60e669	Fix geomancy being a two turn move	src/battle_stat_change.c src/data/battle_move_effects.h test/battle/move_effect/geomancy.c
289	9982	1.16.0	Battle General	Fixed	pending	g1_battle_fixed_a	이미 적용	fail	fail	Y	1	1	1	88dc92fd34	Fix Cute Charm infatuation message	src/battle_message.c
290	9985	1.16.0	Battle AI	Fixed	ported-A	g4_ai_tests_pokemon_sprites	미적용·수동 적응 가능	-	-	-	1	0	2	e632ab55ca	Remove Defiant and Competitive from Partner Ability check in Doubles	src/battle_ai_main.c
291	9983	1.16.0	Battle General	Fixed	pending	g1_battle_fixed_a	미적용·선행 필요	fail	fail	Y	8	42	43	fba9e90a04	Fix multi hit result message	data/battle_scripts_1.s include/battle_scripts.h include/battle_util.h src/battle_move_resolution.c src/battle_script_commands.c src/battle_util.c test/battle/ability/tera_shell.c test/battle/hold_effect/rocky_helmet.c
292	9989	1.16.0	Battle General	Changed	pending	g3_battle_changes_moves_abilities_items	미적용·안전 이식 가능(수동 적응)	fail	fail	-	1	10	11	75f9d77d2b	Small Dome updates	src/battle_dome.c
293	9988	1.16.0	Battle General	Fixed	pending	g1_battle_fixed_a	미적용·선행 필요	fail	fail	Y	18	265	114	140940d3f2	Dancer activation order config + upcoming bugfixes	include/battle.h include/config/battle.h include/constants/battle.h include/constants/battle_move_resolution.h include/constants/battle_script_commands.h include/constants/config_changes.h src/battle_main.c src/battle_move_resolution.c src/battle_script_commands.c src/battle_util.c test/battle/ability/dancer.c test/battle/ability/pickpocket.c test/battle/ability/trace.c test/battle/gimmick/dynamax.c test/battle/move_effect/grudge.c test/battle/move_effect/protect.c test/battle/move_effect/reflect_damage.c test/battle/move_effect/sky_drop.c
294	9861	1.16.0	General	Fixed	pending	g5_general_cleanup_docs	HNS와 무관	fail	fail	-	2	57	27	9cccdbebf0	Fix Dynamic Summary Screen Type	src/battle_main.c src/pokemon_summary_screen.c
295	10014	1.16.0	General	Fixed	pending	g5_general_cleanup_docs	미적용·선행 필요	ok	fail	-	1	1	1	2d5709b306	Fix battle debug not properly freeing some tilemaps	src/battle_debug.c
296	10020	1.16.0	Overworld	Fixed	pending	g6_overworld_refactors	HNS와 무관	fail	fail	-	1	4	0	b3bc856ffe	Re-add `DetermineFollowerNPCDirection` same coord check	src/follower_npc.c
297	10024	1.16.0	Battle General	Fixed	pending	g1_battle_fixed_a	HNS와 무관	fail	fail	Y	3	70	2	330514935b	Fixes Trace not activating when reobtained after activation	src/battle_util.c test/battle/ability/trace.c test/battle/move_effect/protect.c
298	10032	1.16.0	Battle General	Fixed	pending	g1_battle_fixed_a	HNS와 무관	fail	fail	Y	2	19	2	5315a0c0cf	Fixes Swagger into Own Tempo target softlock	src/battle_stat_change.c test/battle/move_effect/swagger.c
299	10034	1.16.0	Battle General	Fixed	pending	g1_battle_fixed_a	HNS와 무관	fail	fail	Y	3	17	1	e0daacbbe5	Fix Strength Sap activation on miss and buffer correct stat	src/battle_move_resolution.c src/battle_stat_change.c test/battle/move_effect/strength_sap.c
300	10050	1.16.0	General	Fixed	pending	g5_general_cleanup_docs	미적용·선행 필요	fail	fail	-	3	4	1	9ceeaa5eed	Set daily seed on new game	include/clock.h src/clock.c src/new_game.c
301	10057	1.16.0	Battle General	Changed	pending	g3_battle_changes_moves_abilities_items	미적용·선행 필요	fail	fail	Y	7	7	21	9fc121ab7a	Further stat change refactor clean up	asm/macros/battle_script.inc include/constants/battle_move_resolution.h include/constants/battle_script_commands.h src/battle_ai_util.c src/battle_move_resolution.c src/battle_script_commands.c src/battle_stat_change.c
302	10051	1.16.0	General	Changed	pending	g5_general_cleanup_docs	미적용·선행 필요	fail	fail	Y	126	1550	1551	3b77aa210d	Give enum BattleTrainer more user friendly entry names	include/constants/battle.h include/pokemon.h include/test/battle.h include/test/overworld_script.h src/battle_ai_main.c src/battle_bg.c src/battle_controller_player.c src/battle_controller_player_partner.c src/battle_controllers.c src/battle_dome.c src/battle_factory.c src/battle_factory_screen.c src/battle_frontier.c src/battle_gfx_sfx_util.c src/battle_interface.c src/battle_main.c src/battle_partner.c src/battle_pike.c src/battle_pyramid.c src/battle_pyramid_bag.c src/battle_script_commands.c src/battle_setup.c src/battle_special.c src/battle_tower.c src/battle_tv.c …
303	9885	1.16.0	General	Changed	pending	g5_general_cleanup_docs	미적용·선행 필요	fail	fail	-	8	37	21	0c35f03f31	Adds deprecation warnings to old party and party count globals	docs/tutorials/how_to_testing_system.md docs/tutorials/mon_generation.md include/pokemon.h src/battle_main.c src/chooseboxmon.c src/pokemon.c src/scrcmd.c test/pokemon.c
304	10064	1.16.0	Battle General	Fixed	pending	g1_battle_fixed_a	HNS와 무관	fail	fail	Y	6	121	80	3ed1ce5570	Fix already-status messages using the wrong battler	src/battle_util.c test/battle/ai/check_bad_move.c test/battle/move_effect/toxic.c test/battle/status1/burn.c test/battle/status1/paralysis.c test/battle/status1/sleep.c
305	10059	1.16.0	Battle General	Fixed	pending	g1_battle_fixed_a	HNS와 무관	fail	fail	-	6	85	4	ab493b500e	Fix 12v12 partner party menu slot ptr	include/party_menu.h include/pokemon.h src/battle_special.c src/party_menu.c src/pokemon.c test/party_menu.c
306	10066	1.16.0	Overworld	Fixed	pending	g6_overworld_refactors	미적용·선행 필요	fail	fail	-	1	3	2	da607f2444	Fix Generated OWEs Accessing Garbage Data	src/wild_encounter_ow.c
307	10036	1.16.0	General	Changed	pending	g5_general_cleanup_docs	미적용·선행 필요	fail	fail	-	45	389	387	ca63343b1e	Describe compressed tilemaps with INCGFX	src/battle_transition.c src/battle_transition_frontier.c src/contest_painting.c src/credits_frlg.c src/data/graphics/battle_environment.h src/data/graphics/berries.h src/data/graphics/berry_fix.h src/data/graphics/intro_scene.h src/data/graphics/mail.h src/data/graphics/rayquaza_scene.h src/data/region_map/city_map_tilemaps.h src/data/trade.h src/data/wallpapers.h src/dexnav.c src/diploma.c src/dodrio_berry_picking.c src/evolution_scene.c src/expansion_intro.c src/fldeff_flash.c src/frontier_pass.c src/graphics.c src/intro.c src/intro_credits_graphics.c src/link.c src/main_menu.c …
308	10039	1.16.0	Battle General	Fixed	pending	g1_battle_fixed_a	HNS와 무관	fail	fail	Y	5	466	56	0534ecd7eb	Fixed NoAliveMonsForPlayer for multibattles	include/constants/config_changes.h src/battle_main.c src/battle_script_commands.c src/battle_util.c test/battle/multi_battle_whiteout.c
309	10072	1.16.0	Battle General	Fixed	pending	g1_battle_fixed_a	이미 적용	fail	fail	Y	2	23	0	c1788c2499	Fix Spicy Spray triggering on party future sight attacker	src/battle_util.c test/battle/ability/spicy_spray.c
310	10074	1.16.0	Battle General	Fixed	pending	g1_battle_fixed_a	HNS와 무관	fail	fail	Y	2	23	0	cf3aac7e35	Fix erroneous failure message for stat change moves	src/battle_move_resolution.c test/battle/move_effect/electrify.c
311	10077	1.16.0	Battle General	Fixed	pending	g1_battle_fixed_a	HNS와 무관	fail	fail	Y	6	85	1	cfb7bb2c5c	Fix Competetive, Defiant and Adrenaline Orb triggering when at min stat	data/battle_scripts_1.s include/battle_scripts.h src/battle_stat_change.c test/battle/ability/competitive.c test/battle/ability/defiant.c test/battle/hold_effect/adrenaline_orb.c
312	10079	1.16.0	Battle General	Fixed	pending	g1_battle_fixed_a	이미 적용	fail	fail	Y	5	174	60	f2781217a3	Fix Mega Sol weather interactions and Piercing Drill AI checks	include/battle_ai_util.h src/battle_ai_main.c src/battle_ai_util.c src/battle_util.c test/battle/ability/mega_sol.c
315	10088	1.16.1	Battle General	Fixed	pending	g1_battle_fixed_a	HNS와 무관	fail	fail	Y	4	82	10	5f7ebb03bd	Fixes stat change queue having erroneous stats stored	include/battle_stat_change.h src/battle_stat_change.c src/battle_util.c test/battle/stat_change_leaks.c
316	10091	1.16.1	Battle General	Fixed	pending	g1_battle_fixed_a	미적용·선행 필요	fail	fail	Y	2	143	43	6b54a25997	Fixes Acupressure timeout in doubles	src/battle_move_resolution.c test/battle/move_effect/acupressure.c
317	10093	1.16.1	Battle General	Fixed	ported-A	g1_battle_fixed_a	미적용·안전 이식 가능	-	-	-	1	1	0	63e5951d94	Fixes Random Move from disobedience	src/battle_move_resolution.c
318	10100	1.16.1	Overworld	Fixed	pending	g6_overworld_refactors	HNS와 무관	fail	fail	-	1	2	2	e7c30866ef	Fix colosseum warps frlg	data/scripts/cable_club_frlg.inc
319	10102	1.16.1	Battle General	Fixed	pending	g1_battle_fixed_a	HNS와 무관	fail	fail	-	1	4	2	d8f3349d6f	Fix link singles and doubles using incorrect parties	src/battle_controllers.c
320	10104	1.16.1	Items	Changed	pending	g3_battle_changes_moves_abilities_items	미적용·안전 이식 가능	ok	fail	-	1	4	0	6683f5b992	Add missing item sort types	src/data/items.h
321	10106	1.16.1	Items	Fixed	pending	g3_battle_changes_moves_abilities_items	미적용·안전 이식 가능(수동 적응)	fail	fail	Y	9	38	31	d332ba92c6	Use values from `enum PokeBall` for Poké Balls	include/battle_anim.h include/pokeball.h src/battle_anim_throw.c src/battle_controller_player.c src/battle_frontier.c src/battle_main.c src/battle_script_commands.c src/pokeball.c src/pokemon.c
322	10110	1.16.1	General	Changed	pending	g5_general_cleanup_docs	미적용·안전 이식 가능	ok	fail	-	1	1	1	a7cfa0ddd5	Cleanup 'message 0x0'	data/scripts/std_msgbox.inc
323	10109	1.16.1	Items	Changed	pending	g3_battle_changes_moves_abilities_items	미적용·안전 이식 가능(수동 적응)	fail	fail	-	2	39	10	18e2f17fc1	SanitizeBagItemId, TryTakeMonItemResult	src/item.c src/party_menu.c
325	10116	1.16.1	Pokémon	Changed	pending	g4_ai_tests_pokemon_sprites	HNS와 무관	fail	fail	-	1	2	2	95c2493756	Fix missing incgfx for Mega Garchomp Z	src/data/graphics/pokemon.h
333	10122	1.16.1	General	Changed	pending	g5_general_cleanup_docs	HNS와 무관	ok	fail	-	1	2	2	1b920b67b6	Fix Trainer Party Pool documentation	docs/tutorials/how_to_trainer_party_pool.md
334	10120	1.16.1	Documentation	-	pending	g5_general_cleanup_docs	HNS와 무관	ok	fail	-	1	2	2	9953e12ffc	Fix broken/old links in CREDITS.md	CREDITS.md
335	10123	1.16.1	General	Fixed	pending	g5_general_cleanup_docs	HNS와 무관	ok	fail	-	2	4	4	35c3807e74	chore(credits): change kildemal to miriam in credits	.all-contributorsrc CREDITS.md
336	10129	1.16.1	Battle General	Changed	pending	g3_battle_changes_moves_abilities_items	미적용·안전 이식 가능(수동 적응)	fail	fail	-	8	3	22	77511ae815	feat (battle): improve gimmick triggers' graphics	graphics/battle_interface/burst_trigger.png graphics/battle_interface/dynamax_trigger.png graphics/battle_interface/mega_trigger.pal graphics/battle_interface/mega_trigger.png graphics/battle_interface/tera_trigger.png graphics/battle_interface/z_move_trigger.png src/battle_gimmick.c src/data/graphics/gimmicks.h
337	10111	1.16.1	Overworld	Changed	pending	g6_overworld_refactors	미적용·안전 이식 가능	ok	fail	-	2	11	15	8f546bb922	assertf for NULL goto/call	src/scrcmd.c src/script.c
338	10131	1.16.1	General	Changed	pending	g5_general_cleanup_docs	-	ok	fail	-	1	0	1	919bcaec2c	Remove deprecated ``HQ_RANDOM`` config	include/config/general.h
339	10103	1.16.1	Other Cleanup	-	pending	g5_general_cleanup_docs	미적용·안전 이식 가능	ok	fail	Y	1	3	7	794fbdb500	Fix Beat Up typeless damage test effectiveness check	test/battle/move_effect/beat_up.c
365	10130	1.16.1	General	Added	pending	g5_general_cleanup_docs	미적용·안전 이식 가능	ok	fail	-	2	15	1	a02028420c	Add `if_comptime`	include/metaprogram.h include/random.h
366	10139	1.16.1	Battle AI	Fixed	pending	g4_ai_tests_pokemon_sprites	이미 적용(다른 형태)	fail	fail	Y	3	99	8	8d3d8c50f9	Prevent AI illegally targeting itself in doubles	src/battle_ai_main.c test/battle/ai/ai.c test/battle/trainer_slides.c
367	10105	1.16.1	Battle General	Fixed	pending	g1_battle_fixed_a	이미 적용	fail	fail	-	1	3	1	9099db9744	Fix player's hp display showing 0 max hp for p2 in link battles after taking damage	src/battle_controllers.c
368	10149	1.16.1	Battle General	Fixed	pending	g1_battle_fixed_a	충돌	fail	fail	Y	5	40	2	41467c049e	Fix generic ability ineffective battle message misuse	src/battle_message.c test/battle/ability/flash_fire.c test/battle/ability/insomnia.c test/battle/ability/shadow_tag.c test/battle/ability/vital_spirit.c
369	10147	1.16.1	General	Fixed	pending	g5_general_cleanup_docs	미적용·안전 이식 가능	ok	fail	-	1	2	2	a59a30d031	Fix HGSS Dex Form Strings	src/pokedex_plus_hgss.c
372	10141	1.16.2	Sprites	Added	pending	g4_ai_tests_pokemon_sprites	미적용·수동 적응 가능	fail	fail	-	28	90	34	1855e009a6	More Gen VII animation data added	graphics/pokemon/bounsweet/anim_front.png graphics/pokemon/bounsweet/front.png graphics/pokemon/bruxish/anim_front.png graphics/pokemon/bruxish/front.png graphics/pokemon/comfey/anim_front.png graphics/pokemon/comfey/front.png graphics/pokemon/cosmog/anim_front.png graphics/pokemon/cosmog/front.png graphics/pokemon/dhelmise/anim_front.png graphics/pokemon/dhelmise/front.png graphics/pokemon/fomantis/anim_front.png graphics/pokemon/fomantis/front.png graphics/pokemon/komala/anim_front.png graphics/pokemon/komala/front.png graphics/pokemon/morelull/anim_front.png graphics/pokemon/morelull/front.png graphics/pokemon/palossand/anim_front.png graphics/pokemon/palossand/front.png graphics/pokemon/sandygast/anim_front.png graphics/pokemon/sandygast/front.png graphics/pokemon/shiinotic/anim_front.png graphics/pokemon/shiinotic/front.png graphics/pokemon/steenee/anim_front.png graphics/pokemon/steenee/front.png graphics/pokemon/tsareena/anim_front.png …
373	10132	1.16.2	Battle General	Fixed	ported-A	g1_battle_fixed_a	부분 적용	-	-	Y	8	175	127	08e503fb66	Fix Strong Winds interactions with Weather Ball and healing moves	src/battle_script_commands.c src/battle_util.c test/battle/ability/delta_stream.c test/battle/ability/desolate_land.c test/battle/ability/primordial_sea.c test/battle/move_effect/roost.c test/battle/move_effect/weather_ball.c test/battle/weather/strong_winds.c
374	10144	1.16.2	Battle General	Fixed	pending	g1_battle_fixed_a	충돌	fail	fail	Y	15	135	99	9e4eb2648c	Fix effectiveness message order and Psychic Terrain/Magic Bounce interaction	include/battle_util.h include/constants/battle_string_ids.h src/battle_ai_util.c src/battle_message.c src/battle_move_resolution.c src/battle_script_commands.c src/battle_tv.c src/battle_util.c test/battle/ability/normalize.c test/battle/ability/parental_bond.c test/battle/ability/water_veil.c test/battle/move_effect/psychic_terrain.c test/battle/move_effect/revival_blessing.c test/battle/spread_moves.c test/battle/trainer_slides.c
375	10161	1.16.2	Battle General	Fixed	pending	g1_battle_fixed_a	미적용·선행 필요	fail	fail	Y	8	115	73	59d808e3d6	Fixes Future Sight attacker in party issues	data/battle_scripts_1.s include/battle.h include/battle_util.h src/battle_end_turn.c src/battle_hold_effects.c src/battle_move_resolution.c src/battle_util.c test/battle/move_effect/future_sight.c
376	10156	1.16.2	General	Added	pending	g5_general_cleanup_docs	미적용·선행 필요	fail	fail	-	9	95	26	79e34b656d	fatal_assertf	graphics/crash_screen/fatalf.pal graphics/crash_screen/{palette.pal => assertf.pal} include/assertf.h src/assertf.c src/bg.c src/malloc.c src/sprite.c src/window.c test/test_test_runner.c
377	10169	1.16.2	Battle General	Fixed	pending	g1_battle_fixed_a	미적용·안전 이식 가능	fail	fail	Y	7	66	14	36546d3b2b	Fixes Toxic Poison counter not being incremented on Poison Heal	include/battle_util.h src/battle_end_turn.c src/battle_move_resolution.c src/battle_switch_in.c src/battle_util.c src/data/pokemon/form_change_tables.h test/battle/ability/poison_heal.c
378	9642	1.16.2	Test Runner	Added	pending	g4_ai_tests_pokemon_sprites	HNS와 무관(테스트 전용)	fail	fail	-	5	117	1	4d40daac8a	Add test support for inventory management in battle	include/test/battle.h include/test_result.h src/battle_controller_recorded_player.c test/test_runner_battle.c test/test_test_runner.c
379	10155	1.16.2	Test Runner	Changed	pending	g4_ai_tests_pokemon_sprites	HNS와 무관(테스트·툴 전용)	fail	fail	-	5	232	257	d128aefe21	Test Runner: Replace :L hack	include/test/battle.h include/test/test.h test/test_runner.c test/test_runner_battle.c tools/mgba-rom-test-hydra/main.c
380	10189	1.16.2	Moves	Changed	pending	g3_battle_changes_moves_abilities_items	이미 적용	fail	fail	-	1	1	0	4eee1d0478	Fix Twister using Secret Power's animation	data/battle_anim_scripts.s
381	10191	1.16.2	Overworld	Fixed	ported-A	g6_overworld_refactors	미적용·수동 적응 가능	-	-	-	1	2	3	70dbb6151a	Fix event mon stat calculate without ivs	src/pokemon.c
383	10186	1.16.2	Battle General	Fixed	pending	g1_battle_fixed_a	미적용·안전 이식 가능	fail	fail	Y	8	147	52	104b0db1ad	Fixes Supreme Overlord and Last Respects wrong faint counter	include/battle.h include/battle_util.h src/battle_move_resolution.c src/battle_script_commands.c src/battle_util.c test/battle/ability/supreme_overlord.c test/battle/move_effect/last_resort.c test/battle/move_effect/last_respects.c
384	10207	1.16.2	Battle General	Fixed	ported-A	g1_battle_fixed_a	미적용·안전 이식 가능	-	-	Y	2	29	6	92a4c68d71	Fix Bad Dreams leaving `ABILITY_POPUP` stuck open	data/battle_scripts_1.s test/battle/ability/bad_dreams.c
385	10194	1.16.2	General	Fixed	pending	g5_general_cleanup_docs	미적용·안전 이식 가능	fail	fail	-	1	13	4	7ec8fd2f91	Check if species is disabled when filling pc boxes	src/debug.c
386	10210	1.16.2	General	Fixed	pending	g5_general_cleanup_docs	HNS와 무관	fail	fail	-	2	4	0	d3b79d1a63	Fix declaration after label errors	src/battle_move_resolution.c src/follower_npc.c
387	9807	1.16.2	Test Runner	Changed	pending	g4_ai_tests_pokemon_sprites	HNS와 무관(테스트 전용)	fail	fail	-	4	295	40	e656b9b824	Battle Test: Failure Suggestions	include/test/battle.h include/test_result.h test/test_runner.c test/test_runner_battle.c
388	10195	1.16.2	Overworld	Fixed	pending	g6_overworld_refactors	**이미 적용(다른 형태)**	fail	fail	-	3	47	32	153e2b2e24	Fix icon tags for eggs and female icons not being properly cleared	include/pokemon_icon.h src/pokemon_icon.c src/pokemon_storage_system.c
389	10213	1.16.2	Battle General	Fixed	ported-A	g1_battle_fixed_a	미적용·안전 이식 가능	-	-	Y	3	140	9	14ebdb3591	Fixes Smack Down not clearing correct values	src/battle_move_resolution.c src/pokemon.c test/battle/move_effect/smack_down.c
390	10216	1.16.2	Battle General	Fixed	pending	g1_battle_fixed_a	HNS와 무관	fail	fail	Y	3	5	2	291ae7c48b	Fixes Curse wrong animation being played	data/battle_scripts_1.s src/battle_move_resolution.c src/battle_script_commands.c
391	10208	1.16.2	Sprites	Added	pending	g4_ai_tests_pokemon_sprites	부분 적용	fail	fail	-	31	99	40	c034ecf8df	More Gen VII Animation Data	graphics/pokemon/crabominable/anim_front.png graphics/pokemon/crabominable/front.png graphics/pokemon/crabrawler/anim_front.png graphics/pokemon/crabrawler/front.png graphics/pokemon/kartana/anim_front.png graphics/pokemon/kartana/front.png graphics/pokemon/melmetal/anim_front.png graphics/pokemon/melmetal/front.png graphics/pokemon/meltan/anim_front.png graphics/pokemon/meltan/front.png graphics/pokemon/mudbray/anim_front.png graphics/pokemon/mudbray/front.png graphics/pokemon/mudsdale/anim_front.png graphics/pokemon/mudsdale/front.png graphics/pokemon/naganadel/anim_front.png graphics/pokemon/naganadel/front.png graphics/pokemon/oricorio/anim_front.png graphics/pokemon/oricorio/front.png graphics/pokemon/oricorio/pau/anim_front.png graphics/pokemon/oricorio/pau/front.png graphics/pokemon/oricorio/pom_pom/anim_front.png graphics/pokemon/oricorio/pom_pom/front.png graphics/pokemon/oricorio/sensu/anim_front.png graphics/pokemon/oricorio/sensu/front.png graphics/pokemon/poipole/anim_front.png …
392	10198	1.16.2	Documentation	-	pending	g5_general_cleanup_docs	HNS와 무관	fail	fail	-	2	30	2	6233cf8cb6	Changes to mapjson.cpp and how_to_frlg.md	docs/tutorials/how_to_frlg.md tools/mapjson/mapjson.cpp
393	10225	1.16.2	Items	Changed	pending	g3_battle_changes_moves_abilities_items	미적용·안전 이식 가능(수동 적응)	fail	fail	-	4	0	10	4828bbfc21	Remove the preproc around Strange Ball OW graphic	src/data/object_events/object_event_graphics.h src/data/object_events/object_event_graphics_info_followers.h src/data/object_events/object_event_pic_tables.h src/event_object_movement.c
394	10227	1.16.2	Battle General	Fixed	pending	g1_battle_fixed_a	미적용·안전 이식 가능	ok	fail	Y	2	35	1	bea3a3ac4f	Fix Sea of Fire damage immunities	src/battle_end_turn.c test/battle/move_effect/pledge.c
395	10228	1.16.2	Battle General	Fixed	ported-A	g1_battle_fixed_a	미적용·안전 이식 가능	-	-	Y	5	30	6	2bb2deb3cf	Fix dynamic Fire-type moves not thawing frozen targets	include/battle_script_commands.h src/battle_ai_main.c src/battle_move_resolution.c src/battle_script_commands.c test/battle/status1/freeze.c
396	10229	1.16.2	Battle General	Fixed	pending	g1_battle_fixed_a	미적용·안전 이식 가능	ok	fail	Y	2	21	3	6ff70bd01b	Fix OHKO moves ignoring Glaive Rush accuracy bypass	src/battle_util.c test/battle/move_effect/glaive_rush.c
397	10226	1.16.2	Battle General	Fixed	pending	g1_battle_fixed_a	미적용·선행 필요	fail	fail	Y	5	133	12	87fe791be7	Fix Psycho Shift status transfer interactions	data/battle_scripts_1.s src/battle_ai_main.c src/battle_ai_switch.c src/battle_script_commands.c test/battle/move_effect/psycho_shift.c
398	10231	1.16.2	Battle General	Fixed	pending	g1_battle_fixed_a	미적용·안전 이식 가능	fail	fail	Y	5	42	3	1957e20a68	Fix Emergency Exit being skipped after Shell Bell recovery	include/battle.h src/battle_hold_effects.c src/battle_main.c src/battle_util.c test/battle/ability/emergency_exit.c
399	10247	1.16.2	Overworld	Fixed	ported-A	g6_overworld_refactors	미적용·수동 적응 가능	-	-	-	2	6	6	07f10612ab	fix(spots): add arguments to incgfx and check for isEgg	src/decompress.c src/pokemon_spots.c
400	10242	1.16.2	Overworld	Fixed	ported-A	g6_overworld_refactors	미적용·수동 적응 가능	-	-	-	1	3	1	379122dfc3	Fix checking item id instead of hold effect for hold_effect_repel	src/wild_encounter.c
401	10250	1.16.2	Pokémon	Changed	pending	g4_ai_tests_pokemon_sprites	이미 적용	fail	fail	-	7	19	19	3e1dbace90	Add new data from Champions Regulation M-B	include/constants/abilities.h src/data/abilities.h src/data/pokemon/species_info/gen_1_families.h src/data/pokemon/species_info/gen_4_families.h src/data/pokemon/species_info/gen_5_families.h src/data/pokemon/species_info/gen_6_families.h src/data/pokemon/species_info/gen_8_families.h
402	10241	1.16.2	General	Fixed	ported-A	g5_general_cleanup_docs	미적용·안전 이식 가능	-	-	-	1	1	1	44ef98a6b9	Fix off by one error in randomweightedIndex	src/random.c
403	10219	1.16.2	Battle General	Fixed	pending	g1_battle_fixed_a	미적용·안전 이식 가능	ok	fail	-	1	1	1	6c02f93ad7	Fix incorrect style flagging for Battle Factory	src/battle_factory.c
404	10185	1.16.2	Battle General	Fixed	pending	g1_battle_fixed_a	미적용·선행 필요	fail	fail	Y	9	91	19	722197022a	Fixes Mirror Herb erroneous activations	data/battle_scripts_1.s include/battle.h include/battle_stat_change.h include/constants/battle_stat_change.h src/battle_hold_effects.c src/battle_script_commands.c src/battle_stat_change.c src/battle_util.c test/battle/hold_effect/mirror_herb.c
405	10263	1.16.2	Battle General	Fixed	pending	g1_battle_fixed_a	미적용·안전 이식 가능	fail	fail	Y	8	97	72	14bf5f645e	Fixes TARGET_FIELD moves failing when partner is not on the field	include/battle_ai_util.h include/battle_controllers.h src/battle_ai_util.c src/battle_controller_opponent.c src/battle_controller_player_partner.c src/battle_controllers.c test/battle/ai/ai.c test/battle/move_effect/trick_room.c
406	10272	1.16.2	Battle General	Fixed	pending	g1_battle_fixed_a	미적용·안전 이식 가능	fail	fail	Y	4	115	49	e4fdd7fd05	Fix Mimikyu Busted and Eiscue Noice reverting when revived	src/data/pokemon/form_change_tables.h test/battle/ai/ai_switching.c test/battle/item_effect/revive.c test/battle/move_effect/revival_blessing.c
407	10262	1.16.2	Moves	Fixed	pending	g3_battle_changes_moves_abilities_items	미적용·안전 이식 가능	ok	fail	-	1	1	1	b99912aba5	Fix Trick Room animation playing on wrong battler	data/battle_anim_scripts.s
408	10287	1.16.2	Battle General	Fixed	pending	g1_battle_fixed_a	HNS와 무관	fail	fail	Y	1	1	1	6a62655b28	Fixes Totem aura message mentioning wrong battler	src/battle_message.c
409	10289	1.16.2	Battle General	Fixed	pending	g1_battle_fixed_a	미적용·안전 이식 가능	fail	fail	Y	4	60	1	7301d297ce	Fixes Binding Band no longer affecting bound battler's hp decrease when nullified	include/constants/battle.h src/battle_end_turn.c src/battle_util.c test/battle/hold_effect/binding_band.c
410	10288	1.16.2	Battle General	Fixed	pending	g1_battle_fixed_a	미적용·안전 이식 가능	fail	fail	Y	3	52	19	00ed3c8de0	Fixes Pursuit activating Eject Button on switching foe	src/battle_move_resolution.c src/battle_util.c test/battle/move_effect/pursuit.c
411	10281	1.16.2	Overworld	Fixed	pending	g6_overworld_refactors	HNS와 무관	fail	fail	-	1	1	1	ea1043afdf	Bugfix: Added missing spritesheet rules to frlg maniac ow	src/data/object_events/object_event_graphics.h
412	10278	1.16.2	Battle General	Fixed	pending	g1_battle_fixed_a	미적용·안전 이식 가능	fail	fail	Y	7	181	3	82b10d7c0e	Fix Incinerate item handling and Core Enforcer targeting	src/battle_script_commands.c src/data/moves_info.h test/battle/ability/harvest.c test/battle/ability/poison_touch.c test/battle/ability/toxic_chain.c test/battle/move_effect/core_enforcer.c test/battle/move_effect_secondary/incinerate.c
413	10175	1.16.2	Battle General	Fixed	pending	g1_battle_fixed_a	HNS와 무관	fail	fail	Y	5	89	5	1db57c07e3	Fix Target Failure for Ally	src/battle_move_resolution.c src/data/moves_info.h test/battle/move_effect/captivate.c test/battle/move_effect/gear_up.c test/battle/move_effect/venom_drench.c
414	10230	1.16.2	Overworld	Fixed	pending	g6_overworld_refactors	**이미 적용**	fail	fail	-	1	21	15	bb373b852c	Fix GetRandomDifferentSpeciesSeenByPlayer issues with disabled species	src/tv.c
415	10302	1.16.2	Battle AI	Fixed	ported-A	g4_ai_tests_pokemon_sprites	미적용·수동 적응 가능	-	-	Y	2	18	0	fca2d4a35f	Fix AI partner seeing all moves bad on dead adjacent opponent battler	src/battle_ai_switch.c test/battle/ai/ai_multi.c
416	10306	1.16.2	Battle General	Fixed	pending	g1_battle_fixed_a	HNS와 무관	fail	fail	Y	2	105	3	12f800207d	Fix Eerie Spell PP reduction for Max Moves	src/battle_script_commands.c test/battle/move_effect_secondary/eerie_spell.c
417	10307	1.16.2	Battle General	Fixed	pending	g1_battle_fixed_a	미적용·안전 이식 가능	fail	fail	Y	2	51	20	327ea2088e	Fix Mental Herb leaving volatile status timers uncleared	src/battle_hold_effects.c test/battle/hold_effect/mental_herb.c
418	10295	1.16.2	Battle General	Fixed	pending	g1_battle_fixed_a	미적용·안전 이식 가능	fail	fail	Y	7	187	7	66ab669679	Fix Commander simultaneous switch and unintended Dondozo switch-outs	asm/macros/battle_script.inc data/battle_scripts_1.s src/battle_main.c src/battle_move_resolution.c src/battle_script_commands.c src/battle_util.c test/battle/ability/commander.c
419	10309	1.16.2	Battle General	Fixed	pending	g1_battle_fixed_a	미적용·안전 이식 가능	fail	fail	-	1	2	0	0394adf411	Fix moveanim being played after hitanim and healthbarupdate	src/battle_move_resolution.c
420	10315	1.16.2	Battle General	Fixed	pending	g1_battle_fixed_a	충돌	fail	fail	Y	3	31	23	4362234013	Fixes Dragon Darts after hit messages	src/battle_move_resolution.c src/battle_script_commands.c test/battle/move_effect/dragon_darts.c
421	10313	1.16.2	Overworld	Fixed	pending	g6_overworld_refactors	**이미 적용**	fail	fail	-	1	37	2	1d5146f4a8	Fix flicker when moving pokemon from box to party	src/pokemon_storage_system.c
422	10285	1.16.2	Battle AI	Fixed	pending	g4_ai_tests_pokemon_sprites	HNS와 무관(#9730 Stat Change Refactor 경로의 회	fail	fail	Y	3	9	20	acbefb72fd	Fix move effect ai stat change check	include/battle_ai_util.h src/battle_ai_main.c src/battle_ai_util.c
423	10322	1.16.2	Overworld	Fixed	pending	g6_overworld_refactors	미적용·수동 적응 가능	fail	fail	-	3	13	7	4d19ec397c	fix(sprite): handle weather blending for BLEND_IMMUNE_FLAG	src/field_weather.c src/money.c src/overworld.c
424	10332	1.16.2	General	Changed	pending	g5_general_cleanup_docs	HNS와 무관	ok	fail	-	1	32	28	fce6ae04b5	Fix excessive indentation in trainer_pools.c	src/trainer_pools.c
425	10325	1.16.2	Battle General	Fixed	pending	g1_battle_fixed_a	미적용·안전 이식 가능	fail	fail	Y	6	54	16	74e40e0339	Fix Symbiosis not triggering after Cheek Pouch	data/battle_scripts_1.s include/battle_util.h src/battle_move_resolution.c src/battle_script_commands.c src/battle_util.c test/battle/ability/symbiosis.c
426	10327	1.16.2	Pokémon	Changed	pending	g4_ai_tests_pokemon_sprites	이미 적용	fail	ok	-	4	27	18	8f318624dc	Fix Ursaluna Bloodmoon and Pikachu forms overworld sprites	graphics/pokemon/ursaluna/bloodmoon/overworld.png graphics/pokemon/ursaluna/bloodmoon/overworld_normal.pal graphics/pokemon/ursaluna/bloodmoon/overworld_shiny.pal src/data/pokemon/species_info/gen_2_families.h
427	10329	1.16.2	Overworld	Fixed	ported-A	g6_overworld_refactors	미적용·안전 이식 가능	-	-	-	1	21	9	d87e4e2a71	fix(trainer-see):  fix trainer type SEE_ALL_DIRECTIONS not facing player	src/trainer_see.c
428	10344	1.16.2	Battle General	Fixed	ported-A	g2_battle_fixed_b	미적용·안전 이식 가능(수동)	-	-	Y	4	71	5	59ae72a107	Fix Future Sight triggering reactive items and abilities	src/battle_hold_effects.c src/battle_move_resolution.c src/battle_util.c test/battle/move_effect/future_sight.c
429	10342	1.16.2	Battle AI	Fixed	ported-A	g4_ai_tests_pokemon_sprites	미적용·수동 적응 가능(비스탯 hunk) / 스탯 hunk는 HNS와 무	-	-	Y	3	49	37	983e7bfaf3	Fix reversed AI battlerAtk and battlerDef usage	include/battle_ai_util.h src/battle_ai_main.c src/battle_ai_util.c
430	10353	1.16.2	General	Changed	pending	g5_general_cleanup_docs	HNS와 무관	ok	fail	-	1	2	2	f284e5e589	Update how to pokemon	docs/tutorials/how_to_new_pokemon.md
431	10354	1.16.2	Battle General	Fixed	pending	g2_battle_fixed_b	**충돌**	fail	fail	Y	4	241	190	3e3b79d916	Fix Thousand Arrows not grounding both targets	data/battle_scripts_1.s src/battle_message.c src/battle_move_resolution.c test/battle/move_effect/smack_down.c
432	10357	1.16.2	Battle General	Fixed	pending	g2_battle_fixed_b	미적용·안전 이식 가능	fail	fail	Y	5	0	30	241b56a197	Fix Commander suppression and overwrite flags	src/data/abilities.h test/battle/hold_effect/eject_button.c test/battle/move_effect/gastro_acid.c test/battle/move_effect/overwrite_ability.c test/battle/move_effect/role_play.c
433	10358	1.16.2	Test Runner	Fixed	pending	g4_ai_tests_pokemon_sprites	HNS와 무관(테스트 전용)	ok	fail	Y	2	8	7	315c22c384	Fix incorrect Mummy and Doodle ability tests	test/battle/ability/mummy.c test/battle/move_effect/doodle.c
434	10345	1.16.2	Moves	Fixed	pending	g3_battle_changes_moves_abilities_items	HNS와 무관	ok	fail	-	1	6	16	651edaf8f6	fix(battle-anim): fix gust colour cycling animation	src/battle_anim_flying.c
437	10350	1.16.3	Battle General	Fixed	pending	g2_battle_fixed_b	미적용·선행 필요	fail	fail	Y	8	115	43	ee57d25fe9	Fix some Mirror Armor issues	include/battle_stat_change.h include/battle_util.h include/config/battle.h include/constants/config_changes.h src/battle_stat_change.c src/battle_util.c test/battle/ability/mirror_armor.c test/battle/move_effect/sticky_web.c
438	10317	1.16.3	Battle General	Fixed	pending	g2_battle_fixed_b	미적용·안전 이식 가능(수동)	fail	fail	Y	4	283	35	54ef31796a	Fix Commander edge cases with Multi Battles, switching, and gimmicks	src/battle_move_resolution.c src/battle_script_commands.c src/battle_util.c test/battle/ability/commander.c
439	10368	1.16.3	Pokémon	Fixed	pending	g4_ai_tests_pokemon_sprites	HNS와 무관	fail	fail	-	1	7	1	d0041df7a3	Fix duplicate CANCEL entry in move relearner list after replacing a move	src/move_relearner.c
440	10364	1.16.3	Other Cleanup	-	pending	g5_general_cleanup_docs	HNS와 무관	fail	fail	-	1	84	41	c973abe7c8	Fix incorrect changelog in 1.16.2	docs/changelogs/1.16.x/1.16.2.md
444	10369	1.16.3	Battle General	Fixed	pending	g2_battle_fixed_b	미적용·안전 이식 가능	ok	fail	-	1	4	1	74caba77a6	Fix single-target moves hitting all foes in the shared shadow animation	src/battle_anim_ghost.c
445	10366	1.16.3	Battle General	Fixed	pending	g2_battle_fixed_b	미적용·안전 이식 가능	fail	fail	Y	11	201	199	6e60dabaf9	Fix Orichalcum Pulse and Hadron Engine Ability Flags	src/battle_ai_field_statuses.c src/data/abilities.h test/battle/ability/desolate_land.c test/battle/ability/drizzle.c test/battle/ability/drought.c test/battle/ability/hadron_engine.c test/battle/ability/orichalcum_pulse.c test/battle/ability/primordial_sea.c test/battle/ability/sand_spit.c test/battle/ability/sand_stream.c test/battle/ability/snow_warning.c
446	10323	1.16.3	General	Changed	pending	g5_general_cleanup_docs	HNS와 무관	fail	fail	-	6	61	53	e4c67fdea8	refactor: unified trainer slide and script comparison operators	asm/macros/event.inc data/event_scripts.s include/constants/comparison_operators.h include/constants/trainer_slide.h src/scrcmd.c src/trainer_slide.c
447	10199	1.16.3	Other Cleanup	-	pending	g5_general_cleanup_docs	HNS와 무관	fail	fail	-	7	609	11	662421c922	Dynamic Multichoice Tutorial	asm/macros/event.inc data/scripts/debug.inc docs/SUMMARY.md docs/tutorials/how_to_dynmultichoice.md docs/tutorials/img/dynmultichoice/clipping_example.png docs/tutorials/img/dynmultichoice/coordinates_guide.png include/constants/script_menu.h
448	10349	1.16.3	General	Fixed	pending	g5_general_cleanup_docs	미적용·안전 이식 가능	ok	fail	-	1	2	2	f4748fcb02	Fix sprite fill function	src/sprite.c
449	10386	1.16.3	Battle General	Fixed	pending	g2_battle_fixed_b	미적용·선행 필요	fail	fail	Y	4	80	38	9621cae24a	Fixes bounced moves not activating some effects	include/battle.h src/battle_move_resolution.c test/battle/hold_effect/throat_spray.c test/battle/move_effect/parting_shot.c
450	10392	1.16.3	General	Fixed	pending	g5_general_cleanup_docs	미적용·안전 이식 가능	ok	fail	-	1	3	3	be48038854	Fix sprite fills being broken in some cases	src/sprite.c
451	10389	1.16.3	Battle General	Fixed	pending	g2_battle_fixed_b	미적용·안전 이식 가능(수동)	fail	fail	Y	5	50	4	32e55b543f	Fix Unseen Fist / Mummy interaction	include/battle.h src/battle_move_resolution.c src/battle_util.c test/battle/ability/scrappy.c test/battle/ability/unseen_fist.c
452	10388	1.16.3	Battle General	Fixed	pending	g2_battle_fixed_b	미적용·선행 필요	ok	fail	Y	3	21	3	71f809757f	Fix Aromatherapy not being blocked by Sap Sipper	data/battle_scripts_1.s src/data/moves_info.h test/battle/move_effect/heal_bell.c
453	10387	1.16.3	Pokémon	Fixed	pending	g4_ai_tests_pokemon_sprites	HNS와 무관	ok	fail	-	1	10	10	1e9c1c79c7	Remove text encoding error in `za.json`	tools/learnset_helpers/porymoves_files/za.json
454	10385	1.16.3	General	Fixed	pending	g5_general_cleanup_docs	HNS와 무관	ok	fail	-	2	26	28	d85acd963a	Fix FRLG Magikarp and Heracross size units	data/maps/Route12_FishingHouse_Frlg/scripts.inc data/maps/SixIsland_WaterPath_House1_Frlg/scripts.inc
455	10382	1.16.3	Overworld	Fixed	pending	g6_overworld_refactors	미적용·수동 적응 가능	fail	fail	-	1	5	7	6565dc525f	Fix debug time scripts leaving followers frozen	data/scripts/debug.inc
456	10381	1.16.3	Battle AI	Changed	pending	g4_ai_tests_pokemon_sprites	HNS와 무관(테스트 전용)	fail	fail	Y	1	135	188	c9d0601b41	Renaming + reworking Can Use All Moves to Values Moves Over Splash.	test/battle/ai/{can_use_all_moves.c => values_moves_over_splash.c}
457	10395	1.16.3	Battle General	Changed	pending	g3_battle_changes_moves_abilities_items	미적용·안전 이식 가능(수동 적응, 사용자 확인 필요)	fail	fail	Y	7	149	3	88158da22b	Fix Orichalcum Pulse and Hadron Engine Activation Messages	data/battle_scripts_1.s include/battle_scripts.h include/constants/battle_string_ids.h src/battle_message.c src/battle_util.c test/battle/ability/hadron_engine.c test/battle/ability/orichalcum_pulse.c
458	10379	1.16.3	Test Runner	Fixed	pending	g4_ai_tests_pokemon_sprites	HNS와 무관(테스트 전용)	ok	fail	Y	1	43	7	fd198d3548	Fix inverse battle matchup parametrization	test/battle/inverse_battle.c
459	10390	1.16.3	Test Runner	Fixed	pending	g4_ai_tests_pokemon_sprites	HNS와 무관(러너 출력·개발 도구)	fail	fail	-	4	53	8	70591aacda	Fix Known Fails Passing showing `and 0 more` + add additional print modes	src/assertf.c test/test_runner.c test/test_runner_battle.c tools/mgba-rom-test-hydra/main.c
460	10270	1.16.3	Pokémon	Changed	pending	g4_ai_tests_pokemon_sprites	부분 적용 (충돌 hunk 1)	fail	fail	-	83	396	292	0a24c37e83	Even More Gen VII Animation Data + Gen VIII Clean Up	graphics/pokemon/appletun/anim_front.png graphics/pokemon/blacephalon/anim_front.png graphics/pokemon/blacephalon/front.png graphics/pokemon/buzzwole/anim_front.png graphics/pokemon/buzzwole/front.png graphics/pokemon/celesteela/anim_front.png graphics/pokemon/celesteela/front.png graphics/pokemon/cosmoem/anim_front.png graphics/pokemon/cosmoem/front.png graphics/pokemon/guzzlord/anim_front.png graphics/pokemon/guzzlord/front.png graphics/pokemon/lunala/anim_front.png graphics/pokemon/lunala/front.png graphics/pokemon/magearna/anim_front.png graphics/pokemon/magearna/front.png graphics/pokemon/magearna/original_color/anim_front.png graphics/pokemon/magearna/original_color/front.png graphics/pokemon/necrozma/anim_front.png graphics/pokemon/necrozma/dawn_wings/anim_front.png graphics/pokemon/necrozma/dawn_wings/front.png graphics/pokemon/necrozma/dusk_mane/anim_front.png graphics/pokemon/necrozma/dusk_mane/front.png graphics/pokemon/necrozma/front.png graphics/pokemon/nihilego/anim_front.png graphics/pokemon/nihilego/front.png …
461	10399	1.16.3	Battle AI	Fixed	pending	g4_ai_tests_pokemon_sprites	미적용·수동 적응 가능(영향 낮음)	fail	fail	Y	3	49	3	ede93f7fe7	Fix invalid switch in if ace flag is present	src/battle_ai_main.c src/battle_controller_opponent.c test/battle/ai/ai.c
462	10406	1.16.3	Battle General	Fixed	ported-A	g2_battle_fixed_b	**미적용·안전 이식 가능(최우선)**	-	-	Y	1	2	2	8e3d66d940	Intrepid and Dauntless futureproofing	src/battle_util.c
463	10343	1.16.3	Overworld	Fixed	pending	g6_overworld_refactors	미적용·수동 적응 가능	fail	fail	-	4	44	26	4e11ab8964	fix(overworld): fix tod blend settings getting updated every frame	include/overworld.h src/field_weather.c src/overworld.c src/rtc.c
464	10417	1.16.3	Overworld	Fixed	pending	g6_overworld_refactors	**이미 적용(다른 형태)**	fail	fail	-	1	2	5	d9d51bc7da	fix chooseboxmon blending when returning from summary screen (#10403)	src/pokemon_storage_system.c
465	10412	1.16.3	Battle AI	Fixed	ported-A	g4_ai_tests_pokemon_sprites	미적용·수동 적응 가능	-	-	Y	2	53	0	3f383c0b84	fix(ai): reset move data between switch-in calculations	src/battle_ai_main.c test/battle/ai/ai_switching.c
466	10411	1.16.3	Battle AI	Fixed	ported-A	g4_ai_tests_pokemon_sprites	미적용·수동 적응 가능	-	-	Y	3	100	21	8b11097c4f	fix(ai): avoid rewarding Levitate ally immunity (#10394)	src/battle_ai_main.c src/battle_util.c test/battle/ai/ai_doubles.c
467	10424	1.16.3	Battle AI	Fixed	pending	g4_ai_tests_pokemon_sprites	미적용·선행 필요	ok	fail	-	1	1	1	c0d61905ce	Fix AI Binding Band check for Wrap damage	src/battle_ai_util.c
468	10425	1.16.3	Battle AI	Fixed	ported-A	g4_ai_tests_pokemon_sprites	미적용·안전 이식 가능	-	-	Y	2	42	0	613899a370	Fix AI running Focus Punch checks on Present and Fixed HP dmg moves	src/battle_ai_main.c test/battle/ai/ai.c
469	10423	1.16.3	Items	Fixed	pending	g3_battle_changes_moves_abilities_items	이미 적용	fail	ok	-	1	4	4	42425ca6a2	Fix bag list truncation when tossing a whole stack in berry pocket	src/item_menu.c
470	10415	1.16.3	Battle General	Fixed	pending	g2_battle_fixed_b	미적용·선행 필요(**단독 적용 금지**)	fail	fail	Y	2	17	20	2393eb8364	Fix Illusion party search range for two-opponent trainers	src/battle_util.c test/battle/ability/illusion.c
471	10410	1.16.3	Overworld	Fixed	pending	g6_overworld_refactors	미적용·안전 이식 가능	ok	fail	-	1	4	0	c8c4469685	assert trainer script that needs an object event	src/battle_setup.c
472	10301	1.16.3	General	Fixed	pending	g5_general_cleanup_docs	HNS와 무관	ok	fail	-	1	5	38	58d08175d7	Fix buffer overrun in ReformatItemDescription	src/overworld.c
473	10432	1.16.3	Battle General	Fixed	pending	g2_battle_fixed_b	HNS와 무관	fail	fail	Y	3	9	4	920fc1e512	Fix frlg old man text	data/battle_scripts_2.s include/constants/battle_string_ids.h src/battle_message.c
474	10429	1.16.3	General	Fixed	pending	g5_general_cleanup_docs	-	ok	fail	-	4	19	4	f90dfc5679	Add Zero-Width-Space and fix some line break handling	charmap.txt include/constants/characters.h src/line_break.c src/text.c
475	10298	1.16.3	Battle General	Fixed	pending	g2_battle_fixed_b	미적용·안전 이식 가능(수동)	fail	fail	Y	6	105	11	65a98a3362	New config for transformed pokemon properties	include/config/battle.h include/constants/config_changes.h src/battle_main.c src/battle_script_commands.c test/battle/capture.c test/battle/exp.c
476	10428	1.16.3	Battle General	Changed	pending	g3_battle_changes_moves_abilities_items	미적용·안전 이식 가능(브레이브차지 스탯 hunk 제외)	fail	fail	-	1	10	5	40b0bbb35a	Fix outdated move data	src/data/moves_info.h
477	10436	1.16.3	Battle General	Fixed	pending	g2_battle_fixed_b	HNS와 무관	ok	fail	Y	1	1	2	159d3adf32	Fix send mon text in frlg first battle	src/battle_message.c
478	10437	1.16.3	General	Changed	pending	g5_general_cleanup_docs	HNS와 무관	ok	fail	-	1	1	2	0d3f8e1e8c	cleanup: remove comment with incorrect time labels	asm/macros/event.inc
479	10442	1.16.3	General	Changed	pending	g5_general_cleanup_docs	미적용·안전 이식 가능	ok	fail	-	3	1	15	477a270831	fix(cleanup): remove unused variables	src/battle_ai_items.c src/battle_anim_water.c src/string_util.c
480	10441	1.16.3	Battle General	Fixed	pending	g2_battle_fixed_b	미적용·선행 필요	fail	fail	Y	3	8	8	9a432c069e	Fix in which gens B_TRANSFORM_BATTLE_REWARDS effects apply	include/config/battle.h src/battle_script_commands.c test/battle/exp.c
481	10445	1.16.3	Overworld	Fixed	pending	g6_overworld_refactors	HNS와 무관	fail	fail	-	1	1	1	12a26df623	Fix Box ID Var not being updated when opening Move Relearner from Summary Screen	src/pokemon_summary_screen.c
482	10448	1.16.3	Battle General	Fixed	pending	g2_battle_fixed_b	미적용·안전 이식 가능(수동)	fail	fail	Y	2	39	0	27cff66d36	Fix Struggle recoil damage not using standard rounding	src/battle_script_commands.c test/battle/move_effect/struggle.c
483	10397	1.16.3	Pokémon	Fixed	pending	g4_ai_tests_pokemon_sprites	부분 적용	fail	fail	Y	3	34	2	7b2dc5413c	Fix ANIM_RAPID_H_HOPS freezing the game when opponent is wild shiny	src/battle_anim_throw.c src/pokemon_animation.c test/battle/front_anim.c
484	10346	1.16.3	Pokémon	Changed	pending	g4_ai_tests_pokemon_sprites	부분 적용	fail	fail	-	15	33	32	735b22e04f	PokeCommunity sprites batch (June 2026)	graphics/pokemon/crabominable/mega/icon.png graphics/pokemon/garchomp/mega_z/back.png graphics/pokemon/garchomp/mega_z/front.png graphics/pokemon/garchomp/mega_z/normal.pal graphics/pokemon/garchomp/mega_z/shiny.pal graphics/pokemon/meowstic/mega/icon.png graphics/pokemon/scolipede/mega/icon.png graphics/pokemon/staraptor/mega/icon.png graphics/pokemon/zacian/crowned_sword/icon.png graphics/pokemon/zacian/icon.png graphics/pokemon/zamazenta/crowned_shield/icon.png graphics/pokemon/zamazenta/icon.png src/data/graphics/pokemon.h src/data/pokemon/species_info/gen_4_families.h src/data/pokemon/species_info/gen_8_families.h
485	10414	1.16.3	Pokémon	Changed	pending	g4_ai_tests_pokemon_sprites	부분 적용 (충돌 1)	fail	fail	-	80	335	147	df30c0b1a2	Alolan and Mega Form Animation Frames	graphics/pokemon/aerodactyl/mega/anim_front.png graphics/pokemon/aerodactyl/mega/front.png graphics/pokemon/alakazam/mega/anim_front.png graphics/pokemon/alakazam/mega/front.png graphics/pokemon/beedrill/mega/anim_front.png graphics/pokemon/beedrill/mega/front.png graphics/pokemon/blastoise/mega/anim_front.png graphics/pokemon/blastoise/mega/front.png graphics/pokemon/charizard/mega_x/anim_front.png graphics/pokemon/charizard/mega_x/front.png graphics/pokemon/charizard/mega_y/anim_front.png graphics/pokemon/charizard/mega_y/front.png graphics/pokemon/diglett/alola/anim_front.png graphics/pokemon/diglett/alola/front.png graphics/pokemon/dugtrio/alola/anim_front.png graphics/pokemon/dugtrio/alola/front.png graphics/pokemon/gengar/mega/anim_front.png graphics/pokemon/gengar/mega/front.png graphics/pokemon/geodude/alola/anim_front.png graphics/pokemon/geodude/alola/back.png graphics/pokemon/geodude/alola/front.png graphics/pokemon/geodude/alola/normal.pal graphics/pokemon/geodude/alola/shiny.pal graphics/pokemon/golem/alola/anim_front.png graphics/pokemon/golem/alola/front.png …
486	10469	1.16.3	General	Changed	pending	g5_general_cleanup_docs	HNS와 무관	fail	fail	-	1	2	12	8b6885ecec	Cleanup debug.inc	data/scripts/debug.inc
487	10476	1.16.3	Battle General	Fixed	ported-A	g2_battle_fixed_b	미적용·안전 이식 가능	-	-	Y	2	17	0	0d045a1d67	Fix Court Change hazard count swapping	src/battle_script_commands.c test/battle/move_effect/court_change.c
488	10433	1.16.3	Battle General	Fixed	pending	g2_battle_fixed_b	미적용·안전 이식 가능(수동, 중간 규모)	fail	fail	Y	9	91	28	d85fca45c8	Fix Opportunist and Mirror Herb not triggering during the end turn	include/battle_hold_effects.h include/constants/battle_end_turn.h src/battle_end_turn.c src/battle_hold_effects.c src/battle_main.c src/battle_switch_in.c src/data/hold_effects.h test/battle/ability/opportunist.c test/battle/hold_effect/mirror_herb.c
489	10477	1.16.3	Battle General	Fixed	pending	g2_battle_fixed_b	이미 적용(동등)	fail	fail	Y	2	37	5	0f5c51b42f	Fix Misty Terrain grounding check	src/battle_util.c test/battle/move_effect/misty_terrain.c
490	10409	1.16.3	Battle AI	Fixed	ported-A	g4_ai_tests_pokemon_sprites	미적용·안전 이식 가능	-	-	-	2	22	19	b88200a4bf	Fix AI target filtering and debug score highlighting	src/battle_ai_main.c src/battle_debug.c
491	10514	1.16.3	Battle General	Fixed	ported-A	g2_battle_fixed_b	미적용·안전 이식 가능	-	-	Y	2	47	7	12de80e9c0	Fix Rage Fist Hit counter overflow	include/battle.h test/battle/move_effect/rage_fist.c
492	10535	1.16.3	Pokémon	Fixed	pending	g4_ai_tests_pokemon_sprites	미적용·안전 이식 가능	ok	fail	-	1	4	4	656d5eb0cd	update mega magearna pokedex entry	src/data/pokemon/species_info/gen_7_families.h
495	10527	1.16.4	General	Fixed	pending	g5_general_cleanup_docs	HNS와 무관	fail	fail	-	3	50	36	60c9b83a8a	Fix FRLG Trainer Card Setup	data/scripts/pkmn_center_nurse.inc src/pokedex.c src/trainer_card.c
496	10536	1.16.4	Battle General	Fixed	pending	g2_battle_fixed_b	미적용·선행 필요	fail	fail	Y	5	91	51	54a796027f	Multiple xp bugfixes	include/battle.h src/battle_main.c src/battle_script_commands.c src/battle_util.c test/battle/exp.c
497	10539	1.16.4	Battle General	Fixed	pending	g2_battle_fixed_b	미적용·안전 이식 가능	ok	fail	-	2	2	8	1c9dcb536a	Fix pokemon shadow reverting to species_none shadow size for one frame	src/battle_gfx_sfx_util.c src/battle_main.c
498	10547	1.16.4	Battle General	Fixed	pending	g2_battle_fixed_b	미적용·안전 이식 가능	fail	fail	Y	2	4	4	2c37e17322	Adds alive check to CanTargetBattler	src/battle_controller_player.c src/battle_util.c
499	10543	1.16.4	Battle General	Fixed	ported-A	g2_battle_fixed_b	미적용·안전 이식 가능	-	-	Y	3	36	2	a7f7e5b83a	Fix Regenerator/Natural Cure applying to the wrong party slot	src/battle_script_commands.c test/battle/ability/natural_cure.c test/battle/ability/regenerator.c
500	10550	1.16.4	Overworld	Fixed	pending	g6_overworld_refactors	HNS와 무관	ok	fail	-	3	20	4	5281aef5d8	Restore singmsg and normalmsg functionality	asm/macros/event.inc data/script_cmd_table.inc src/scrcmd.c
501	10537	1.16.4	Test Runner	Fixed	pending	g4_ai_tests_pokemon_sprites	HNS와 무관(테스트 전용)	fail	fail	Y	3	26	14	89d90faf79	Move ResetTestInventory to fix flaky error	test/battle/ghost.c test/test_runner_battle.c test/test_test_runner.c
542	10554	1.16.4	Battle General	Fixed	ported-A	g2_battle_fixed_b	미적용·안전 이식 가능	-	-	Y	1	1	0	f0a63ea025	Fix Hunger Switch Persisting on Ability pop up	data/battle_scripts_1.s
543	10551	1.16.4	Overworld	Fixed	ported-A	g6_overworld_refactors	미적용·안전 이식 가능	-	-	-	1	2	0	84a6947095	Fix follower crashing when interupting spin movement	src/field_player_avatar.c
544	10561	1.16.4	Pokémon	Changed	pending	g4_ai_tests_pokemon_sprites	HNS와 무관(목적 충족)	fail	fail	-	1	9	9	cfd1956da8	Converted Mega Staraptor's icon to INCGFX_U8	src/data/graphics/pokemon.h
545	10542	1.16.4	Battle General	Fixed	pending	g2_battle_fixed_b	HNS와 무관(순수 리팩터, 이식 비권장)	fail	fail	Y	53	813	797	a242cd18ac	Remove BATTLE_PARTNER and BATTLE_OPPOSITE macros	include/battle.h include/battle_util.h include/constants/battle.h src/battle_ai_field_statuses.c src/battle_ai_items.c src/battle_ai_main.c src/battle_ai_switch.c src/battle_ai_util.c src/battle_anim.c src/battle_anim_dark.c src/battle_anim_effects_1.c src/battle_anim_effects_2.c src/battle_anim_effects_3.c src/battle_anim_electric.c src/battle_anim_fight.c src/battle_anim_fire.c src/battle_anim_ghost.c src/battle_anim_ground.c src/battle_anim_mon_movement.c src/battle_anim_mons.c src/battle_anim_new.c src/battle_anim_normal.c src/battle_anim_poison.c src/battle_anim_psychic.c src/battle_anim_rock.c …
546	9448	1.16.4	Battle AI	Fixed	pending	g4_ai_tests_pokemon_sprites	이미 적용	fail	fail	Y	4	131	1	0956a1388d	Prevent Protect AI from blocking ally beneficial-hit setups in doubles	include/battle.h src/battle_ai_main.c src/battle_ai_util.c test/battle/ai/ai_doubles.c
547	10483	1.16.4	Battle General	Fixed	pending	g2_battle_fixed_b	미적용·안전 이식 가능(수동, 부분)	fail	fail	Y	5	55	29	b39bc1d8f5	Fix Symbiosis activation after Knock Off removed and item	src/battle_main.c src/battle_move_resolution.c src/battle_script_commands.c src/battle_util.c test/battle/ability/symbiosis.c
548	10569	1.16.4	Battle General	Fixed	pending	g2_battle_fixed_b	미적용·선행 필요	fail	fail	Y	5	43	2	44da4add28	Fix freeze when a stat-change move follows Own Tempo-blocked Swagger or No Retreat	data/battle_scripts_1.s include/battle_scripts.h src/battle_stat_change.c test/battle/move_effect/flatter.c test/battle/move_effect/no_retreat.c
549	10568	1.16.4	Battle General	Fixed	pending	g2_battle_fixed_b	미적용·선행 필요	fail	fail	Y	2	52	98	1b4b552df7	simplify party defeat functions	src/battle_script_commands.c src/battle_setup.c
550	10572	1.16.4	Battle General	Fixed	pending	g2_battle_fixed_b	HNS와 무관	fail	fail	-	2	6	15	b67210fdf9	Fix trainer slide activating for player in multi battle	src/battle_main.c src/trainer_slide.c
551	10571	1.16.4	Battle General	Fixed	pending	g2_battle_fixed_b	HNS와 무관	fail	fail	Y	6	42	60	af9773f8e9	Fix trainer slide form change	data/battle_scripts_1.s data/battle_scripts_2.s include/battle_scripts.h src/battle_dynamax.c src/battle_script_commands.c src/battle_util.c
552	10577	1.16.4	Battle General	Fixed	pending	g2_battle_fixed_b	미적용·선행 필요	fail	fail	Y	1	4	7	bccf349372	Fix restore item regression	src/battle_util.c
553	10573	1.16.4	Overworld	Fixed	pending	g6_overworld_refactors	미적용·선행 필요	fail	fail	-	3	92	9	4a39c64fe4	Rework simultaneous palette fade	include/palette.h src/field_weather.c src/palette.c
556	10590	1.16.4	Battle General	Changed	pending	g3_battle_changes_moves_abilities_items	HNS와 무관(테스트 전용)	fail	fail	Y	1	8	7	b8232d7acf	Change Howl Soundproof test to prevent user from blocking with Soundproof	test/battle/move_effect/attack_up_user_ally.c
557	10589	1.16.4	Moves	Fixed	pending	g3_battle_changes_moves_abilities_items	HNS와 무관	ok	fail	-	3	20	2	de3e43897e	Fix out-of-bounds palette writes in certain move animations	src/battle_anim_effects_1.c src/battle_anim_water.c src/util.c
558	10587	1.16.4	Battle General	Fixed	pending	g2_battle_fixed_b	이미 적용	fail	ok	-	1	2	15	097e3387e8	Fix TARGET_USER_AND_ALLY flicker	src/battle_controller_player.c
559	10557	1.16.4	Overworld	Fixed	pending	g6_overworld_refactors	HNS와 무관	ok	fail	-	2	3	0	71d90283d9	fix bard text speed	src/mauville_old_man.c src/text.c
560	10601	1.16.4	Pokémon	Fixed	pending	g4_ai_tests_pokemon_sprites	이미 적용	fail	fail	-	1	5	5	db044c13a0	Fix Pokedex Plus evolution text misalignment	src/pokedex_plus_hgss.c
561	10603	1.16.4	Pokémon	Changed	pending	g4_ai_tests_pokemon_sprites	이미 적용	fail	fail	-	8	18	18	8476ab310c	Correct the ZA Mega body colors	src/data/pokemon/species_info/gen_1_families.h src/data/pokemon/species_info/gen_2_families.h src/data/pokemon/species_info/gen_3_families.h src/data/pokemon/species_info/gen_4_families.h src/data/pokemon/species_info/gen_5_families.h src/data/pokemon/species_info/gen_6_families.h src/data/pokemon/species_info/gen_7_families.h src/data/pokemon/species_info/gen_9_families.h
562	10608	1.16.4	Battle General	Fixed	pending	g2_battle_fixed_b	HNS와 무관	fail	fail	Y	9	84	30	d61368e31c	Fix sleep clause in Multibattles + test	include/battle.h include/battle_util.h src/battle_hold_effects.c src/battle_main.c src/battle_move_resolution.c src/battle_script_commands.c src/battle_util.c src/pokemon.c test/battle/sleep_clause.c
563	10606	1.16.4	Battle General	Fixed	pending	g2_battle_fixed_b	미적용·선행 필요	fail	fail	Y	2	40	24	8f143a3753	Fix Dragon Darts checking the same target multiple times	src/battle_move_resolution.c test/battle/move_effect/dragon_darts.c
564	10464	1.16.4	Battle AI	Fixed	pending	g4_ai_tests_pokemon_sprites	이미 적용(해당분) / 나머지 HNS와 무관	fail	fail	Y	4	67	50	b89d4e8dac	Fix AI scoring for stat-changing move effects	src/battle_ai_main.c src/battle_ai_util.c test/battle/ai/ai_doubles.c test/battle/move_effect/spicy_extract.c
566	10616	1.16.4	Battle General	Fixed	pending	g2_battle_fixed_b	HNS와 무관	fail	fail	Y	18	117	50	d4f1de79ae	Fix Z-Move and Dmax moves incorrect dmg calcs	include/battle.h include/battle_dynamax.h include/battle_util.h src/battle_ai_main.c src/battle_ai_switch.c src/battle_ai_util.c src/battle_controller_player.c src/battle_dynamax.c src/battle_move_resolution.c src/battle_script_commands.c src/battle_tv.c src/battle_util.c test/battle/ai/ai.c test/battle/ai/gimmick_dynamax.c test/battle/ai/gimmick_z_move.c test/battle/gimmick/dynamax.c test/battle/gimmick/zmove.c test/battle/move_effect/court_change.c
567	10631	1.16.4	Battle General	Fixed	pending	g2_battle_fixed_b	미적용·선행 필요	fail	fail	Y	2	23	1	d95dbd1e1d	Fix stat change move accuracy	src/battle_move_resolution.c test/battle/ability/no_guard.c
568	10622	1.16.4	Battle General	Fixed	ported-A	g2_battle_fixed_b	미적용·안전 이식 가능	-	-	Y	2	27	1	fc938da350	Fix Flying Press using its secondary type for damage modifiers	src/battle_util.c test/battle/move_effect/two_typed_move.c
569	10636	1.16.4	Battle General	Fixed	pending	g2_battle_fixed_b	미적용·안전 이식 가능(수동)	fail	fail	Y	2	28	5	cbe33e386d	Fix Acupressure targetting opposing mon	src/battle_move_resolution.c test/battle/move_effect/acupressure.c
570	10639	1.16.4	Battle General	Fixed	pending	g2_battle_fixed_b	HNS와 무관	fail	fail	Y	2	46	1	4189835135	Fix Cursed Body triggering on Max Moves	src/battle_util.c test/battle/ability/cursed_body.c
571	10641	1.16.4	General	Changed	pending	g5_general_cleanup_docs	HNS와 무관	ok	fail	-	1	4	1	adea052f14	docs: updated PR template to be more explicit about AI	.github/pull_request_template.md
572	10647	1.16.4	Battle General	Fixed	pending	g2_battle_fixed_b	HNS와 무관	fail	fail	Y	1	4	1	fb786a3d64	Fix Future Sight not restoring previous battler mon	src/battle_util.c
573	10648	1.16.4	Battle General	Fixed	pending	g2_battle_fixed_b	미적용·선행 필요	fail	fail	Y	4	56	5	7cefadecdf	Fixes Sky Drop hitting replacement when original target fainted	src/battle_main.c src/battle_move_resolution.c src/battle_script_commands.c test/battle/move_effect/sky_drop.c
574	10626	1.16.4	Battle AI	Fixed	pending	g4_ai_tests_pokemon_sprites	이미 적용	fail	fail	Y	2	68	30	2e72dc134a	Fix Palafin-Hero repeatedly switching to activate Zero to Hero	src/battle_ai_switch.c test/battle/ai/ai_switching.c
575	10645	1.16.4	Battle General	Fixed	pending	g2_battle_fixed_b	미적용·안전 이식 가능(수동, 부분)	fail	fail	Y	6	13	35	57f11c47ce	Fix Acupressure targetting opposing mon	include/battle_controllers.h include/pokemon.h src/battle_controller_player.c src/battle_controllers.c src/battle_util.c src/pokemon.c
576	10612	1.16.4	General	Fixed	pending	g5_general_cleanup_docs	이미 적용	fail	ok	-	1	4	1	0cb07cece1	Fix form change sometimes not getting level up moves	src/pokemon.c
579	10654	1.16.4	Battle General	Fixed	pending	g2_battle_fixed_b	미적용·안전 이식 가능(수동)	fail	fail	Y	2	30	6	5eac99f70b	Fix Copycat failing to copy a move that fainted its target	src/battle_move_resolution.c test/battle/move_effect/copycat.c
580	10653	1.16.4	Battle General	Fixed	pending	g2_battle_fixed_b	미적용·안전 이식 가능(수동)	fail	fail	Y	2	30	0	e7568608b5	Fix Symbiosis items being consumed as resistance Berries by spread moves	src/battle_move_resolution.c test/battle/ability/symbiosis.c
581	10614	1.16.4	General	Fixed	pending	g5_general_cleanup_docs	이미 적용	fail	fail	Y	1	2	3	2502241558	Fix leveling up multiple levels at once sometmes teaching wrong moves	src/battle_script_commands.c
582	10540	1.16.4	Overworld	Fixed	pending	g6_overworld_refactors	HNS와 무관	fail	fail	-	1	4	0	7ab43e4324	Fix trying to remove non existing speaker box	src/field_name_box.c
583	10657	1.16.4	Battle General	Fixed	pending	g2_battle_fixed_b	HNS와 무관	fail	fail	Y	4	220	15	0e722d2391	Fix Z-Moves being blocked by move restrictions at selection	src/battle_move_resolution.c src/battle_util.c test/battle/gimmick/dynamax.c test/battle/gimmick/zmove.c
584	10661	1.16.4	Battle General	Fixed	pending	g2_battle_fixed_b	미적용·안전 이식 가능(수동)	fail	fail	Y	3	26	2	3b10948eba	Fix Metronome-called spread moves hitting the user’s partner	src/battle_move_resolution.c src/battle_script_commands.c test/battle/move_effect/metronome.c
585	10666	1.16.4	Battle General	Changed	pending	g3_battle_changes_moves_abilities_items	HNS와 무관	fail	fail	Y	1	2	2	4f55287a9e	Added clarification for BattleScript_IntimidateActivates	src/battle_util.c
586	10669	1.16.4	Battle AI	Fixed	pending	g4_ai_tests_pokemon_sprites	이미 적용	fail	fail	Y	2	59	1	9daa72d51e	Fix Mind Reader and Lock-On spam in double battles	src/battle_ai_main.c test/battle/ai/check_bad_move.c
587	10674	1.16.4	Battle General	Fixed	pending	g2_battle_fixed_b	미적용·선행 필요	fail	fail	Y	1	1	1	dfd801cf1a	Fix out-of-bounds read of gSelectedOrderFromParty	src/battle_script_commands.c
588	10671	1.16.4	Battle General	Fixed	pending	g2_battle_fixed_b	HNS와 무관	fail	fail	Y	2	23	0	ba033168f2	Prevent Red Card from allowing Z-Move reuse	src/battle_script_commands.c test/battle/hold_effect/red_card.c
589	10662	1.16.4	Battle General	Fixed	pending	g2_battle_fixed_b	멀티 배틀 파티 슬롯 충돌(환영)	fail	fail	Y	2	21	1	46a1da5cf2	Fixed the Multi Battle party-slot collision	src/battle_util.c test/battle/ability/illusion.c
590	10675	1.16.4	Battle General	Fixed	ported-A	g2_battle_fixed_b	미적용·안전 이식 가능(수동)	-	-	Y	2	43	1	29fd94b9b8	Fix Solar Beam, Solar Blade and Electro Shot skipping their charging …	src/battle_move_resolution.c test/battle/move_effect/two_turns_attack.c
591	10683	1.16.4	Battle General	Fixed	pending	g2_battle_fixed_b	미적용·안전 이식 가능(실효 없음)	ok	fail	Y	5	11	5	bb6f399bce	Recalculate Ash-Greninja's stats after Battle Bond activates	include/constants/form_change_types.h src/battle_util.c src/data/pokemon/form_change_tables.h src/pokemon.c test/battle/ability/battle_bond.c
592	10687	1.16.4	Battle General	Fixed	pending	g2_battle_fixed_b	미적용·선행 필요	fail	fail	Y	2	17	1	79f5e11746	Fix multi-target stat move miss messages	src/battle_move_resolution.c test/battle/spread_moves.c
593	10682	1.16.4	Battle General	Fixed	pending	g2_battle_fixed_b	미적용·안전 이식 가능(수동)	fail	fail	Y	5	59	18	26bf3fdcb5	Fix Shell Trap being delayed after a spread move hit	include/battle_util.h src/battle_move_resolution.c src/battle_script_commands.c src/battle_util.c test/battle/move_effect/shell_trap.c
594	10692	1.16.4	Battle General	Fixed	pending	g2_battle_fixed_b	이미 적용	fail	fail	Y	3	12	1	8fe975f9ca	Fix battler invisibility during move selection	include/battle_main.h src/battle_controller_player.c src/battle_main.c
595	10700	1.16.4	Battle AI	Fixed	pending	g4_ai_tests_pokemon_sprites	이미 적용	fail	fail	Y	4	32	1	82598c4d88	Fix AI not calcing crit when high enough crit stage	include/battle_util.h src/battle_ai_util.c src/battle_util.c test/battle/ai/ai.c
596	10529	1.16.4	Overworld	Fixed	ported-A	g6_overworld_refactors	미적용·선행 필요	-	-	-	1	8	8	4dc3dc6588	Fix movement type playing between trainer move and player face	src/trainer_see.c
597	10706	1.16.4	Documentation	-	pending	g5_general_cleanup_docs	HNS와 무관	ok	fail	-	1	1	1	16dc8ec9ae	Fixed a typo in how_to_new_pokemon.md	docs/tutorials/how_to_new_pokemon.md
598	10707	1.16.4	Battle General	Fixed	pending	g2_battle_fixed_b	HNS와 무관	fail	fail	-	1	1	1	f37f8c3834	Fixes G-Max Tartness additional effect	src/data/moves_info.h
599	10711	1.16.4	Battle General	Fixed	pending	g2_battle_fixed_b	미적용·선행 필요	fail	fail	Y	3	24	13	b05016d5b4	Fix full team multi battles with follower NPCs	src/battle_util.c src/follower_npc.c src/party_menu.c
600	10656	1.16.4	General	Fixed	pending	g5_general_cleanup_docs	미적용·안전 이식 가능	fail	fail	-	45	201	176	cf05b67c23	(Joint with Syreldar) Fix Underutilisation of CreateSpriteUnchecked meaning a fatal assertf triggers needlessly	src/battle_anim_effects_1.c src/battle_anim_effects_2.c src/battle_anim_effects_3.c src/battle_anim_electric.c src/battle_anim_fight.c src/battle_anim_fire.c src/battle_anim_ghost.c src/battle_anim_ice.c src/battle_anim_psychic.c src/battle_anim_rock.c src/battle_anim_throw.c src/battle_anim_water.c src/battle_gfx_sfx_util.c src/battle_interface.c src/debug.c src/decoration.c src/dexnav.c src/easy_chat.c src/event_object_movement.c src/evolution_graphics.c src/faraway_island.c src/field_effect.c src/field_effect_helpers.c src/field_weather_effect.c src/fldeff_misc.c …
601	10652	1.16.4	Overworld	Fixed	pending	g6_overworld_refactors	HNS와 무관	ok	fail	-	1	8	8	570be86e35	Fix talking to buried movement npc	src/trainer_see.c
610	9927	1.17.0	REFACTORS	-	pending	g6_overworld_refactors	-	fail	fail	-	18	1391	332	7b5f3c6b06	Mass outbreak	asm/macros/event.inc data/event_scripts.s data/scripts/tv.inc data/specials.inc docs/SUMMARY.md docs/tutorials/how_to_mass_outbreak.md include/constants/mass_outbreak.h include/global.h include/global.tv.h include/mass_outbreak.h include/wild_encounter.h src/clock.c src/debug.c src/mass_outbreak.c src/tv.c src/wild_encounter.c src/wild_encounter_ow.c test/mass_outbreak.c
611	9688	1.17.0	Battle General	Added	pending	g3_battle_changes_moves_abilities_items	미적용·안전 이식 가능	fail	fail	Y	4	14	9	20e9126d2b	Add B_TERA_ORB_ALWAYS_CHARGED	include/battle_terastal.h include/config/battle.h src/battle_terastal.c src/script_pokemon_util.c
612	10089	1.17.0	Overworld	Fixed	pending	g6_overworld_refactors	**부분 적용**	fail	fail	-	1	4	4	27f32599b8	Fix debug trainer and flags vars submenu	src/debug.c
613	10046	1.17.0	Battle AI	Changed	pending	g4_ai_tests_pokemon_sprites	이미 적용(다른 형태)	fail	fail	Y	5	32	6	3f757964ae	Make doubles AI skip scoring on itself	src/battle_ai_main.c test/battle/ai/ai.c test/battle/ai/ai_doubles.c test/battle/ai/ai_thinking_time.c test/battle/trainer_slides.c
614	9008	1.17.0	Battle General	Added	pending	g3_battle_changes_moves_abilities_items	HNS와 무관(기본 비활성 config)	fail	fail	Y	21	344	82	86be197826	Adds Victory Catch	asm/macros/battle_script.inc data/battle_scripts_1.s data/battle_scripts_2.s include/battle.h include/battle_message.h include/battle_scripts.h include/battle_util.h include/config/battle.h include/constants/battle.h include/constants/battle_move_resolution.h include/constants/battle_string_ids.h include/item_menu.h src/battle_bg.c src/battle_controller_player.c src/battle_interface.c src/battle_message.c src/battle_move_resolution.c src/battle_script_commands.c src/battle_util.c src/item_menu.c src/reshow_battle_screen.c
615	10027	1.17.0	Moves	Changed	pending	g3_battle_changes_moves_abilities_items	미적용·안전 이식 가능(수동 적응)	fail	fail	-	2	51	2	ea8dfcd695	Add Item Icon to Knock Off, Covet, and Thief animations	data/battle_anim_scripts.s src/battle_anim_effects_1.c
616	10108	1.17.0	General	Changed	pending	g5_general_cleanup_docs	미적용·안전 이식 가능	ok	fail	-	1	5	4	d015807cb9	Cleanup battle factory screen constants	src/battle_factory_screen.c
617	7975	1.17.0	Overworld	Added	pending	g6_overworld_refactors	미적용·수동 적응 가능	fail	fail	-	8	18	7	8de860bf6e	Add map header flag to make writing special var count as a script effect	asm/macros/map.inc data/maps/BattleFrontier_BattleDomeBattleRoom/map.json data/maps/BattleFrontier_BattleDomeCorridor/map.json data/maps/BattleFrontier_BattleDomePreBattleRoom/map.json data/maps/BattleFrontier_BattleDomePreBattleRoom/scripts.inc include/global.fieldmap.h src/script.c tools/mapjson/mapjson.cpp
618	10012	1.17.0	Overworld	Added	pending	g6_overworld_refactors	미적용·선행 필요	fail	fail	-	3	30	15	1ce0d5ebfa	Adds a new debug menu action "Redo daily Events"	include/clock.h src/clock.c src/debug.c
619	10119	1.17.0	General	Changed	pending	g5_general_cleanup_docs	미적용·안전 이식 가능	ok	fail	-	2	2	2	3dfdb0dfbd	Cleanup hard-coded values from battle room scripts	data/maps/BattleFrontier_BattleFactoryBattleRoom/scripts.inc data/maps/BattleFrontier_BattleTowerBattleRoom/scripts.inc
620	9211	1.17.0	REFACTORS	-	pending	g6_overworld_refactors	-	fail	fail	Y	13	2097	459	1a8e150392	Additional trainer slides	asm/macros/battle_script.inc data/battle_scripts_1.s docs/tutorials/how_to_new_trainer_slide.md include/constants/battle_end_turn.h include/constants/trainer_slide.h include/trainer_slide.h src/battle_end_turn.c src/battle_main.c src/battle_script_commands.c src/battle_util.c src/trainer_slide.c test/battle/trainer_slides.c test/battle/trainer_slides.h
621	9797	1.17.0	General	Added	pending	g5_general_cleanup_docs	이미 적용	fail	fail	-	4	70	44	db9aa3fa51	Scarlet and Violet Pokédex Skipping	include/config/pokemon.h include/pokedex.h src/pokedex.c src/pokedex_plus_hgss.c
622	10133	1.17.0	Test Runner	Fixed	pending	g4_ai_tests_pokemon_sprites	HNS와 무관(테스트 전용)	fail	fail	Y	1	15	14	37bede4296	Remove explicit targets from opponent in Trainer Slide tests	test/battle/trainer_slides.c
623	10096	1.17.0	Overworld	Changed	pending	g6_overworld_refactors	미적용·선행 필요	fail	fail	-	3	100	758	e927e70b14	Use `overworld_ascending_frames` in picture tables	src/data/field_effects/field_effect_objects.h src/data/object_events/object_event_pic_tables.h src/fldeff_misc.c
624	9518	1.17.0	REFACTORS	-	pending	g6_overworld_refactors	**충돌**	fail	fail	-	5	4055	7814	58405c5044	Consolidation of Pokédex Files	include/constants/pokemon.h include/pokedex.h include/pokedex_plus_hgss.h src/pokedex.c src/pokedex_plus_hgss.c
625	10058	1.17.0	General	Changed	pending	g5_general_cleanup_docs	이미 적용	fail	fail	-	2	62	47	2230b0d542	Add GEN_CHAMPIONS + move data	include/config/general.h src/data/moves_info.h
626	10142	1.17.0	General	Fixed	pending	g5_general_cleanup_docs	HNS와 무관	fail	fail	-	1	5	5	466a87d004	Fix Debug Menu's `Fly to map` not working immediately	src/debug.c
627	8678	1.17.0	General	Added	pending	g5_general_cleanup_docs	-	fail	fail	Y	28	737	291	7266185199	Dynamic trainerbattle Scripts	asm/macros/event.inc data/event_scripts.s data/maps/BattleFrontier_BattlePyramidFloor/scripts.inc data/maps/LavaridgeTown_Gym_1F/scripts.inc data/scripts/trainer_battle.inc data/specials.inc docs/SUMMARY.md docs/tutorials/how_to_dynamic_trainer_script.md docs/tutorials/img/dynamic_trainer_scripts/healparty.gif docs/tutorials/img/dynamic_trainer_scripts/no_intro.gif docs/tutorials/img/dynamic_trainer_scripts/with_intro.gif include/battle_frontier.h include/battle_pyramid.h include/battle_setup.h include/constants/battle_setup.h include/event_scripts.h include/script.h include/script_pokemon_util.h include/trainer_see.h src/battle_frontier.c src/battle_main.c src/battle_pyramid.c src/battle_setup.c src/overworld.c src/scrcmd.c …
628	10080	1.17.0	Overworld	Added	pending	g6_overworld_refactors	HNS와 무관	fail	fail	-	3	23	7	73f5742a42	Add the Ability to Disable Map Name in Map Preview Screen	docs/tutorials/how_to_map_preview_screen.md include/map_preview_screen.h src/map_preview_screen.c
629	9878	1.17.0	REFACTORS	-	pending	g6_overworld_refactors	**이미 적용**	fail	fail	-	21	1734	657	caa0bc470a	Rework egg creation and hatching mechanisms	asm/macros/event.inc data/maps/FourIsland_Frlg/scripts.inc data/scripts/day_care.inc include/config/pokemon.h include/constants/config_changes.h include/constants/daycare.h include/daycare.h include/egg_hatch.h include/ow_abilities.h include/pokemon.h include/random.h src/daycare.c src/dexnav.c src/egg_hatch.c src/field_control_avatar.c src/ow_abilities.c src/pokedex_plus_hgss.c src/pokemon.c src/script_pokemon_util.c test/daycare.c test/pokemon.c
630	9955	1.17.0	Overworld	Added	pending	g6_overworld_refactors	미적용·선행 필요	fail	fail	-	7	36	22	f6edb3887d	Add config to use daily seed for lottery tickets and mirage island	include/config/overworld.h include/constants/vars.h include/lottery_corner.h src/clock.c src/lottery_corner.c src/new_game.c src/time_events.c
631	9966	1.17.0	Overworld	Changed	pending	g6_overworld_refactors	미적용·선행 필요	fail	fail	-	1	2	381	12b701393a	Do not set overworld var species for vanilla ow mons	src/wild_encounter_ow.c
632	10076	1.17.0	Overworld	Changed	pending	g6_overworld_refactors	미적용·선행 필요	fail	fail	-	1	1	14	23e34d6913	Use `GetDirectionToFace` in `DetermineObjectEventDirectionFromObject`	src/event_object_movement.c
633	9080	1.17.0	Overworld	Added	pending	g6_overworld_refactors	-	fail	fail	-	4	40	7	4aa844b95f	Add support for night music	include/constants/songs.h include/global.fieldmap.h src/overworld.c tools/mapjson/mapjson.cpp
634	10127	1.17.0	General	Changed	pending	g5_general_cleanup_docs	HNS와 무관	fail	fail	Y	171	661	581	33f9c20cf8	Even more enums	include/battle.h include/battle_ai_util.h include/battle_stat_change.h include/constants/pokemon.h include/event_object_movement.h include/hall_of_fame.h include/mail.h include/pokemon.h include/pokemon_spots.h include/test/battle.h src/apprentice.c src/battle_ai_util.c src/battle_controller_oak_old_man.c src/battle_controller_opponent.c src/battle_debug.c src/battle_dome.c src/battle_dynamax.c src/battle_end_turn.c src/battle_gfx_sfx_util.c src/battle_gimmick.c src/battle_hold_effects.c src/battle_interface.c src/battle_pike.c src/battle_pyramid.c src/battle_stat_change.c …
636	10152	1.17.0	General	Changed	pending	g5_general_cleanup_docs	미적용·안전 이식 가능	fail	fail	Y	27	4	135	2d22844298	Clean up unused variables and functions	include/battle_anim.h src/battle_anim_effects_1.c src/battle_anim_effects_3.c src/battle_anim_mons.c src/battle_anim_throw.c src/battle_anim_utility_funcs.c src/battle_factory.c src/battle_tower.c src/berry_blender.c src/berry_powder.c src/braille_puzzles.c src/dodrio_berry_picking.c src/easy_chat.c src/field_door.c src/field_effect_helpers.c src/mail_data.c src/menu.c src/mystery_gift_menu.c src/overworld.c src/pokeball.c src/pokemon_storage_system.c src/recorded_battle.c src/roulette.c src/script_menu.c src/trainer_hill.c …
637	10167	1.17.0	Overworld	Changed	pending	g6_overworld_refactors	미적용·선행 필요	fail	fail	-	2	8	8	d2019347be	rename NightSong to night_music to match json style	map_data_rules.mk tools/mapjson/mapjson.cpp
638	10166	1.17.0	General	Changed	pending	g5_general_cleanup_docs	미적용·안전 이식 가능	fail	fail	-	4	8	10	0ba271b4d6	Remove obsolete MAX_LEVEL_UP_MOVES	include/constants/pokemon.h src/move_relearner.c src/pokedex_plus_hgss.c test/pokemon.c
639	10163	1.17.0	REFACTORS	-	pending	g6_overworld_refactors	**이미 적용**	fail	fail	Y	6	18	59	99948b7e7c	Consolidate confuse flavor hold effects	include/constants/hold_effects.h src/battle_ai_switch.c src/battle_debug.c src/battle_hold_effects.c src/data/hold_effects.h src/data/items.h
640	10168	1.17.0	Documentation	-	pending	g5_general_cleanup_docs	이미 적용	fail	fail	-	1	2	0	12e14507c0	Apply preproc to `GetRematchTrainerId()` function call inside `BattleSetup_ConfigureTrainerBattle()`	src/battle_setup.c
641	8893	1.17.0	Abilities	Changed	pending	g3_battle_changes_moves_abilities_items	충돌	fail	fail	-	5	3001	2615	4ac9bb8849	The big grammar update	include/config/battle.h include/config/item.h src/data/abilities.h src/data/items.h src/data/moves_info.h
642	10176	1.17.0	Overworld	Fixed	pending	g6_overworld_refactors	HNS와 무관	fail	ok	-	1	0	1	6ce271f0db	Remove clock-based music transition	src/overworld.c
643	10162	1.17.0	Documentation	-	pending	g5_general_cleanup_docs	HNS와 무관	fail	fail	Y	16	80	66	cd42312021	A smidge of enums and type checking additions	include/battle_util.h include/constants/pokemon.h include/constants/trade.h include/map_preview_screen.h include/move.h include/pokemon.h include/trade.h src/battle_ai_field_statuses.c src/battle_ai_main.c src/battle_script_commands.c src/battle_util.c src/daycare.c src/map_preview_screen.c src/pokemon.c src/trade.c test/species.c
644	10178	1.17.0	General	Changed	pending	g5_general_cleanup_docs	HNS와 무관	fail	fail	Y	11	0	12	971e5da6ae	Clean up header files	include/battle_ai_util.h include/battle_util.h include/decompress_error_handler.h include/event_object_movement.h include/item_menu.h include/item_use.h include/mass_outbreak.h include/menu_specialized.h include/pokedex_area_screen.h include/pokemon_summary_screen.h include/script.h
645	10170	1.17.0	Battle General	Changed	pending	g3_battle_changes_moves_abilities_items	미적용·안전 이식 가능(수동 적응)	fail	fail	Y	5	215	12	8a6e50397c	Starting Status for Weather	data/battle_scripts_1.s include/battle_scripts.h include/constants/battle.h src/battle_util.c test/battle/starting_status/weather.c
646	10181	1.17.0	General	Changed	pending	g5_general_cleanup_docs	HNS와 무관	fail	fail	Y	87	397	392	abec821a81	Type checking paradise	include/bard_music.h include/battle.h include/battle_controllers.h include/battle_message.h include/battle_util.h include/cable_club.h include/constants/hold_effects.h include/data.h include/field_move.h include/global.berry.h include/item.h include/item_menu.h include/pokeball.h include/pokemon.h src/apprentice.c src/battle_ai_switch.c src/battle_ai_util.c src/battle_controller_player.c src/battle_controllers.c src/battle_factory.c src/battle_frontier.c src/battle_main.c src/battle_pyramid_bag.c src/battle_script_commands.c src/battle_util.c …
647	9147	1.17.0	REFACTORS	-	pending	g6_overworld_refactors	**충돌**	fail	fail	-	2	795	191	ef10df3fe1	Door Size Refactor	include/constants/metatile_labels.h src/field_door.c
648	10145	1.17.0	Battle General	Changed	pending	g3_battle_changes_moves_abilities_items	부분 적용	fail	fail	Y	10	132	111	6a3eb28ff4	Improve AI thinking time by removing direct ability calls in calc dmg	include/battle.h include/battle_util.h include/constants/battle.h src/battle_ai_main.c src/battle_ai_switch.c src/battle_ai_util.c src/battle_move_resolution.c src/battle_stat_change.c src/battle_util.c test/battle/ai/ai_thinking_time.c
649	10184	1.17.0	General	Changed	pending	g5_general_cleanup_docs	미적용·선행 필요	fail	fail	-	1	47	57	53f5218dfd	remove unused tilesets graphics	src/data/tilesets/graphics.h
650	10180	1.17.0	Battle General	Fixed	ported-A	g2_battle_fixed_b	미적용·안전 이식 가능(수동)	-	-	Y	10	141	15	90e25f1cf1	Add Effect activation after Mega Evolution	asm/macros/battle_script.inc data/battle_scripts_1.s include/battle_util.h src/battle_move_resolution.c src/battle_script_commands.c src/battle_util.c test/battle/ability/opportunist.c test/battle/hold_effect/eject_pack.c test/battle/hold_effect/mirror_herb.c test/battle/hold_effect/white_herb.c
651	10193	1.17.0	Battle General	Fixed	pending	g2_battle_fixed_b	이미 적용	fail	fail	Y	4	75	62	09f7ae2733	Accuracy calc function improvements	include/battle_util.h src/battle_ai_main.c src/battle_util.c test/battle/ai/ai_thinking_time.c
652	10211	1.17.0	General	Fixed	pending	g5_general_cleanup_docs	HNS와 무관	fail	fail	-	1	1	1	00c0015d7e	fix(debug): incorrect use of const	src/debug.c
653	10214	1.17.0	Test Runner	Fixed	pending	g4_ai_tests_pokemon_sprites	HNS와 무관(upcoming #10170이 만든 회귀 수정; HnS에는	fail	fail	Y	5	287	78	62bed2d523	Fix Starting Status messages not printing at start of battle	include/constants/battle.h src/battle_end_turn.c src/battle_message.c src/battle_util.c test/battle/starting_status/general.c
654	10217	1.17.0	Battle General	Fixed	pending	g2_battle_fixed_b	**충돌**	fail	fail	Y	11	178	35	52d3bf9f5b	Fixes Pickpocket activation when the original attacker isn't on the field	data/battle_scripts_1.s include/battle.h include/battle_script_commands.h include/battle_scripts.h src/battle_hold_effects.c src/battle_main.c src/battle_message.c src/battle_move_resolution.c src/battle_script_commands.c src/battle_util.c test/battle/ability/pickpocket.c
655	10206	1.17.0	Sprites	Added	pending	g4_ai_tests_pokemon_sprites	미적용·수동 적응 가능	fail	fail	-	6	16	6	395b0467af	Add second front frames to Tadbulb and Bellibolt	graphics/pokemon/bellibolt/anim_front.png graphics/pokemon/bellibolt/front.png graphics/pokemon/tadbulb/anim_front.png graphics/pokemon/tadbulb/front.png src/data/graphics/pokemon.h src/data/pokemon/species_info/gen_9_families.h
656	10117	1.17.0	Overworld	Added	pending	g6_overworld_refactors	미적용·수동 적응 가능(선택)	fail	fail	-	4	30	22	25a94bcdba	Config to hide Contest Data in Summary Screen and Move Relearner	include/config/contest.h src/menu_specialized.c src/move_relearner.c src/pokemon_summary_screen.c
657	10233	1.17.0	Overworld	Fixed	pending	g6_overworld_refactors	미적용·선행 필요 (일부 독립)	fail	fail	-	2	6	1	c2e2dbfda6	fix dynamic trainer script regression	asm/macros/event.inc src/battle_setup.c
658	10249	1.17.0	Battle General	Changed	pending	g3_battle_changes_moves_abilities_items	이미 적용	fail	fail	Y	5	44	5	9e8489a5ab	Add Fire Mane	include/constants/abilities.h src/battle_util.c src/data/abilities.h src/data/pokemon/species_info/gen_6_families.h test/battle/ability/fire_mane.c
659	10223	1.17.0	Overworld	Added	pending	g6_overworld_refactors	미적용·선행 필요	fail	fail	-	3	67	42	42e299ed0f	Move relearner selection inside move relearner scene	src/chooseboxmon.c src/move_relearner.c src/pokemon_summary_screen.c
660	10251	1.17.0	General	Changed	pending	g5_general_cleanup_docs	이미 적용	fail	fail	-	1	3	4	91eab1c33d	Fixes to move fields and descriptions	src/data/moves_info.h
661	10124	1.17.0	Battle AI	Added	pending	g4_ai_tests_pokemon_sprites	이미 적용	fail	fail	Y	4	146	76	459a908984	AI triggers ally's Spicy Spray when burn is beneficial	include/battle_ai_util.h src/battle_ai_main.c src/battle_ai_util.c test/battle/ai/ai_doubles.c
662	10212	1.17.0	Battle General	Fixed	pending	g2_battle_fixed_b	이미 적용	fail	fail	Y	6	22	34	7ada76f546	Fix hardcoded usage of gCurrentMove for func used in ai code	include/battle_ai_util.h include/battle_util.h src/battle_ai_main.c src/battle_ai_switch.c src/battle_ai_util.c src/battle_util.c
663	10243	1.17.0	Battle AI	Added	pending	g4_ai_tests_pokemon_sprites	이미 적용	fail	fail	Y	5	82	12	e9a5c129d9	Modular AI Omniscience Flags	docs/tutorials/ai_flags.md include/constants/battle_ai.h src/battle_ai_main.c src/battle_ai_util.c test/battle/ai/ai.c
664	9777	1.17.0	Battle General	Added	pending	g3_battle_changes_moves_abilities_items	부분 적용	fail	fail	Y	84	880	444	63631f951f	Battle Messages from Pokémon Champions	asm/macros/battle_script.inc data/battle_scripts_1.s include/battle_interface.h include/battle_scripts.h include/constants/battle.h include/constants/battle_move_resolution.h include/constants/battle_string_ids.h src/battle_arena.c src/battle_controller_player.c src/battle_hold_effects.c src/battle_interface.c src/battle_message.c src/battle_move_resolution.c src/battle_script_commands.c src/battle_tv.c src/battle_util.c test/battle/ability/contrary.c test/battle/ability/dancer.c test/battle/ability/disguise.c test/battle/ability/frisk.c test/battle/ability/guard_dog.c test/battle/ability/iron_barbs.c test/battle/ability/magic_bounce.c test/battle/ability/magician.c test/battle/ability/normalize.c …
665	10256	1.17.0	Battle General	Changed	pending	g3_battle_changes_moves_abilities_items	이미 적용	fail	fail	Y	9	385	13	32e46099ca	Add Eelevate	include/constants/abilities.h src/battle_ai_main.c src/battle_ai_switch.c src/battle_ai_util.c src/battle_dome.c src/battle_util.c src/data/abilities.h src/data/pokemon/species_info/gen_5_families.h test/battle/ability/eelevate.c
666	10253	1.17.0	Battle General	Changed	pending	g3_battle_changes_moves_abilities_items	미적용·안전 이식 가능(수동 적응)	fail	fail	Y	3	3	10	6a0a5fbeb2	Remove redundant Sub checks	src/battle_hold_effects.c src/battle_move_resolution.c src/battle_util.c
667	10220	1.17.0	REFACTORS	-	pending	g2_battle_fixed_b	-	fail	fail	Y	15	193	232	a0efba995f	Move pre attack effects and damage calc to canceler	asm/macros/battle_script.inc data/battle_scripts_1.s include/battle.h include/battle_ai_util.h include/battle_scripts.h include/battle_util.h include/constants/battle_move_resolution.h include/constants/battle_script_commands.h src/battle_ai_main.c src/battle_ai_util.c src/battle_end_turn.c src/battle_move_resolution.c src/battle_script_commands.c src/battle_util.c src/data/battle_move_effects.h
668	10268	1.17.0	Battle General	Fixed	pending	g2_battle_fixed_b	**충돌(일부 이미 반영)**	fail	fail	Y	7	40	3	94780b0c86	Champions Battle Messages post-mortem fixes	asm/macros/battle_script.inc data/battle_scripts_1.s include/battle_interface.h src/battle_interface.c src/battle_message.c src/battle_script_commands.c test/battle/move_animations/all_anims.c
669	10265	1.17.0	Moves	Fixed	pending	g3_battle_changes_moves_abilities_items	HNS와 무관	fail	fail	Y	1	4	2	ced5c320be	Fix stat change berries showing held item anim twice	data/battle_scripts_1.s
670	10151	1.17.0	Battle General	Added	pending	g3_battle_changes_moves_abilities_items	부분 적용	fail	fail	Y	45	1038	305	b3a3c16abf	Add Champions battle mechanics changes (v1.0.X)	data/battle_anim_scripts.s data/battle_scripts_1.s include/battle.h include/battle_scripts.h include/battle_util.h include/config/battle.h include/config/general.h include/config_changes.h include/constants/battle.h include/constants/battle_string_ids.h include/constants/config_changes.h include/move.h include/pokemon.h src/battle_ai_util.c src/battle_end_turn.c src/battle_hold_effects.c src/battle_main.c src/battle_message.c src/battle_move_resolution.c src/battle_script_commands.c src/battle_util.c src/battle_util2.c src/config_changes.c src/data/moves_info.h src/pokemon.c …
671	10258	1.17.0	Battle AI	Added	pending	g4_ai_tests_pokemon_sprites	이미 적용	fail	fail	Y	4	69	17	4b7cfd952c	AI avoids self-KOs with recoil	include/battle_ai_util.h src/battle_ai_main.c src/battle_ai_util.c test/battle/ai/ai.c
672	9969	1.17.0	Overworld	Added	pending	g6_overworld_refactors	미적용·선행 필요	fail	fail	-	2	249	12	c9dcc6b0a3	Add debug menu actions to quickly test randomizer results	docs/tutorials/how_to_random_mon_generator.md src/debug.c
673	10172	1.17.0	Overworld	Changed	pending	g6_overworld_refactors	미적용·선행 필요	fail	fail	-	5	284	283	215fbb88b9	Remove functions and variable common to both pokedex from the general pokedex interface to their own file	include/pokedex.h include/pokedex_common.h src/new_game.c src/pokedex.c src/pokedex_plus_hgss.c
674	10274	1.17.0	General	Changed	pending	g5_general_cleanup_docs	HNS와 무관	fail	fail	Y	3	296	203	acc2ae5227	Fix anim tests	src/battle_main.c src/sprite.c test/battle/move_animations/all_anims.c
675	9265	1.17.0	Battle General	Changed	pending	g3_battle_changes_moves_abilities_items	미적용·안전 이식 가능(테스트 전용)	ok	fail	Y	3	61	0	2f27d3508d	New tests: Eviolite, Charge, Grassy Terrain & Misty Terrain	test/battle/move_effect/charge.c test/battle/move_effect/grassy_terrain.c test/battle/move_effect/misty_terrain.c
676	9440	1.17.0	REFACTORS	-	pending	g2_battle_fixed_b	-	fail	fail	Y	14	460	456	c0b863cc56	Use a single function for FillPartnerParty and CreateNPCTrainerPartyFromTrainer	asm/macros/battle_frontier/battle_tower.inc include/battle_main.h include/battle_setup.h include/config/battle.h include/trainer_util.h src/battle_frontier.c src/battle_main.c src/battle_partner.c src/battle_setup.c src/battle_special.c src/debug.c src/pokemon.c src/trainer_util.c test/battle/trainer_control.c
677	9924	1.17.0	Moves	Changed	pending	g3_battle_changes_moves_abilities_items	미적용·선행 필요	fail	fail	-	2	332	712	1a35ede7d5	Added more common anim functions	asm/macros/battle_anim_script.inc data/battle_anim_scripts.s
678	10179	1.17.0	General	Changed	pending	g5_general_cleanup_docs	미적용·안전 이식 가능	fail	fail	Y	114	4	2309	90f0b9ded3	Remove unused functions	include/battle_ai_util.h include/battle_dynamax.h include/battle_factory.h include/battle_gfx_sfx_util.h include/battle_pyramid.h include/battle_setup.h include/battle_stat_change.h include/battle_tower.h include/battle_util.h include/bg.h include/bike.h include/blit.h include/decompress_error_handler.h include/event_data.h include/event_object_movement.h include/follower_npc.h include/gba/m4a_internal.h include/item.h include/librfu.h include/list_menu.h include/mail.h include/main.h include/match_call.h include/math_util.h include/menu.h …
679	10286	1.17.0	Battle General	Fixed	pending	g2_battle_fixed_b	HNS와 무관	fail	fail	-	1	1	1	d530e3608f	fix no continue script after early rival battle	asm/macros/event.inc
680	9970	1.17.0	REFACTORS	-	pending	g6_overworld_refactors	미적용·선행 필요	fail	fail	-	10	448	386	16e5b9f443	More mon generation cleanup	include/constants/pokemon.h include/ow_abilities.h include/pokemon.h include/random_mon_generation.h include/script_pokemon_util.h src/debug.c src/pokemon.c src/random_mon_generation.c src/script_pokemon_util.c test/random_mon_generation.c
681	10294	1.17.0	Battle General	Fixed	pending	g2_battle_fixed_b	HNS와 무관	fail	fail	Y	1	1	1	eabcd3bf61	Fix Item Heal Animation showing recovery on the wrong target	data/battle_scripts_1.s
682	10299	1.17.0	REFACTORS	-	pending	g6_overworld_refactors	미적용·선행 필요	fail	fail	Y	9	42	38	770f972619	Adds `MOVE_EFFECT_RANDOM_FROM_LIST` to replace Tri Attack and Dire Claw	include/constants/battle.h include/move.h include/random.h src/battle_script_commands.c src/data/moves_info.h test/battle/move_effect_secondary/dire_claw.c test/battle/move_effect_secondary/tri_attack.c test/battle/sleep_clause.c test/battle/status1/freeze.c
683	9987	1.17.0	Pokémon	Changed	pending	g4_ai_tests_pokemon_sprites	HNS와 무관(의도적 미적용)	ok	fail	-	26	0	0	b5d6c2c027	Better quality Legends Z-A cries	sound/direct_sound_samples/cries/barbaracle_mega.wav sound/direct_sound_samples/cries/chandelure_mega.wav sound/direct_sound_samples/cries/chesnaught_mega.wav sound/direct_sound_samples/cries/clefable_mega.wav sound/direct_sound_samples/cries/delphox_mega.wav sound/direct_sound_samples/cries/dragalge_mega.wav sound/direct_sound_samples/cries/dragonite_mega.wav sound/direct_sound_samples/cries/drampa_mega.wav sound/direct_sound_samples/cries/eelektross_mega.wav sound/direct_sound_samples/cries/emboar_mega.wav sound/direct_sound_samples/cries/excadrill_mega.wav sound/direct_sound_samples/cries/falinks_mega.wav sound/direct_sound_samples/cries/feraligatr_mega.wav sound/direct_sound_samples/cries/floette_mega.wav sound/direct_sound_samples/cries/froslass_mega.wav sound/direct_sound_samples/cries/greninja_mega.wav sound/direct_sound_samples/cries/hawlucha_mega.wav sound/direct_sound_samples/cries/malamar_mega.wav sound/direct_sound_samples/cries/meganium_mega.wav sound/direct_sound_samples/cries/pyroar_mega.wav sound/direct_sound_samples/cries/scolipede_mega.wav sound/direct_sound_samples/cries/scrafty_mega.wav sound/direct_sound_samples/cries/skarmory_mega.wav sound/direct_sound_samples/cries/starmie_mega.wav sound/direct_sound_samples/cries/victreebel_mega.wav …
684	10293	1.17.0	General	Added	pending	g5_general_cleanup_docs	HNS와 무관	fail	fail	-	3	45	52	bb7d0d0930	refactor(sprite): add sprite flag to create OBJWIN copies of oams	include/sprite.h src/overworld.c src/sprite.c
685	10310	1.17.0	Battle General	Changed	pending	g3_battle_changes_moves_abilities_items	HNS와 무관(테스트 + 공백 정리)	fail	fail	Y	3	56	7	a8a6be24e1	Tests for Victory Star not being ignored by Ally	src/battle_ai_main.c src/battle_util.c test/battle/ability/victory_star.c
686	10314	1.17.0	General	Changed	pending	g5_general_cleanup_docs	-	fail	fail	Y	2	62	99	e4d4da4b47	Replaced original sprite print behavior with actual sprite printer	src/battle_interface.c src/battle_script_commands.c
687	10320	1.17.0	Overworld	Fixed	pending	g6_overworld_refactors	HNS와 무관	fail	fail	-	2	21	1	ac4ac152d7	fix givemon not setting pp	src/pokemon.c test/pokemon.c
688	10311	1.17.0	REFACTORS	-	pending	g6_overworld_refactors	미적용·선행 필요	fail	fail	Y	11	99	111	c8ea079e83	Remove end2 (merge end and end2)	asm/macros/battle_script.inc data/battle_scripts_1.s data/battle_scripts_2.s docs/tutorials/how_to_new_trainer_slide.md include/battle_arena.h include/battle_scripts.h include/constants/battle_script_commands.h src/battle_arena.c src/battle_main.c src/battle_move_resolution.c src/battle_script_commands.c
689	10297	1.17.0	Battle General	Changed	pending	g3_battle_changes_moves_abilities_items	미적용·안전 이식 가능	fail	fail	Y	3	72	2	c01462be7a	New Knock Off cases	include/config/battle.h src/battle_util.c test/battle/move_effect/knock_off.c
690	10318	1.17.0	Battle General	Changed	ported-A	g3_battle_changes_moves_abilities_items	미적용·안전 이식 가능(수동 적응)	-	-	Y	8	16	31	574ea8dd6f	Remove redundant Magnet Rise / Laser Focus flags	data/battle_scripts_1.s include/constants/battle.h src/battle_ai_main.c src/battle_debug.c src/battle_end_turn.c src/battle_move_resolution.c src/battle_script_commands.c src/battle_util.c
691	10328	1.17.0	General	Changed	pending	g5_general_cleanup_docs	HNS와 무관	fail	fail	-	7	49	48	6007f8813a	refactor(string): consolidate stringvar arrays with getter function	include/string_util.h include/tv.h src/field_specials.c src/match_call.c src/scrcmd.c src/string_util.c src/tv.c
692	10321	1.17.0	Test Runner	Added	pending	g4_ai_tests_pokemon_sprites	HNS와 무관(테스트 지원, 게임 동작 불변)	fail	fail	-	5	150	0	0b260a8aa3	feat(test-runner): add support for item popups	include/test/battle.h include/test_runner.h src/battle_interface.c test/test_runner_battle.c test/test_test_runner.c
693	10257	1.17.0	Battle General	Changed	pending	g3_battle_changes_moves_abilities_items	이미 적용	fail	fail	Y	5	40	2	65628aa009	Add Champions battle mechanics changes (v1.1.0)	include/config/battle.h include/constants/config_changes.h src/battle_main.c src/data/moves_info.h test/battle/move_effect/rage_fist.c
694	10338	1.17.0	Battle General	Changed	pending	g3_battle_changes_moves_abilities_items	미적용·안전 이식 가능(수동 적응)	fail	fail	-	1	79	128	27ea3c773a	Consolidate switch in and faint clear/set data	src/battle_main.c
695	10300	1.17.0	REFACTORS	-	pending	g6_overworld_refactors	미적용·선행 필요	fail	fail	Y	15	132	151	1edd080a8f	Refactor dynamic move category and remove Present script	asm/macros/battle_script.inc data/battle_scripts_1.s include/battle.h include/battle_scripts.h include/constants/battle_script_commands.h include/constants/pokemon.h src/battle_ai_main.c src/battle_ai_util.c src/battle_anim_new.c src/battle_main.c src/battle_move_resolution.c src/battle_script_commands.c src/battle_util.c src/battle_z_move.c src/data/battle_move_effects.h
696	10336	1.17.0	Other Cleanup	-	pending	g5_general_cleanup_docs	HNS와 무관	fail	fail	-	4	38	51	d86b5112a5	Consolidate Battle Frontier streak appearance lists	include/frontier_util.h src/battle_pike.c src/frontier_util.c src/tv.c
697	10335	1.17.0	General	Changed	pending	g5_general_cleanup_docs	충돌	fail	fail	-	4	98	196	7ea8fa1e90	Migrated Pokedex strings	include/strings.h src/data/script_menu.h src/pokedex.c src/strings.c
698	10324	1.17.0	Battle General	Changed	pending	g3_battle_changes_moves_abilities_items	이미 적용	fail	fail	Y	2	28	0	0b256adc63	Add palette blend to Mega Evolution and Primal Reversion particle	data/battle_anim_scripts.s test/battle/move_animations/all_anims.c
699	10334	1.17.0	Other Cleanup	-	pending	g5_general_cleanup_docs	HNS와 무관	fail	fail	-	5	96	272	d2d594e7a5	Consolidate contest values	include/contest.h src/contest.c src/contest_painting.c src/contest_util.c src/tv.c
700	9335	1.17.0	Overworld	Changed	pending	g6_overworld_refactors	**충돌**	fail	fail	-	7	84	97	3e2d9c723d	📜 Coins and money script commands update	asm/macros/event.inc data/maps/CeladonCity_GameCorner_Frlg/scripts.inc data/maps/CeladonCity_GameCorner_PrizeRoom_Frlg/scripts.inc data/maps/MauvilleCity_GameCorner/scripts.inc migration_scripts/1.17/update_moneybox_and_coinbox_commands.py src/coins.c src/scrcmd.c
701	10330	1.17.0	REFACTORS	-	pending	g6_overworld_refactors	미적용·선행 필요	fail	fail	-	2	188	103	ffb8dafb24	Adjust TargetFailure to be slightly more accurate	include/constants/battle_move_resolution.h src/battle_move_resolution.c
702	10365	1.17.0	Battle General	Fixed	pending	g2_battle_fixed_b	HNS와 무관(**적용 금지**)	ok	fail	-	1	1	0	240e9dc3b8	Fixes off by one error for category icons	src/pokemon_summary_screen.c
703	10361	1.17.0	Moves	Changed	pending	g3_battle_changes_moves_abilities_items	미적용·안전 이식 가능	ok	fail	-	1	16	16	98fd1e4a1c	Updated Sticky Web to call StringShotThread	data/battle_anim_scripts.s
704	10384	1.17.0	Battle General	Changed	pending	g3_battle_changes_moves_abilities_items	미적용·안전 이식 가능(수동 적응)	fail	fail	Y	1	9	7	957c6c041c	Make GetSameTypeAttackBonusModifier a little more readable	src/battle_util.c
705	10383	1.17.0	Overworld	Changed	pending	g6_overworld_refactors	미적용·선행 필요	fail	fail	-	3	36	29	773eea99c8	Adds overworld weather enum	include/constants/weather.h include/field_weather.h src/field_weather_effect.c
706	10326	1.17.0	REFACTORS	-	pending	g6_overworld_refactors	미적용·선행 필요	fail	fail	Y	48	552	642	560df6d0b5	Battle Terrain Refactor	asm/macros/battle_script.inc data/battle_anim_scripts.s data/battle_scripts_1.s include/battle.h include/battle_ai_field_statuses.h include/battle_ai_main.h include/battle_ai_util.h include/battle_scripts.h include/battle_util.h include/constants/battle.h include/constants/battle_move_effects.h include/constants/battle_script_commands.h include/move.h src/battle_ai_field_statuses.c src/battle_ai_main.c src/battle_ai_switch.c src/battle_ai_util.c src/battle_anim.c src/battle_anim_new.c src/battle_anim_utility_funcs.c src/battle_bg.c src/battle_controller_player.c src/battle_dome.c src/battle_end_turn.c src/battle_hold_effects.c …
707	10374	1.17.0	Moves	Changed	pending	g3_battle_changes_moves_abilities_items	미적용·선행 필요	fail	fail	-	5	146	198	58b806c6eb	Cleaned up some move animations	asm/macros/battle_anim_script.inc data/battle_anim_scripts.s include/constants/battle_anim.h src/battle_anim_water.c src/data/battle_anim.h
708	10362	1.17.0	REFACTORS	-	pending	g2_battle_fixed_b	-	fail	fail	Y	25	695	723	8183fefdf0	Adds moveanim, sound, hitanim and hpupdate to Canceler	asm/macros/battle_script.inc data/battle_anim_scripts.s data/battle_scripts_1.s data/battle_scripts_2.s include/battle.h include/battle_anim_scripts.h include/battle_scripts.h include/constants/battle_anim.h include/constants/battle_move_resolution.h include/constants/battle_script_commands.h src/battle_anim.c src/battle_end_turn.c src/battle_hold_effects.c src/battle_move_resolution.c src/battle_script_commands.c src/battle_tv.c src/battle_util.c test/battle/ability/cheek_pouch.c test/battle/ability/symbiosis.c test/battle/hold_effect/resist_berry.c test/battle/move_effect/assist.c test/battle/move_effect/grudge.c test/battle/move_effect/hidden_power.c test/battle/move_effect_secondary/bug_bite.c test/battle/spread_moves.c
709	10339	1.17.0	Overworld	Fixed	pending	g6_overworld_refactors	미적용·선행 필요	fail	fail	Y	3	20	17	b17f73bb35	fix(trainerbattle): fix trainerbattle always checking the trainerflag	asm/macros/event.inc include/battle_setup.h src/battle_setup.c
710	10407	1.17.0	Overworld	Fixed	pending	g6_overworld_refactors	미적용·선행 필요	fail	fail	-	1	4	9	f9d22e5bb8	Make updatemoneybox actually a one-byte opcode	src/scrcmd.c
711	10404	1.17.0	General	Changed	pending	g5_general_cleanup_docs	미적용·선행 필요	fail	fail	Y	17	50	55	018c1bc71d	Fix argument field taking to much space in moves info	include/battle_util.h include/constants/battle_script_commands.h include/move.h src/battle_ai_main.c src/battle_ai_util.c src/battle_end_turn.c src/battle_move_resolution.c src/battle_script_commands.c src/battle_util.c src/data/moves_info.h test/battle/ability/mega_sol.c test/battle/ai/check_bad_move.c test/battle/move_effect/semi_invulnerable.c test/battle/move_effect/smack_down.c test/battle/move_effect/solar_beam.c test/battle/move_effect/two_turns_attack.c test/battle/move_effects_combined/hurricane.c
712	10408	1.17.0	Overworld	Fixed	pending	g6_overworld_refactors	미적용·선행 필요	fail	fail	-	5	15	5	c9631b5801	Add options to ignore total EV check	asm/macros/event.inc include/config/overworld.h include/pokemon.h src/pokemon.c src/script_pokemon_util.c
713	10427	1.17.0	Battle AI	Changed	pending	g4_ai_tests_pokemon_sprites	이미 적용	fail	fail	Y	3	28	8	09c2e80e3e	Allow AI to choose Wrap effects more often by considering their residual damage	include/battle_ai_util.h src/battle_ai_main.c src/battle_ai_util.c
714	10431	1.17.0	Battle General	Fixed	pending	g2_battle_fixed_b	미적용·선행 필요	fail	fail	Y	13	80	52	0894944a99	Fixes Resist Berry order	data/battle_scripts_1.s include/battle.h include/battle_scripts.h include/constants/battle_move_resolution.h src/battle_move_resolution.c src/battle_script_commands.c test/battle/ability/cheek_pouch.c test/battle/ability/symbiosis.c test/battle/hold_effect/resist_berry.c test/battle/move_effect/assist.c test/battle/move_effect/hidden_power.c test/battle/move_effect_secondary/bug_bite.c test/battle/spread_moves.c
715	10421	1.17.0	Moves	Changed	pending	g3_battle_changes_moves_abilities_items	미적용·안전 이식 가능(수동 적응)	fail	fail	-	2	1197	728	4e87b5a291	Updated `battle_anim_new.c` to match style guide	data/battle_anim_scripts.s src/battle_anim_new.c
716	10426	1.17.0	REFACTORS	-	pending	g6_overworld_refactors	미적용·선행 필요	fail	fail	Y	25	373	264	763b39a07c	Refactor absorb and change SetMoveEffect signature	asm/macros/battle_script.inc data/battle_scripts_1.s include/battle_ai_util.h include/battle_script_commands.h include/battle_util.h include/constants/battle.h include/constants/battle_move_effects.h include/constants/battle_script_commands.h include/constants/battle_string_ids.h include/move.h src/battle_ai_main.c src/battle_ai_util.c src/battle_end_turn.c src/battle_hold_effects.c src/battle_message.c src/battle_move_resolution.c src/battle_script_commands.c src/battle_tv.c src/battle_util.c src/data/battle_move_effects.h src/data/moves_info.h test/battle/ability/liquid_ooze.c test/battle/move_effect/absorb.c test/battle/move_effect/rage_fist.c test/battle/move_effect_secondary/burn.c
717	10236	1.17.0	Battle AI	Added	pending	g4_ai_tests_pokemon_sprites	이미 적용	fail	fail	Y	4	115	9	4ea3153fa7	Adds Dragon Darts Ai	include/battle.h src/battle_ai_main.c src/battle_ai_util.c test/battle/ai/ai.c
718	10401	1.17.0	Moves	Fixed	pending	g3_battle_changes_moves_abilities_items	미적용·안전 이식 가능(수동 적응)	fail	fail	-	2	12	13	ab462dea6e	Set Leafage and Seed Flare's `target_both` to FALSE	asm/macros/battle_anim_script.inc data/battle_anim_scripts.s
720	10434	1.17.0	Battle General	Fixed	pending	g2_battle_fixed_b	미적용·안전 이식 가능(수동)	fail	fail	Y	3	110	3	5d79ca4348	Fix failed contact moves activating contact effects of protect moves	src/battle_move_resolution.c src/battle_util.c test/battle/move_effect/protect.c
721	10416	1.17.0	Battle General	Added	pending	g3_battle_changes_moves_abilities_items	이미 적용	fail	fail	Y	6	74	27	06fa9c62e7	Add Ability Pop-Ups to Mega Sol	data/battle_anim_scripts.s data/battle_scripts_1.s include/battle_scripts.h src/battle_move_resolution.c src/battle_script_commands.c test/battle/ability/mega_sol.c
722	10252	1.17.0	Pokémon	Changed	pending	g4_ai_tests_pokemon_sprites	미적용·수동 적응 가능	fail	fail	-	8	20	9	7b8b350681	Scorbunny line front anim	graphics/pokemon/cinderace/anim_front.png graphics/pokemon/cinderace/front.png graphics/pokemon/raboot/anim_front.png graphics/pokemon/raboot/front.png graphics/pokemon/scorbunny/anim_front.png graphics/pokemon/scorbunny/front.png src/data/graphics/pokemon.h src/data/pokemon/species_info/gen_8_families.h
723	10277	1.17.0	Battle AI	Changed	pending	g4_ai_tests_pokemon_sprites	이미 적용	fail	fail	Y	12	51	40	f8cecd2c58	Ai thinking time and accuracy improvements	include/battle_main.h src/battle_ai_main.c src/battle_ai_switch.c src/battle_ai_util.c src/battle_dynamax.c src/battle_end_turn.c src/battle_main.c src/battle_move_resolution.c src/battle_script_commands.c src/battle_util.c src/pokemon.c test/battle/ai/ai_thinking_time.c
724	10453	1.17.0	Battle AI	Changed	pending	g4_ai_tests_pokemon_sprites	이미 적용(HnS 구조)	fail	fail	Y	5	98	59	2f7029e124	Tidy up AI_CalcDamage signature with a struct	include/battle.h include/battle_ai_util.h src/battle_ai_main.c src/battle_ai_util.c src/battle_util.c
725	10440	1.17.0	Battle General	Fixed	pending	g2_battle_fixed_b	HNS와 무관	fail	fail	Y	6	77	17	8268789d17	Fix Solar Beam/Electro Shot not working in Primal Weather	include/battle.h src/battle_ai_util.c src/battle_move_resolution.c src/battle_util.c test/battle/move_effect/solar_beam.c test/battle/move_effect/two_turns_attack.c
726	10282	1.17.0	Test Runner	Fixed	pending	g4_ai_tests_pokemon_sprites	미적용·선행 필요(#10151 미이식분)	fail	fail	Y	39	285	91	50c01a1a96	Fix failing tests using GEN_CHAMPIONS	include/battle_util.h src/battle_ai_main.c src/battle_move_resolution.c src/battle_script_commands.c src/battle_util.c src/data/moves_info.h test/battle/ability/hydration.c test/battle/ability/magic_guard.c test/battle/ability/sheer_force.c test/battle/gimmick/terastal.c test/battle/gimmick/zmove.c test/battle/hold_effect/life_orb.c test/battle/move_animations/all_anims.c test/battle/move_effect/charge.c test/battle/move_effect/dark_void.c test/battle/move_effect/encore.c test/battle/move_effect/first_turn_only.c test/battle/move_effect/fling.c test/battle/move_effect/focus_punch.c test/battle/move_effect/grudge.c test/battle/move_effect/heal_bell.c test/battle/move_effect/ice_spinner.c test/battle/move_effect/last_resort.c test/battle/move_effect/mirror_move.c test/battle/move_effect/natural_gift.c …
727	8647	1.17.0	Battle AI	Added	pending	g4_ai_tests_pokemon_sprites	이미 적용	fail	fail	Y	11	366	60	64c5044083	Adds Round / Pledge combo attack	include/battle.h include/battle_ai_util.h src/battle_ai_main.c src/battle_ai_util.c src/battle_main.c src/battle_util.c test/battle/ai/ai_combo_attack.c test/battle/ai/ai_doubles.c test/battle/ai/ai_thinking_time.c test/battle/ai/values_moves_over_splash.c test/battle/sleep_clause.c
728	10461	1.17.0	Battle AI	Changed	pending	g4_ai_tests_pokemon_sprites	이미 적용	fail	fail	-	1	76	80	f95a734106	Minor AI score calculation clean up	src/battle_ai_main.c
729	10462	1.17.0	Overworld	Fixed	pending	g6_overworld_refactors	미적용·선행 필요	fail	fail	-	1	1	1	7c4c378f4f	fix facing player snippet not checking face player param	src/battle_setup.c
730	10466	1.17.0	Battle General	Fixed	pending	g2_battle_fixed_b	HNS와 무관	fail	fail	Y	7	31	16	5daa28a06e	Fix two-turn moves firing during any weather	include/battle_util.h include/constants/battle.h src/battle_ai_util.c src/battle_end_turn.c src/battle_move_resolution.c src/battle_util.c test/battle/move_effect/two_turns_attack.c
731	10452	1.17.0	Overworld	Added	pending	g6_overworld_refactors	미적용·수동 적응 가능(선택)	fail	fail	-	5	107	42	fa9d7d248d	Show Pokémon Icons in Dynamic Multichoice	docs/tutorials/how_to_dynmultichoice.md include/constants/script_menu.h include/pokemon_icon.h src/pokemon_icon.c src/script_menu.c
732	10463	1.17.0	Battle General	Fixed	pending	g2_battle_fixed_b	미적용·선행 필요	fail	fail	Y	7	52	11	5c43597306	ShouldTrainerBattlerUseGimmick rework	include/battle.h include/pokemon.h include/trainer_util.h src/battle_gimmick.c src/trainer_util.c test/battle/trainer_control.c test/battle/trainer_control.party
733	10454	1.17.0	Battle General	Changed	pending	g3_battle_changes_moves_abilities_items	미적용·선행 필요	fail	fail	Y	15	254	107	e30b117d69	Add Gen 9 Overworld Weather Behavior	data/battle_scripts_1.s include/battle.h include/battle_scripts.h include/battle_util.h include/config/battle.h include/constants/config_changes.h src/battle_script_commands.c src/battle_util.c test/battle/ability/delta_stream.c test/battle/ability/desolate_land.c test/battle/ability/orichalcum_pulse.c test/battle/ability/primordial_sea.c test/battle/ability/sand_spit.c test/battle/ability/teraform_zero.c test/battle/starting_status/weather.c
734	10443	1.17.0	Battle General	Fixed	pending	g2_battle_fixed_b	**충돌**	fail	fail	Y	13	319	38	5b83f3ed5f	Fixed Beak Blast, Focus Punch, and Shell Trap's incorrect interactions	asm/macros/battle_script.inc data/battle_scripts_1.s include/battle_main.h include/battle_scripts.h include/config/battle.h include/constants/battle_move_resolution.h include/constants/config_changes.h src/battle_main.c src/battle_message.c src/battle_move_resolution.c src/battle_script_commands.c test/battle/move_effect/beak_blast.c test/battle/move_effect/focus_punch.c
735	10471	1.17.0	Battle General	Changed	pending	g3_battle_changes_moves_abilities_items	미적용·안전 이식 가능(수동 적응)	fail	fail	Y	22	88	107	92845d3304	Remove infiniteConfusion flag	data/battle_scripts_1.s include/battle_scripts.h include/battle_util.h include/constants/battle.h include/pokemon.h src/battle_ai_items.c src/battle_ai_main.c src/battle_ai_util.c src/battle_debug.c src/battle_end_turn.c src/battle_hold_effects.c src/battle_main.c src/battle_move_resolution.c src/battle_script_commands.c src/battle_util.c src/item_use.c test/battle/ability/poison_puppeteer.c test/battle/hold_effect/berserk_gene.c test/battle/hold_effect/cure_status.c test/battle/item_effect/cure_status.c test/battle/move_effect/flatter.c test/battle/move_effect/swagger.c
736	10475	1.17.0	Battle General	Fixed	ported-A	g2_battle_fixed_b	미적용·안전 이식 가능	-	-	Y	5	25	9	8aae9a242f	Fix Sheer Cold move type check and rename flag	include/move.h src/battle_ai_util.c src/battle_util.c src/data/moves_info.h test/battle/move_effect/ohko.c
737	10467	1.17.0	Battle General	Fixed	pending	g2_battle_fixed_b	미적용·안전 이식 가능(수동, 일부)	fail	fail	Y	9	63	9	9ab8055a9e	Add Protect animation + bug fixes	data/battle_anim_scripts.s data/battle_scripts_1.s include/battle_anim_scripts.h include/constants/battle_anim.h src/battle_anim.c src/battle_anim_new.c src/battle_move_resolution.c src/battle_util.c test/battle/move_effect/protect.c
738	10523	1.17.0	General	Fixed	pending	g5_general_cleanup_docs	HNS와 무관	fail	fail	-	1	2	1	5e7ca66a08	Fix smartTera assignment in MakePartnerGenerator	src/trainer_util.c
739	10531	1.17.0	General	Changed	pending	g5_general_cleanup_docs	HNS와 무관	fail	fail	Y	4	22	22	011559ab60	Rename sBattleWeatherInfo to  gBattleWeatherInfo	include/battle.h src/battle_ai_util.c src/battle_move_resolution.c src/battle_util.c
740	10488	1.17.0	Battle General	Fixed	pending	g2_battle_fixed_b	미적용·선행 필요	fail	fail	Y	8	586	72	34438b93ae	Fixes Assurance inconsistencies	asm/macros/battle_script.inc data/battle_scripts_1.s data/battle_scripts_2.s include/constants/battle_script_commands.h src/battle_main.c src/battle_move_resolution.c src/battle_script_commands.c test/battle/move_effect/assurance.c
741	10521	1.17.0	Overworld	Changed	pending	g6_overworld_refactors	**충돌**	ok	fail	-	4	25	9	a02a159bff	FontIdToFit: move and ability descriptions	src/battle_controller_player.c src/menu_specialized.c src/pokemon_summary_screen.c test/text.c
742	10499	1.17.0	General	Changed	pending	g5_general_cleanup_docs	미적용·안전 이식 가능	ok	fail	-	2	0	4	570133fa59	Remove empty file from repo	src/data/item_icon_table.h src/item_icon.c
744	10548	1.17.0	REFACTORS	-	pending	g6_overworld_refactors	**충돌**	fail	fail	-	3	144	159	08d5cea971	Minor field move fixes (upcoming)	include/field_move.h src/field_move.c src/party_menu.c
745	10430	1.17.0	Overworld	Added	pending	g6_overworld_refactors	**이미 적용**	fail	ok	-	1	8	3	702d612085	fix(party): keep candy use menu open (#9992)	src/party_menu.c
746	10459	1.17.0	Battle General	Changed	pending	g3_battle_changes_moves_abilities_items	미적용·안전 이식 가능(수동 적응)	fail	fail	Y	11	167	165	c2b9232ba7	Replaced / Removed some battlerAbsent checks in favor of IsBattlerAlive	include/battle_util.h include/constants/battle_util.h include/pokemon.h src/battle_ai_switch.c src/battle_controller_player.c src/battle_main.c src/battle_move_resolution.c src/battle_script_commands.c src/battle_util.c src/pokemon.c test/battle/ai/ai_multi.c
747	10566	1.17.0	Battle General	Fixed	pending	g2_battle_fixed_b	미적용·선행 필요	fail	fail	Y	4	159	16	718de8d57d	Fix HP bars emitting for non-present battlers and extraneous result battle messages	include/constants/battle.h src/battle_move_resolution.c src/battle_util.c test/battle/spread_moves.c
748	10576	1.17.0	Battle General	Changed	pending	g3_battle_changes_moves_abilities_items	HNS와 무관(1.17.0 안에서 전면 되돌림)	fail	fail	Y	3	32	51	35ff109e9d	Simplify IsAnyTargetAffected	include/constants/battle.h src/battle_move_resolution.c src/battle_util.c
749	10025	1.17.0	Battle General	Added	pending	g3_battle_changes_moves_abilities_items	부분 적용	fail	fail	-	10	130	55	9450f2c031	Implement opponent HP percentage display	graphics/battle_interface/healthbox_doubles_opponent_frameend.png graphics/battle_interface/healthbox_doubles_opponent_frameend_bar.png graphics/battle_interface/healthbox_singles_opponent_large.png graphics/battle_interface/{healthbox_doubles_frameend.png => healthbox_doubles_player_frameend.png} graphics/battle_interface/{healthbox_doubles_frameend_bar.png => healthbox_doubles_player_frameend_bar.png} include/config/battle.h include/graphics.h src/battle_gfx_sfx_util.c src/battle_interface.c src/graphics.c
750	10121	1.17.0	REFACTORS	-	pending	g6_overworld_refactors	**부분 적용**	fail	fail	-	4	1356	2190	9df1444765	Another debug menu refactor	include/pokemon.h src/debug.c src/pokemon.c src/pokemon_icon.c
751	10588	1.17.0	Battle General	Fixed	pending	g2_battle_fixed_b	HNS와 무관	fail	fail	Y	3	51	32	f119b5586f	Revert "Simplify IsAnyTargetAffected"	include/constants/battle.h src/battle_move_resolution.c src/battle_util.c
752	10591	1.17.0	Battle General	Changed	pending	g3_battle_changes_moves_abilities_items	이미 적용	fail	fail	Y	3	34	1	5ee97699dc	Update Howl's ignoreSubstitute flag to account for Champions behavior	src/battle_script_commands.c src/data/moves_info.h test/battle/move_effect/attack_up_user_ally.c
753	10586	1.17.0	Battle General	Fixed	pending	g2_battle_fixed_b	HNS와 무관(**적용 금지**)	ok	fail	-	1	1	1	c65b99009f	Fix terrain not being reset before battle background load	src/battle_util2.c
754	10595	1.17.0	Battle General	Changed	pending	g3_battle_changes_moves_abilities_items	미적용·선행 필요	fail	fail	Y	7	197	268	88e70d8185	Move Substitute check to move resolution and remove acc check in scripts	asm/macros/battle_script.inc data/battle_scripts_1.s include/constants/battle_move_resolution.h include/constants/battle_script_commands.h src/battle_move_resolution.c src/battle_script_commands.c test/battle/move_effect/leech_seed.c
755	10600	1.17.0	Battle General	Fixed	pending	g2_battle_fixed_b	미적용·선행 필요	fail	fail	Y	6	35	13	32320410eb	Fix Scrappy not bypassing Ghosts types if ability was changed	include/battle.h include/battle_util.h src/battle_move_resolution.c src/battle_util.c test/battle/ability/scrappy.c test/battle/move_effect/strength_sap.c
756	10593	1.17.0	Battle General	Changed	pending	g3_battle_changes_moves_abilities_items	충돌	fail	fail	Y	9	1716	1444	1242c88a10	Change SetMoveEffect into a function table and move to a new file	include/battle_script_commands.h include/battle_set_effect.h include/battle_util.h include/constants/battle.h include/constants/battle_script_commands.h include/constants/battle_set_effect.h include/move.h src/battle_script_commands.c src/battle_set_effect.c
757	10592	1.17.0	Items	Changed	pending	g3_battle_changes_moves_abilities_items	이미 적용	fail	fail	Y	3	16	71	b46a5998e6	enigma berry hold effect cleanup	src/battle_script_commands.c src/item.c src/pokemon.c
758	10610	1.17.0	Battle AI	Changed	pending	g4_ai_tests_pokemon_sprites	이미 적용(HnS 대응)	fail	fail	Y	2	4	2	f9a3ebdc57	Minor battle_util.c fixes	src/battle_util.c test/battle/ai/ai.c
761	10541	1.17.0	Battle General	Changed	pending	g3_battle_changes_moves_abilities_items	이미 적용	fail	fail	-	12	21	11	d94ee27453	Add new effectiveness indicators from Pokémon Champions	charmap.txt graphics/fonts/latin_narrow.png graphics/fonts/latin_narrower.png graphics/fonts/latin_normal.png graphics/fonts/latin_short.png graphics/fonts/latin_short_narrow.png graphics/fonts/latin_short_narrower.png graphics/fonts/latin_small.png graphics/fonts/latin_small_narrow.png graphics/fonts/latin_small_narrower.png src/battle_controller_player.c src/fonts.c
762	10625	1.17.0	General	Changed	pending	g5_general_cleanup_docs	HNS와 무관	fail	fail	-	1	0	2	ba874a135f	Remove leftover DebugPrintf statements	src/battle_ai_main.c
763	10630	1.17.0	Battle General	Changed	pending	g3_battle_changes_moves_abilities_items	미적용·안전 이식 가능(수동 적응)	fail	fail	Y	14	43	53	bab3911c35	Remove redundant embargo and heal block flags	data/battle_scripts_1.s include/constants/battle.h src/battle_ai_items.c src/battle_ai_main.c src/battle_ai_util.c src/battle_debug.c src/battle_end_turn.c src/battle_hold_effects.c src/battle_move_resolution.c src/battle_script_commands.c src/battle_set_effect.c src/battle_util.c src/item_use.c test/battle/hold_effect/mental_herb.c
764	10619	1.17.0	Other Cleanup	-	pending	g5_general_cleanup_docs	HNS와 무관	fail	fail	-	1	1	1	0d753fa949	Fix test summary alignment for FAILED	tools/mgba-rom-test-hydra/main.c
765	10634	1.17.0	Battle General	Changed	pending	g3_battle_changes_moves_abilities_items	HNS와 무관(upcoming 리팩터 회귀 수정)	fail	fail	-	2	4	4	c681a75d43	Partially reversion of gAbsentBattler pr	src/battle_controller_player.c src/battle_main.c
766	10624	1.17.0	Battle General	Fixed	pending	g2_battle_fixed_b	HNS와 무관	fail	fail	Y	8	47	164	795c262f44	Fix gimmick slides	data/battle_scripts_1.s include/battle_gimmick.h src/battle_dynamax.c src/battle_main.c src/battle_script_commands.c src/battle_util.c src/data/gimmicks.h test/battle/trainer_slides.c
767	10618	1.17.0	Battle General	Fixed	pending	g2_battle_fixed_b	HNS와 무관(버그 없음)	fail	fail	-	1	0	1	879bcc4dc8	fix(battle): fix memory leak when opening bag in battle	src/battle_controller_player.c
768	10640	1.17.0	Battle General	Changed	pending	g3_battle_changes_moves_abilities_items	미적용·안전 이식 가능(수동 적응)	fail	fail	Y	7	30	32	65e769362c	Add MSG_DISPLAY constants and helper function for strings with wait	docs/tutorials/how_to_new_trainer_slide.md include/battle_util.h include/constants/battle_script_commands.h src/battle_controller_oak_old_man.c src/battle_move_resolution.c src/battle_script_commands.c src/battle_util.c
769	10621	1.17.0	Battle General	Fixed	pending	g2_battle_fixed_b	HNS와 무관	fail	fail	-	1	37	4	a3fde0e97c	fix(healthbar): fix hp bar elements being shown when they shouldn't be	src/battle_interface.c
770	10665	1.17.0	Test Runner	Fixed	pending	g4_ai_tests_pokemon_sprites	HNS와 무관(테스트 전용)	ok	fail	-	1	10	1	d999ec8db6	upcoming: Clear callbacks between tests	test/test_runner.c
771	10688	1.17.0	Battle AI	Fixed	pending	g4_ai_tests_pokemon_sprites	이미 적용	fail	fail	Y	2	24	17	7b6e32a638	upcoming: Fix Fusion Move AI turn-order checks	src/battle_ai_util.c test/battle/ai/ai_combo_attack.c
772	10659	1.17.0	Other Cleanup	-	pending	g5_general_cleanup_docs	미적용·안전 이식 가능	fail	fail	Y	10	90	59	8bb9f16f85	Unify default move targeting between tests and in-game	include/battle.h include/recorded_battle.h src/battle_controller_opponent.c src/battle_controller_player.c src/battle_controller_recorded_opponent.c src/battle_controller_recorded_partner.c src/battle_controller_recorded_player.c src/battle_util.c test/battle/spread_moves.c test/test_runner_battle.c
773	10690	1.17.0	Battle General	Fixed	pending	g2_battle_fixed_b	미적용·안전 이식 가능(수동)	fail	fail	Y	11	26	15	49ad9f9c1b	Split move target selection and resolution	include/battle_util.h src/battle_controller_opponent.c src/battle_controller_player.c src/battle_controller_recorded_opponent.c src/battle_controller_recorded_partner.c src/battle_controller_recorded_player.c src/battle_controllers.c src/battle_gfx_sfx_util.c src/battle_move_resolution.c src/battle_util.c test/battle/move_effect/terrain_boost.c
775	10713	1.17.0	Battle General	Changed	pending	g3_battle_changes_moves_abilities_items	HNS와 무관(upcoming 리팩터 회귀 수정)	fail	fail	-	1	2	6	5aea15817c	Restore GetDefaultSelectionTarget usage	src/battle_controller_player.c
776	10714	1.17.0	Battle General	Fixed	pending	g2_battle_fixed_b	HNS와 무관	fail	fail	-	1	16	0	5570ff4b5f	Fix moveanim regression	src/battle_move_resolution.c
1000000	9672	1.15.2	General	Changed	in-history	-	-	-	-	-	-	-	-	2efd699200	docs: codify position on LLM usage	-
1000000	9679	1.15.2	General	Changed	in-history	-	-	-	-	-	-	-	-	9e96698045	ci: Do not install recommended packages	-
1000000	9724	1.15.2	General	Changed	pending	g5_general_cleanup_docs	이미 적용	-	-	-	-	-	-	-	Pret merge (8th of April, 2026)	-
1000000	9409	1.15.2	General	Changed	in-history	-	-	-	-	-	-	-	-	9cdc01fa92	Change gBattlerCount assertion to MAX_BATTLERS_COUNT	-
1000000	9752	1.15.2	General	Changed	in-history	-	-	-	-	-	-	-	-	15f00c8dbd	Allow STR_VAR_# arguments in `bufferlivemonnickname`	-
1000000	9743	1.15.2	General	Changed	in-history	-	-	-	-	-	-	-	-	d083b017e6	Missing enums in inline battler, side, and move functions	-
1000000	9766	1.15.2	General	Changed	in-history	-	-	-	-	-	-	-	-	aa6d3b3366	Add errorf to sprite creation when at MAX_SPRITES	-
1000000	9823	1.15.2	General	Changed	in-history	-	-	-	-	-	-	-	-	3faa2e0fe4	Add helper function to find what function a reported address from assertf corresponds to	-
1000000	9881	1.15.2	General	Changed	pending	g5_general_cleanup_docs	-	-	-	-	-	-	-	-	Merge pret#2283	-
1000000	9666	1.15.2	General	Fixed	in-history	-	-	-	-	-	-	-	-	29291bbbb0	Fix issue when looking at invalid value for no bag var in debug menu	-
1000000	9653	1.15.2	General	Fixed	in-history	-	-	-	-	-	-	-	-	b51495964d	Fixed debug warping allowing player movement in the middle of warp	-
1000000	9702	1.15.2	General	Fixed	in-history	-	-	-	-	-	-	-	-	053652b177	fix(makefile): use correct OBJ_DIR_NAME for tidydebug	-
1000000	9723	1.15.2	General	Fixed	in-history	-	-	-	-	-	-	-	-	8e5bc0da4d	Remove test-specific CFLAGS	-
1000000	9749	1.15.2	General	Fixed	in-history	-	-	-	-	-	-	-	-	dbce4df2f6	Revert erroneous changes to trainer pic handling in historical migration scripts	-
1000000	9822	1.15.2	General	Fixed	in-history	-	-	-	-	-	-	-	-	06332649ce	Fix frlg intro trying to create too many sprites	-
1000000	9845	1.15.2	General	Fixed	pending	g5_general_cleanup_docs	이미 적용	-	-	-	-	-	-	-	Fix fishing chain behaviour on shiny encounter	-
1000000	9792	1.15.2	Overworld	Changed	in-history	-	-	-	-	-	-	-	-	a5ea34b2b0	Add every missing asymmetrical overworld sprite for gens 1 - 7	-
1000000	9727	1.15.2	Overworld	Changed	in-history	-	-	-	-	-	-	-	-	ef38442a36	Fix area screen data having dependence on player's current location, rather than the map header	-
1000000	9673	1.15.2	Overworld	Fixed	in-history	-	-	-	-	-	-	-	-	6781a99425	Fix player gain control during warp	-
1000000	9760	1.15.2	Overworld	Fixed	in-history	-	-	-	-	-	-	-	-	52e91111d6	Fix Bead and Dream Mail	-
1000000	9775	1.15.2	Overworld	Fixed	in-history	-	-	-	-	-	-	-	-	fe1d7eb152	Fix Dexnav `assertf`s	-
1000000	9803	1.15.2	Overworld	Fixed	in-history	-	-	-	-	-	-	-	-	7f4b2c1108	Fix missing string buffer in the ingame_trade macro	-
1000000	9842	1.15.2	Overworld	Fixed	in-history	-	-	-	-	-	-	-	-	2a5af6a895	Fix forced shiny eggs losing shininess on hatch	-
1000000	9844	1.15.2	Overworld	Fixed	in-history	-	-	-	-	-	-	-	-	e598049a38	Fix egg from daycare not receiving default moveset	-
1000000	9848	1.15.2	Overworld	Fixed	in-history	-	-	-	-	-	-	-	-	1721877a64	Fix wrong param getting passed	-
1000000	8919	1.15.2	Pokémon	Changed	in-history	-	-	-	-	-	-	-	-	fc46108a56	resample, add, and fix cries	-
1000000	9705	1.15.2	Pokémon	Changed	in-history	-	-	-	-	-	-	-	-	b9cf75c75a	PokeCommunity sprites batch (April 2026)	-
1000000	9669	1.15.2	Battle General	Changed	in-history	-	-	-	-	-	-	-	-	ebe4467ed2	Align Rock Blast Bulletproof ballistic flag threshold to Gen 7	-
1000000	9670	1.15.2	Battle General	Fixed	in-history	-	-	-	-	-	-	-	-	0424ad9056	Fix Rest failing behavior under Sweet Veil	-
1000000	9684	1.15.2	Battle General	Fixed	in-history	-	-	-	-	-	-	-	-	ca17c6a3d4	Fix weight modifier order	-
1000000	9685	1.15.2	Battle General	Fixed	in-history	-	-	-	-	-	-	-	-	699315a1ec	Fix Parental Bond handling for OHKO moves and Uproar	-
1000000	9683	1.15.2	Battle General	Fixed	in-history	-	-	-	-	-	-	-	-	1c58bdc3b1	Fix Slow Start applying to special moves	-
1000000	9691	1.15.2	Battle General	Fixed	in-history	-	-	-	-	-	-	-	-	840513ad91	Fix Disguise HP bar desync on double spread moves	-
1000000	9699	1.15.2	Battle General	Fixed	in-history	-	-	-	-	-	-	-	-	4c130aa336	Fix Neutralizing Gas exit reactivating abilities for fainted battlers	-
1000000	9698	1.15.2	Battle General	Fixed	in-history	-	-	-	-	-	-	-	-	ed817d9d6a	Fix Power Herb semi-invulnerable moves remaining untargetable	-
1000000	9701	1.15.2	Battle General	Fixed	in-history	-	-	-	-	-	-	-	-	4f5c3bec68	Fix Seed Sower not activating when the user faints from an attack	-
1000000	9726	1.15.2	Battle General	Fixed	in-history	-	-	-	-	-	-	-	-	d0c01c7d0a	Fix Unburden activation and reset when items are recycled	-
1000000	9750	1.15.2	Battle General	Fixed	in-history	-	-	-	-	-	-	-	-	d0d742deaa	Fix Sturdy incorrectly taking priority over OHKO level check in Gen 5+	-
1000000	9758	1.15.2	Battle General	Fixed	in-history	-	-	-	-	-	-	-	-	b2a0842822	Fix Defiant/Competitive forcing positive stat changes to use single stat anims	-
1000000	9778	1.15.2	Battle General	Fixed	in-history	-	-	-	-	-	-	-	-	c6782e58ac	Fix gBattlerAttacker usage	-
1000000	9772	1.15.2	Battle General	Fixed	in-history	-	-	-	-	-	-	-	-	3227c49260	Fix Ring Target interactions with Ground immunity and grounded status	-
1000000	9776	1.15.2	Battle General	Fixed	in-history	-	-	-	-	-	-	-	-	7b97776d8b	Fix Sand Spit falling under B_ABILITY_WEATHER	-
1000000	9782	1.15.2	Battle General	Fixed	in-history	-	-	-	-	-	-	-	-	91a2ea03af	Fix Fling using White Herb or Mental Herb incorrectly removing the target’s held item	-
1000000	9783	1.15.2	Battle General	Fixed	in-history	-	-	-	-	-	-	-	-	2e001bf750	Fix Zoom Lens and Core Enforcer affecting switch-in targets	-
1000000	9756	1.15.2	Battle General	Fixed	in-history	-	-	-	-	-	-	-	-	0e584bfa9a	Fix Synchronize status immunity ability check	-
1000000	9790	1.15.2	Battle General	Fixed	in-history	-	-	-	-	-	-	-	-	69b1891140	Fix Blunder Policy activation for OHKO and multi-hit moves	-
1000000	9791	1.15.2	Battle General	Fixed	in-history	-	-	-	-	-	-	-	-	bbd8da4589	Fix Effect Spore RNG trigger order for non-contact turns	-
1000000	9802	1.15.2	Battle General	Fixed	in-history	-	-	-	-	-	-	-	-	1865522e29	Fix Toxic Spikes falsely applying Corrosion during switch-in poison checks	-
1000000	9682	1.15.2	Battle General	Fixed	in-history	-	-	-	-	-	-	-	-	1d902eaa58	Fix Sheer Force incorrectly suppressing recoil damage	-
1000000	9773	1.15.2	Battle General	Fixed	in-history	-	-	-	-	-	-	-	-	1d87c8b6d7	Fix Embody Aspect incorrectly reactivating after Neutralizing Gas ends	-
1000000	9715	1.15.2	Battle General	Fixed	in-history	-	-	-	-	-	-	-	-	ef4220be66	Fix Shield Dust/Covert Cloak interactions for Poison Touch, Toxic Chain, and Stench	-
1000000	9817	1.15.2	Battle General	Fixed	in-history	-	-	-	-	-	-	-	-	ed56a8eec5	Fix action order when Stall and Lagging Tail both apply	-
1000000	9828	1.15.2	Battle General	Fixed	in-history	-	-	-	-	-	-	-	-	fd072d5dfb	Fix Synchronize incorrectly activating when the holder inflicts status with its own move	-
1000000	9849	1.15.2	Battle General	Fixed	in-history	-	-	-	-	-	-	-	-	ed642adc64	Fix Lucky Chant side status lookup in `IsCriticalHit`	-
1000000	9829	1.15.2	Battle General	Fixed	in-history	-	-	-	-	-	-	-	-	4b8a6accab	Fix Neutralizing Gas end-of-effect handling for Core Enforcer and Baton Pass Gastro Acid transfer	-
1000000	9818	1.15.2	Battle General	Fixed	in-history	-	-	-	-	-	-	-	-	5cd36f241d	Fix Magician target selection priority for spread moves	-
1000000	9798	1.15.2	Battle General	Fixed	in-history	-	-	-	-	-	-	-	-	e01d5a9352	Fix Moody not activating on the switch-in turn end	-
1000000	9854	1.15.2	Battle General	Fixed	in-history	-	-	-	-	-	-	-	-	e5ad623b0a	Change order of enduring damage effects	-
1000000	8842	1.15.2	Abilities	Fixed	in-history	-	-	-	-	-	-	-	-	a26484881c	Update and fix Ability flags	-
1000000	9754	1.15.2	Abilities	Fixed	in-history	-	-	-	-	-	-	-	-	4945268440	Honor forced illegal bench abilities during AI switch evaluation	-
1000000	9592	1.15.2	Battle AI	Changed	in-history	-	-	-	-	-	-	-	-	72f4343ec5	AI frame count tests	-
1000000	9718	1.15.2	Battle AI	Fixed	in-history	-	-	-	-	-	-	-	-	c2d370f2c0	Fix AI weather evaluation and switch in logic	-
1000000	9763	1.15.2	Battle AI	Fixed	in-history	-	-	-	-	-	-	-	-	8ebb827b47	Fix erroneous fall-through in CanLowerStat and Teleport	-
1000000	9728	1.15.2	Other Cleanup	-	in-history	-	-	-	-	-	-	-	-	f4b3598030	how_to_testing_system.html: Change player species from Oddish to Wobbuffet	-
1000000	9719	1.15.2	Test Runner	Fixed	in-history	-	-	-	-	-	-	-	-	4a7bebe2b2	Zigzagoon is not an ability	-
1000000	9567	1.15.2	Test Runner	Fixed	in-history	-	-	-	-	-	-	-	-	10eabf5a59	Allow no explicit target setting in AI multi tests	-
1000000	9869	1.15.2	Test Runner	Fixed	in-history	-	-	-	-	-	-	-	-	9651c26b43	Fix rare labelling issues with RUN_OVERWORLD_SCRIPT	-
1000000	9831	1.15.2	Documentation	-	in-history	-	-	-	-	-	-	-	-	96d810edc8	Adjust documentation for poke balls in trainer parties	-
1000000	9900	1.15.3	General	Changed	pending	g5_general_cleanup_docs	HNS와 무관	-	-	-	-	-	-	-	Expansion 1.15.2 release	-
1000000	10061	1.15.3	General	Fixed	pending	g5_general_cleanup_docs	미적용·선행 필요	-	-	-	-	-	-	-	📜 Migration script for pret#2200	-
1000000	9986	1.15.3	Branch Synchronisation	pret	pending	g5_general_cleanup_docs	미적용·선행 필요	-	-	-	-	-	-	-	15th of May, 2026 in [#9986](https://github.com/rh-hideout/pokeemerald-expansion/pull/9986)	-
1000000	9641	1.16.0	General	Added	pending	g5_general_cleanup_docs	HNS와 무관	-	-	-	-	-	-	-	feat(debug): add quickstart from titlescreen	-
1000000	9522	1.16.0	General	Changed	pending	g5_general_cleanup_docs	이미 적용	-	-	-	-	-	-	-	Master merge 2026-03-14	-
1000000	9677	1.16.0	General	Changed	pending	g5_general_cleanup_docs	HNS와 무관	-	-	-	-	-	-	-	Converted move animation magic numbers to defines	-
1000000	9914	1.16.0	General	Changed	pending	g5_general_cleanup_docs	HNS와 무관	-	-	-	-	-	-	-	Fix stray tab in C file	-
1000000	10070	1.16.0	General	Changed	pending	g5_general_cleanup_docs	HNS와 무관	-	-	-	-	-	-	-	28//05/26 Master to upcoming merge	-
1000000	9408	1.16.0	Battle General	Changed	pending	g3_battle_changes_moves_abilities_items	미적용·안전 이식 가능(수동 적응)	-	-	-	-	-	-	-	Simplify Scale Shot effect activation	-
1000000	9892	1.16.1	General	Fixed	pending	g5_general_cleanup_docs	미적용·안전 이식 가능	-	-	-	-	-	-	-	Misc Fixes/Cleanups	-
1000000	10113	1.16.1	Branch Synchronisation	pret	pending	g5_general_cleanup_docs	HNS와 무관	-	-	-	-	-	-	-	1st of June, 2026 in [#10113](https://github.com/rh-hideout/pokeemerald-expansion/pull/10113)	-
1000000	10555	1.16.4	General	Changed	pending	g5_general_cleanup_docs	미적용·선행 필요	-	-	-	-	-	-	-	Pret merge (30th of July 2026)	-
1000000	10721	1.16.4	General	Changed	pending	g5_general_cleanup_docs	HNS와 무관	-	-	-	-	-	-	-	Pret merge (31st of August, 2026)	-
1000000	10581	1.16.4	General	Fixed	pending	g5_general_cleanup_docs	이미 적용	-	-	-	-	-	-	-	fix(save): fix reload_save functionality	-
1000000	10597	1.16.4	General	Fixed	pending	g5_general_cleanup_docs	이미 적용	-	-	-	-	-	-	-	Fixes starter never being shiny when P_NO_SHINIES_WITHOUT_POKEBALLS	-
1000000	10556	1.16.4	Battle General	Fixed	pending	g2_battle_fixed_b	HNS와 무관	-	-	-	-	-	-	-	X items fix	-
1000000	10159	1.17.0	Overworld	Changed	pending	g6_overworld_refactors	미적용·선행 필요	-	-	-	-	-	-	-	Optimize map header structure	-
