#mode	pre	sizeof(struct Berry)=28
ITEM_CHERI_BERRY	name[7]	bddcd9e6ddff00
ITEM_CHERI_BERRY	firmness	2
ITEM_CHERI_BERRY	color	0
ITEM_CHERI_BERRY	size	20
ITEM_CHERI_BERRY	weedsBonus	2
ITEM_CHERI_BERRY	pestsBonus	6
ITEM_CHERI_BERRY	maxYield	6
ITEM_CHERI_BERRY	minYield	5
ITEM_CHERI_BERRY	waterBonus	10
ITEM_CHERI_BERRY	description1	bce0e3e3e1e700ebdde8dc00d8d9e0ddd7d5e8d900e4e6d9e8e8ed00dae0e3ebd9e6e7adff
ITEM_CHERI_BERRY	description2	cedcd900d6e6dddbdce800e6d9d800bcd9e6e6ed00dde700ead9e6ed00e7e4ddd7edadff
ITEM_CHERI_BERRY	growthDuration	12
ITEM_CHERI_BERRY	spicy	10
ITEM_CHERI_BERRY	dry	0
ITEM_CHERI_BERRY	sweet	0
ITEM_CHERI_BERRY	bitter	0
ITEM_CHERI_BERRY	sour	0
ITEM_CHERI_BERRY	smoothness	25
ITEM_CHERI_BERRY	drainRate	15
ITEM_CHERI_BERRY	naturalGift.type	11
ITEM_CHERI_BERRY	naturalGift.power	80
ITEM_CHERI_BERRY	crush.difficulty	50
ITEM_CHERI_BERRY	crush.powder	20
ITEM_CHERI_BERRY	berryPic	BerryPic_Cheri
ITEM_CHERI_BERRY	berryPal	BerryPalette_Cheri
ITEM_CHERI_BERRY	treePicTable	PicTable_CheriBerryTree
ITEM_CHERI_BERRY	treePicTable.frames	ObjectEventPic_BerryTreeDirtPile/size=128/relativeFrames=0;ObjectEventPic_BerryTreeSprout/size=128/relativeFrames=0;ObjectEventPic_BerryTreeSprout+0x80/size=128/relativeFrames=0;ObjectEventPic_CheriBerryTree/size=256/relativeFrames=0;ObjectEventPic_CheriBerryTree+0x100/size=256/relativeFrames=0;ObjectEventPic_CheriBerryTree+0x200/size=256/relativeFrames=0;ObjectEventPic_CheriBerryTree+0x300/size=256/relativeFrames=0;ObjectEventPic_CheriBerryTree+0x400/size=256/relativeFrames=0;ObjectEventPic_CheriBerryTree+0x500/size=256/relativeFrames=0
ITEM_CHERI_BERRY	treePaletteSlotTable	BerryTreePaletteSlotTable_Cheri
ITEM_CHERI_BERRY	treePaletteSlotTable.bytes	03040402020202
ITEM_CHESTO_BERRY	name[7]	bddcd9e7e8e3ff
ITEM_CHESTO_BERRY	firmness	5
ITEM_CHESTO_BERRY	color	1
ITEM_CHESTO_BERRY	size	80
ITEM_CHESTO_BERRY	weedsBonus	2
ITEM_CHESTO_BERRY	pestsBonus	6
ITEM_CHESTO_BERRY	maxYield	6
ITEM_CHESTO_BERRY	minYield	5
ITEM_CHESTO_BERRY	waterBonus	10
ITEM_CHESTO_BERRY	description1	cedcd900bcd9e6e6edb4e700e8dcddd7df00e7dfdde200d5e2d800dae6e9dde800d5e6d9ff
ITEM_CHESTO_BERRY	description2	ead9e6ed00e8e3e9dbdcad00c3e800dde700d8e6edaee8d5e7e8dde2db00d5e0e000e3ead9e6adff
ITEM_CHESTO_BERRY	growthDuration	12
ITEM_CHESTO_BERRY	spicy	0
ITEM_CHESTO_BERRY	dry	10
ITEM_CHESTO_BERRY	sweet	0
ITEM_CHESTO_BERRY	bitter	0
ITEM_CHESTO_BERRY	sour	0
ITEM_CHESTO_BERRY	smoothness	25
ITEM_CHESTO_BERRY	drainRate	15
ITEM_CHESTO_BERRY	naturalGift.type	12
ITEM_CHESTO_BERRY	naturalGift.power	80
ITEM_CHESTO_BERRY	crush.difficulty	50
ITEM_CHESTO_BERRY	crush.powder	20
ITEM_CHESTO_BERRY	berryPic	BerryPic_Chesto
ITEM_CHESTO_BERRY	berryPal	BerryPalette_Chesto
ITEM_CHESTO_BERRY	treePicTable	PicTable_ChestoBerryTree
ITEM_CHESTO_BERRY	treePicTable.frames	ObjectEventPic_BerryTreeDirtPile/size=128/relativeFrames=0;ObjectEventPic_BerryTreeSprout/size=128/relativeFrames=0;ObjectEventPic_BerryTreeSprout+0x80/size=128/relativeFrames=0;ObjectEventPic_ChestoBerryTree/size=256/relativeFrames=0;ObjectEventPic_ChestoBerryTree+0x100/size=256/relativeFrames=0;ObjectEventPic_ChestoBerryTree+0x200/size=256/relativeFrames=0;ObjectEventPic_ChestoBerryTree+0x300/size=256/relativeFrames=0;ObjectEventPic_ChestoBerryTree+0x400/size=256/relativeFrames=0;ObjectEventPic_ChestoBerryTree+0x500/size=256/relativeFrames=0
ITEM_CHESTO_BERRY	treePaletteSlotTable	BerryTreePaletteSlotTable_Chesto
ITEM_CHESTO_BERRY	treePaletteSlotTable.bytes	03040204040404
ITEM_PECHA_BERRY	name[7]	cad9d7dcd5ff00
ITEM_PECHA_BERRY	firmness	1
ITEM_PECHA_BERRY	color	5
ITEM_PECHA_BERRY	size	40
ITEM_PECHA_BERRY	weedsBonus	4
ITEM_PECHA_BERRY	pestsBonus	6
ITEM_PECHA_BERRY	maxYield	6
ITEM_PECHA_BERRY	minYield	5
ITEM_PECHA_BERRY	waterBonus	10
ITEM_PECHA_BERRY	description1	d0d9e6ed00e7ebd9d9e800d5e2d800d8d9e0ddd7dde3e9e7adff
ITEM_PECHA_BERRY	description2	bbe0e7e300ead9e6ed00e8d9e2d8d9e600ae00dcd5e2d8e0d900ebdde8dc00d7d5e6d9adff
ITEM_PECHA_BERRY	growthDuration	12
ITEM_PECHA_BERRY	spicy	0
ITEM_PECHA_BERRY	dry	0
ITEM_PECHA_BERRY	sweet	10
ITEM_PECHA_BERRY	bitter	0
ITEM_PECHA_BERRY	sour	0
ITEM_PECHA_BERRY	smoothness	25
ITEM_PECHA_BERRY	drainRate	15
ITEM_PECHA_BERRY	naturalGift.type	14
ITEM_PECHA_BERRY	naturalGift.power	80
ITEM_PECHA_BERRY	crush.difficulty	50
ITEM_PECHA_BERRY	crush.powder	20
ITEM_PECHA_BERRY	berryPic	BerryPic_Pecha
ITEM_PECHA_BERRY	berryPal	BerryPalette_Pecha
ITEM_PECHA_BERRY	treePicTable	PicTable_PechaBerryTree
ITEM_PECHA_BERRY	treePicTable.frames	ObjectEventPic_BerryTreeDirtPile/size=128/relativeFrames=0;ObjectEventPic_BerryTreeSprout/size=128/relativeFrames=0;ObjectEventPic_BerryTreeSprout+0x80/size=128/relativeFrames=0;ObjectEventPic_PechaBerryTree/size=256/relativeFrames=0;ObjectEventPic_PechaBerryTree+0x100/size=256/relativeFrames=0;ObjectEventPic_PechaBerryTree+0x200/size=256/relativeFrames=0;ObjectEventPic_PechaBerryTree+0x300/size=256/relativeFrames=0;ObjectEventPic_PechaBerryTree+0x400/size=256/relativeFrames=0;ObjectEventPic_PechaBerryTree+0x500/size=256/relativeFrames=0
ITEM_PECHA_BERRY	treePaletteSlotTable	BerryTreePaletteSlotTable_Pecha
ITEM_PECHA_BERRY	treePaletteSlotTable.bytes	03040405050505
ITEM_RAWST_BERRY	name[7]	ccd5ebe7e8ff00
ITEM_RAWST_BERRY	firmness	3
ITEM_RAWST_BERRY	color	3
ITEM_RAWST_BERRY	size	32
ITEM_RAWST_BERRY	weedsBonus	2
ITEM_RAWST_BERRY	pestsBonus	6
ITEM_RAWST_BERRY	maxYield	6
ITEM_RAWST_BERRY	minYield	5
ITEM_RAWST_BERRY	waterBonus	10
ITEM_RAWST_BERRY	description1	c3da00e8dcd900e0d9d5ead9e700dbe6e3eb00e0e3e2db00d5e2d800d7e9e6e0edb8ff
ITEM_RAWST_BERRY	description2	e8dcd900bcd9e6e6ed00e7d9d9e1e700e8e300dbe6e3eb00ead9e6ed00d6dde8e8d9e6adff
ITEM_RAWST_BERRY	growthDuration	12
ITEM_RAWST_BERRY	spicy	0
ITEM_RAWST_BERRY	dry	0
ITEM_RAWST_BERRY	sweet	0
ITEM_RAWST_BERRY	bitter	10
ITEM_RAWST_BERRY	sour	0
ITEM_RAWST_BERRY	smoothness	25
ITEM_RAWST_BERRY	drainRate	15
ITEM_RAWST_BERRY	naturalGift.type	13
ITEM_RAWST_BERRY	naturalGift.power	80
ITEM_RAWST_BERRY	crush.difficulty	50
ITEM_RAWST_BERRY	crush.powder	20
ITEM_RAWST_BERRY	berryPic	BerryPic_Rawst
ITEM_RAWST_BERRY	berryPal	BerryPalette_Rawst
ITEM_RAWST_BERRY	treePicTable	PicTable_RawstBerryTree
ITEM_RAWST_BERRY	treePicTable.frames	ObjectEventPic_BerryTreeDirtPile/size=128/relativeFrames=0;ObjectEventPic_BerryTreeSprout/size=128/relativeFrames=0;ObjectEventPic_BerryTreeSprout+0x80/size=128/relativeFrames=0;ObjectEventPic_RawstBerryTree/size=256/relativeFrames=0;ObjectEventPic_RawstBerryTree+0x100/size=256/relativeFrames=0;ObjectEventPic_RawstBerryTree+0x200/size=256/relativeFrames=0;ObjectEventPic_RawstBerryTree+0x300/size=256/relativeFrames=0;ObjectEventPic_RawstBerryTree+0x400/size=256/relativeFrames=0;ObjectEventPic_RawstBerryTree+0x500/size=256/relativeFrames=0
ITEM_RAWST_BERRY	treePaletteSlotTable	BerryTreePaletteSlotTable_Rawst
ITEM_RAWST_BERRY	treePaletteSlotTable.bytes	03040403030303
ITEM_ASPEAR_BERRY	name[7]	bbe7e4d9d5e6ff
ITEM_ASPEAR_BERRY	firmness	5
ITEM_ASPEAR_BERRY	color	4
ITEM_ASPEAR_BERRY	size	50
ITEM_ASPEAR_BERRY	weedsBonus	2
ITEM_ASPEAR_BERRY	pestsBonus	6
ITEM_ASPEAR_BERRY	maxYield	6
ITEM_ASPEAR_BERRY	minYield	5
ITEM_ASPEAR_BERRY	waterBonus	10
ITEM_ASPEAR_BERRY	description1	cedcd900dcd5e6d800bcd9e6e6ed00dde700d8d9e2e7d900ebdde8dc00d500e6ddd7dcff
ITEM_ASPEAR_BERRY	description2	dee9ddd7d9ad00c3e800dde700e5e9dde8d900e7e3e9e6adff
ITEM_ASPEAR_BERRY	growthDuration	12
ITEM_ASPEAR_BERRY	spicy	0
ITEM_ASPEAR_BERRY	dry	0
ITEM_ASPEAR_BERRY	sweet	0
ITEM_ASPEAR_BERRY	bitter	0
ITEM_ASPEAR_BERRY	sour	10
ITEM_ASPEAR_BERRY	smoothness	25
ITEM_ASPEAR_BERRY	drainRate	15
ITEM_ASPEAR_BERRY	naturalGift.type	16
ITEM_ASPEAR_BERRY	naturalGift.power	80
ITEM_ASPEAR_BERRY	crush.difficulty	50
ITEM_ASPEAR_BERRY	crush.powder	20
ITEM_ASPEAR_BERRY	berryPic	BerryPic_Aspear
ITEM_ASPEAR_BERRY	berryPal	BerryPalette_Aspear
ITEM_ASPEAR_BERRY	treePicTable	PicTable_AspearBerryTree
ITEM_ASPEAR_BERRY	treePicTable.frames	ObjectEventPic_BerryTreeDirtPile/size=128/relativeFrames=0;ObjectEventPic_BerryTreeSprout/size=128/relativeFrames=0;ObjectEventPic_BerryTreeSprout+0x80/size=128/relativeFrames=0;ObjectEventPic_AspearBerryTree/size=256/relativeFrames=0;ObjectEventPic_AspearBerryTree+0x100/size=256/relativeFrames=0;ObjectEventPic_AspearBerryTree+0x200/size=256/relativeFrames=0;ObjectEventPic_AspearBerryTree+0x300/size=256/relativeFrames=0;ObjectEventPic_AspearBerryTree+0x400/size=256/relativeFrames=0;ObjectEventPic_AspearBerryTree+0x500/size=256/relativeFrames=0
ITEM_ASPEAR_BERRY	treePaletteSlotTable	BerryTreePaletteSlotTable_Aspear
ITEM_ASPEAR_BERRY	treePaletteSlotTable.bytes	03040304040404
ITEM_LEPPA_BERRY	name[7]	c6d9e4e4d5ff00
ITEM_LEPPA_BERRY	firmness	4
ITEM_LEPPA_BERRY	color	0
ITEM_LEPPA_BERRY	size	28
ITEM_LEPPA_BERRY	weedsBonus	3
ITEM_LEPPA_BERRY	pestsBonus	6
ITEM_LEPPA_BERRY	maxYield	6
ITEM_LEPPA_BERRY	minYield	5
ITEM_LEPPA_BERRY	waterBonus	15
ITEM_LEPPA_BERRY	description1	c1e6e3ebe700e7e0e3ebd9e600e8dcd5e200bddcd9e6dd00d5e2d800e3e8dcd9e6e7adff
ITEM_LEPPA_BERRY	description2	cedcd900e7e1d5e0e0d9e600e8dcd900bcd9e6e6edb800e8dcd900e8d5e7e8ddd9e6adff
ITEM_LEPPA_BERRY	growthDuration	16
ITEM_LEPPA_BERRY	spicy	10
ITEM_LEPPA_BERRY	dry	0
ITEM_LEPPA_BERRY	sweet	10
ITEM_LEPPA_BERRY	bitter	10
ITEM_LEPPA_BERRY	sour	10
ITEM_LEPPA_BERRY	smoothness	20
ITEM_LEPPA_BERRY	drainRate	15
ITEM_LEPPA_BERRY	naturalGift.type	2
ITEM_LEPPA_BERRY	naturalGift.power	80
ITEM_LEPPA_BERRY	crush.difficulty	50
ITEM_LEPPA_BERRY	crush.powder	30
ITEM_LEPPA_BERRY	berryPic	BerryPic_Leppa
ITEM_LEPPA_BERRY	berryPal	BerryPalette_Leppa
ITEM_LEPPA_BERRY	treePicTable	PicTable_LeppaBerryTree
ITEM_LEPPA_BERRY	treePicTable.frames	ObjectEventPic_BerryTreeDirtPile/size=128/relativeFrames=0;ObjectEventPic_BerryTreeSprout/size=128/relativeFrames=0;ObjectEventPic_BerryTreeSprout+0x80/size=128/relativeFrames=0;ObjectEventPic_LeppaBerryTree/size=256/relativeFrames=0;ObjectEventPic_LeppaBerryTree+0x100/size=256/relativeFrames=0;ObjectEventPic_LeppaBerryTree+0x200/size=256/relativeFrames=0;ObjectEventPic_LeppaBerryTree+0x300/size=256/relativeFrames=0;ObjectEventPic_LeppaBerryTree+0x400/size=256/relativeFrames=0;ObjectEventPic_LeppaBerryTree+0x500/size=256/relativeFrames=0
ITEM_LEPPA_BERRY	treePaletteSlotTable	BerryTreePaletteSlotTable_Leppa
ITEM_LEPPA_BERRY	treePaletteSlotTable.bytes	03040302020202
ITEM_ORAN_BERRY	name[7]	c9e6d5e2ff0000
ITEM_ORAN_BERRY	firmness	5
ITEM_ORAN_BERRY	color	1
ITEM_ORAN_BERRY	size	35
ITEM_ORAN_BERRY	weedsBonus	4
ITEM_ORAN_BERRY	pestsBonus	6
ITEM_ORAN_BERRY	maxYield	6
ITEM_ORAN_BERRY	minYield	5
ITEM_ORAN_BERRY	waterBonus	10
ITEM_ORAN_BERRY	description1	bb00e4d9d7e9e0ddd5e600bcd9e6e6ed00ebdde8dc00d500e1ddec00e3da00dae0d5eae3e6e7adff
ITEM_ORAN_BERRY	description2	bcd9e6e6ddd9e700dbe6e3eb00dde200dcd5e0da00d500d8d5edadff
ITEM_ORAN_BERRY	growthDuration	12
ITEM_ORAN_BERRY	spicy	10
ITEM_ORAN_BERRY	dry	10
ITEM_ORAN_BERRY	sweet	10
ITEM_ORAN_BERRY	bitter	10
ITEM_ORAN_BERRY	sour	10
ITEM_ORAN_BERRY	smoothness	20
ITEM_ORAN_BERRY	drainRate	15
ITEM_ORAN_BERRY	naturalGift.type	4
ITEM_ORAN_BERRY	naturalGift.power	80
ITEM_ORAN_BERRY	crush.difficulty	50
ITEM_ORAN_BERRY	crush.powder	30
ITEM_ORAN_BERRY	berryPic	BerryPic_Oran
ITEM_ORAN_BERRY	berryPal	BerryPalette_Oran
ITEM_ORAN_BERRY	treePicTable	PicTable_OranBerryTree
ITEM_ORAN_BERRY	treePicTable.frames	ObjectEventPic_BerryTreeDirtPile/size=128/relativeFrames=0;ObjectEventPic_BerryTreeSprout/size=128/relativeFrames=0;ObjectEventPic_BerryTreeSprout+0x80/size=128/relativeFrames=0;ObjectEventPic_OranBerryTree/size=256/relativeFrames=0;ObjectEventPic_OranBerryTree+0x100/size=256/relativeFrames=0;ObjectEventPic_OranBerryTree+0x200/size=256/relativeFrames=0;ObjectEventPic_OranBerryTree+0x300/size=256/relativeFrames=0;ObjectEventPic_OranBerryTree+0x400/size=256/relativeFrames=0;ObjectEventPic_OranBerryTree+0x500/size=256/relativeFrames=0
ITEM_ORAN_BERRY	treePaletteSlotTable	BerryTreePaletteSlotTable_Oran
ITEM_ORAN_BERRY	treePaletteSlotTable.bytes	03040203030303
ITEM_PERSIM_BERRY	name[7]	cad9e6e7dde1ff
ITEM_PERSIM_BERRY	firmness	3
ITEM_PERSIM_BERRY	color	5
ITEM_PERSIM_BERRY	size	47
ITEM_PERSIM_BERRY	weedsBonus	2
ITEM_PERSIM_BERRY	pestsBonus	6
ITEM_PERSIM_BERRY	maxYield	6
ITEM_PERSIM_BERRY	minYield	5
ITEM_PERSIM_BERRY	waterBonus	10
ITEM_PERSIM_BERRY	description1	c6e3ead9e700e7e9e2e0dddbdce8ad00cedcd900bcd9e6e6edb4e700d7e3e0e3e6ff
ITEM_PERSIM_BERRY	description2	dbe6e3ebe700eaddeaddd800ebdcd9e200d9ece4e3e7d9d800e8e300e8dcd900e7e9e2adff
ITEM_PERSIM_BERRY	growthDuration	12
ITEM_PERSIM_BERRY	spicy	10
ITEM_PERSIM_BERRY	dry	10
ITEM_PERSIM_BERRY	sweet	10
ITEM_PERSIM_BERRY	bitter	10
ITEM_PERSIM_BERRY	sour	10
ITEM_PERSIM_BERRY	smoothness	20
ITEM_PERSIM_BERRY	drainRate	15
ITEM_PERSIM_BERRY	naturalGift.type	5
ITEM_PERSIM_BERRY	naturalGift.power	80
ITEM_PERSIM_BERRY	crush.difficulty	50
ITEM_PERSIM_BERRY	crush.powder	30
ITEM_PERSIM_BERRY	berryPic	BerryPic_Persim
ITEM_PERSIM_BERRY	berryPal	BerryPalette_Persim
ITEM_PERSIM_BERRY	treePicTable	PicTable_PersimBerryTree
ITEM_PERSIM_BERRY	treePicTable.frames	ObjectEventPic_BerryTreeDirtPile/size=128/relativeFrames=0;ObjectEventPic_BerryTreeSprout/size=128/relativeFrames=0;ObjectEventPic_BerryTreeSprout+0x80/size=128/relativeFrames=0;ObjectEventPic_PersimBerryTree/size=256/relativeFrames=0;ObjectEventPic_PersimBerryTree+0x100/size=256/relativeFrames=0;ObjectEventPic_PersimBerryTree+0x200/size=256/relativeFrames=0;ObjectEventPic_PersimBerryTree+0x300/size=256/relativeFrames=0;ObjectEventPic_PersimBerryTree+0x400/size=256/relativeFrames=0;ObjectEventPic_PersimBerryTree+0x500/size=256/relativeFrames=0
ITEM_PERSIM_BERRY	treePaletteSlotTable	BerryTreePaletteSlotTable_Persim
ITEM_PERSIM_BERRY	treePaletteSlotTable.bytes	03040203030303
ITEM_LUM_BERRY	name[7]	c6e9e1ff000000
ITEM_LUM_BERRY	firmness	5
ITEM_LUM_BERRY	color	3
ITEM_LUM_BERRY	size	34
ITEM_LUM_BERRY	weedsBonus	1
ITEM_LUM_BERRY	pestsBonus	6
ITEM_LUM_BERRY	maxYield	6
ITEM_LUM_BERRY	minYield	5
ITEM_LUM_BERRY	waterBonus	12
ITEM_LUM_BERRY	description1	cde0e3eb00e8e300dbe6e3ebad00c3da00e6d5dde7d9d800ebdde8dc00e0e3eadde2dbff
ITEM_LUM_BERRY	description2	d7d5e6d9b800dde800e1d5ed00dbe6e3eb00e8ebe300bcd9e6e6ddd9e7adff
ITEM_LUM_BERRY	growthDuration	48
ITEM_LUM_BERRY	spicy	10
ITEM_LUM_BERRY	dry	10
ITEM_LUM_BERRY	sweet	10
ITEM_LUM_BERRY	bitter	10
ITEM_LUM_BERRY	sour	10
ITEM_LUM_BERRY	smoothness	20
ITEM_LUM_BERRY	drainRate	8
ITEM_LUM_BERRY	naturalGift.type	3
ITEM_LUM_BERRY	naturalGift.power	80
ITEM_LUM_BERRY	crush.difficulty	50
ITEM_LUM_BERRY	crush.powder	30
ITEM_LUM_BERRY	berryPic	BerryPic_Lum
ITEM_LUM_BERRY	berryPal	BerryPalette_Lum
ITEM_LUM_BERRY	treePicTable	PicTable_LumBerryTree
ITEM_LUM_BERRY	treePicTable.frames	ObjectEventPic_BerryTreeDirtPile/size=128/relativeFrames=0;ObjectEventPic_BerryTreeSprout/size=128/relativeFrames=0;ObjectEventPic_BerryTreeSprout+0x80/size=128/relativeFrames=0;ObjectEventPic_LumBerryTree/size=256/relativeFrames=0;ObjectEventPic_LumBerryTree+0x100/size=256/relativeFrames=0;ObjectEventPic_LumBerryTree+0x200/size=256/relativeFrames=0;ObjectEventPic_LumBerryTree+0x300/size=256/relativeFrames=0;ObjectEventPic_LumBerryTree+0x400/size=256/relativeFrames=0;ObjectEventPic_LumBerryTree+0x500/size=256/relativeFrames=0
ITEM_LUM_BERRY	treePaletteSlotTable	BerryTreePaletteSlotTable_Lum
ITEM_LUM_BERRY	treePaletteSlotTable.bytes	03040405050505
ITEM_SITRUS_BERRY	name[7]	cddde8e6e9e7ff
ITEM_SITRUS_BERRY	firmness	4
ITEM_SITRUS_BERRY	color	4
ITEM_SITRUS_BERRY	size	95
ITEM_SITRUS_BERRY	weedsBonus	1
ITEM_SITRUS_BERRY	pestsBonus	6
ITEM_SITRUS_BERRY	maxYield	6
ITEM_SITRUS_BERRY	minYield	5
ITEM_SITRUS_BERRY	waterBonus	12
ITEM_SITRUS_BERRY	description1	bde0e3e7d9e0ed00e6d9e0d5e8d9d800e8e300c9e6d5e2ad00cedcd900e0d5e6dbd9ff
ITEM_SITRUS_BERRY	description2	bcd9e6e6ed00dcd5e700d500ebd9e0e0aee6e3e9e2d8d9d800dae0d5eae3e6adff
ITEM_SITRUS_BERRY	growthDuration	24
ITEM_SITRUS_BERRY	spicy	10
ITEM_SITRUS_BERRY	dry	10
ITEM_SITRUS_BERRY	sweet	10
ITEM_SITRUS_BERRY	bitter	10
ITEM_SITRUS_BERRY	sour	10
ITEM_SITRUS_BERRY	smoothness	20
ITEM_SITRUS_BERRY	drainRate	7
ITEM_SITRUS_BERRY	naturalGift.type	15
ITEM_SITRUS_BERRY	naturalGift.power	80
ITEM_SITRUS_BERRY	crush.difficulty	50
ITEM_SITRUS_BERRY	crush.powder	30
ITEM_SITRUS_BERRY	berryPic	BerryPic_Sitrus
ITEM_SITRUS_BERRY	berryPal	BerryPalette_Sitrus
ITEM_SITRUS_BERRY	treePicTable	PicTable_SitrusBerryTree
ITEM_SITRUS_BERRY	treePicTable.frames	ObjectEventPic_BerryTreeDirtPile/size=128/relativeFrames=0;ObjectEventPic_BerryTreeSprout/size=128/relativeFrames=0;ObjectEventPic_BerryTreeSprout+0x80/size=128/relativeFrames=0;ObjectEventPic_SitrusBerryTree/size=256/relativeFrames=0;ObjectEventPic_SitrusBerryTree+0x100/size=256/relativeFrames=0;ObjectEventPic_SitrusBerryTree+0x200/size=256/relativeFrames=0;ObjectEventPic_SitrusBerryTree+0x300/size=256/relativeFrames=0;ObjectEventPic_SitrusBerryTree+0x400/size=256/relativeFrames=0;ObjectEventPic_SitrusBerryTree+0x500/size=256/relativeFrames=0
ITEM_SITRUS_BERRY	treePaletteSlotTable	BerryTreePaletteSlotTable_Sitrus
ITEM_SITRUS_BERRY	treePaletteSlotTable.bytes	03040405050505
ITEM_FIGY_BERRY	name[7]	c0dddbedff0000
ITEM_FIGY_BERRY	firmness	2
ITEM_FIGY_BERRY	color	0
ITEM_FIGY_BERRY	size	100
ITEM_FIGY_BERRY	weedsBonus	2
ITEM_FIGY_BERRY	pestsBonus	6
ITEM_FIGY_BERRY	maxYield	6
ITEM_FIGY_BERRY	minYield	5
ITEM_FIGY_BERRY	waterBonus	15
ITEM_FIGY_BERRY	description1	cedcd900bcd9e6e6edb800ebdcddd7dc00e0e3e3dfe700d7dcd9ebd9d800e9e4b8ff
ITEM_FIGY_BERRY	description2	d6e6dde1e700ebdde8dc00e7e4ddd7ed00e7e9d6e7e8d5e2d7d9e7adff
ITEM_FIGY_BERRY	growthDuration	24
ITEM_FIGY_BERRY	spicy	10
ITEM_FIGY_BERRY	dry	0
ITEM_FIGY_BERRY	sweet	0
ITEM_FIGY_BERRY	bitter	0
ITEM_FIGY_BERRY	sour	0
ITEM_FIGY_BERRY	smoothness	25
ITEM_FIGY_BERRY	drainRate	10
ITEM_FIGY_BERRY	naturalGift.type	7
ITEM_FIGY_BERRY	naturalGift.power	80
ITEM_FIGY_BERRY	crush.difficulty	60
ITEM_FIGY_BERRY	crush.powder	50
ITEM_FIGY_BERRY	berryPic	BerryPic_Figy
ITEM_FIGY_BERRY	berryPal	BerryPalette_Figy
ITEM_FIGY_BERRY	treePicTable	PicTable_FigyBerryTree
ITEM_FIGY_BERRY	treePicTable.frames	ObjectEventPic_BerryTreeDirtPile/size=128/relativeFrames=0;ObjectEventPic_BerryTreeSprout/size=128/relativeFrames=0;ObjectEventPic_BerryTreeSprout+0x80/size=128/relativeFrames=0;ObjectEventPic_FigyBerryTree/size=256/relativeFrames=0;ObjectEventPic_FigyBerryTree+0x100/size=256/relativeFrames=0;ObjectEventPic_FigyBerryTree+0x200/size=256/relativeFrames=0;ObjectEventPic_FigyBerryTree+0x300/size=256/relativeFrames=0;ObjectEventPic_FigyBerryTree+0x400/size=256/relativeFrames=0;ObjectEventPic_FigyBerryTree+0x500/size=256/relativeFrames=0
ITEM_FIGY_BERRY	treePaletteSlotTable	BerryTreePaletteSlotTable_Figy
ITEM_FIGY_BERRY	treePaletteSlotTable.bytes	03040304040404
ITEM_WIKI_BERRY	name[7]	d1dddfddff0000
ITEM_WIKI_BERRY	firmness	3
ITEM_WIKI_BERRY	color	1
ITEM_WIKI_BERRY	size	115
ITEM_WIKI_BERRY	weedsBonus	2
ITEM_WIKI_BERRY	pestsBonus	6
ITEM_WIKI_BERRY	maxYield	6
ITEM_WIKI_BERRY	minYield	5
ITEM_WIKI_BERRY	waterBonus	15
ITEM_WIKI_BERRY	description1	cedcd900bcd9e6e6ed00dde700e7d5ddd800e8e300dcd5ead900dbe6e3ebe200e0e9e1e4edff
ITEM_WIKI_BERRY	description2	e8e300dcd9e0e400cae3df1be1e3e200dbe6dde400dde8adff
ITEM_WIKI_BERRY	growthDuration	24
ITEM_WIKI_BERRY	spicy	0
ITEM_WIKI_BERRY	dry	10
ITEM_WIKI_BERRY	sweet	0
ITEM_WIKI_BERRY	bitter	0
ITEM_WIKI_BERRY	sour	0
ITEM_WIKI_BERRY	smoothness	25
ITEM_WIKI_BERRY	drainRate	10
ITEM_WIKI_BERRY	naturalGift.type	6
ITEM_WIKI_BERRY	naturalGift.power	80
ITEM_WIKI_BERRY	crush.difficulty	60
ITEM_WIKI_BERRY	crush.powder	50
ITEM_WIKI_BERRY	berryPic	BerryPic_Wiki
ITEM_WIKI_BERRY	berryPal	BerryPalette_Wiki
ITEM_WIKI_BERRY	treePicTable	PicTable_WikiBerryTree
ITEM_WIKI_BERRY	treePicTable.frames	ObjectEventPic_BerryTreeDirtPile/size=128/relativeFrames=0;ObjectEventPic_BerryTreeSprout/size=128/relativeFrames=0;ObjectEventPic_BerryTreeSprout+0x80/size=128/relativeFrames=0;ObjectEventPic_WikiBerryTree/size=256/relativeFrames=0;ObjectEventPic_WikiBerryTree+0x100/size=256/relativeFrames=0;ObjectEventPic_WikiBerryTree+0x200/size=256/relativeFrames=0;ObjectEventPic_WikiBerryTree+0x300/size=256/relativeFrames=0;ObjectEventPic_WikiBerryTree+0x400/size=256/relativeFrames=0;ObjectEventPic_WikiBerryTree+0x500/size=256/relativeFrames=0
ITEM_WIKI_BERRY	treePaletteSlotTable	BerryTreePaletteSlotTable_Wiki
ITEM_WIKI_BERRY	treePaletteSlotTable.bytes	03040304040404
ITEM_MAGO_BERRY	name[7]	c7d5dbe3ff0000
ITEM_MAGO_BERRY	firmness	3
ITEM_MAGO_BERRY	color	5
ITEM_MAGO_BERRY	size	126
ITEM_MAGO_BERRY	weedsBonus	2
ITEM_MAGO_BERRY	pestsBonus	6
ITEM_MAGO_BERRY	maxYield	6
ITEM_MAGO_BERRY	minYield	5
ITEM_MAGO_BERRY	waterBonus	15
ITEM_MAGO_BERRY	description1	cedcd900bcd9e6e6ed00e8e9e6e2e700d7e9e6eaed00d5e700dde800dbe6e3ebe7adff
ITEM_MAGO_BERRY	description2	cedcd900d7e9e6eaddd9e6b800e8dcd900e7ebd9d9e8d9e600d5e2d800e8d5e7e8ddd9e6adff
ITEM_MAGO_BERRY	growthDuration	24
ITEM_MAGO_BERRY	spicy	0
ITEM_MAGO_BERRY	dry	0
ITEM_MAGO_BERRY	sweet	10
ITEM_MAGO_BERRY	bitter	0
ITEM_MAGO_BERRY	sour	0
ITEM_MAGO_BERRY	smoothness	25
ITEM_MAGO_BERRY	drainRate	10
ITEM_MAGO_BERRY	naturalGift.type	8
ITEM_MAGO_BERRY	naturalGift.power	80
ITEM_MAGO_BERRY	crush.difficulty	60
ITEM_MAGO_BERRY	crush.powder	50
ITEM_MAGO_BERRY	berryPic	BerryPic_Mago
ITEM_MAGO_BERRY	berryPal	BerryPalette_Mago
ITEM_MAGO_BERRY	treePicTable	PicTable_MagoBerryTree
ITEM_MAGO_BERRY	treePicTable.frames	ObjectEventPic_BerryTreeDirtPile/size=128/relativeFrames=0;ObjectEventPic_BerryTreeSprout/size=128/relativeFrames=0;ObjectEventPic_BerryTreeSprout+0x80/size=128/relativeFrames=0;ObjectEventPic_MagoBerryTree/size=256/relativeFrames=0;ObjectEventPic_MagoBerryTree+0x100/size=256/relativeFrames=0;ObjectEventPic_MagoBerryTree+0x200/size=256/relativeFrames=0;ObjectEventPic_MagoBerryTree+0x300/size=256/relativeFrames=0;ObjectEventPic_MagoBerryTree+0x400/size=256/relativeFrames=0;ObjectEventPic_MagoBerryTree+0x500/size=256/relativeFrames=0
ITEM_MAGO_BERRY	treePaletteSlotTable	BerryTreePaletteSlotTable_Mago
ITEM_MAGO_BERRY	treePaletteSlotTable.bytes	03040303030303
ITEM_AGUAV_BERRY	name[7]	bbdbe9d5eaff00
ITEM_AGUAV_BERRY	firmness	5
ITEM_AGUAV_BERRY	color	3
ITEM_AGUAV_BERRY	size	64
ITEM_AGUAV_BERRY	weedsBonus	2
ITEM_AGUAV_BERRY	pestsBonus	6
ITEM_AGUAV_BERRY	maxYield	6
ITEM_AGUAV_BERRY	minYield	5
ITEM_AGUAV_BERRY	waterBonus	15
ITEM_AGUAV_BERRY	description1	cedcd900dae0e3ebd9e600dde700d8d5dde2e8edad00c3e800dde700e6d5e6d900dde200dde8e7ff
ITEM_AGUAV_BERRY	description2	d5d6dde0dde8ed00e8e300dbe6e3eb00ebdde8dce3e9e800e0dddbdce8adff
ITEM_AGUAV_BERRY	growthDuration	24
ITEM_AGUAV_BERRY	spicy	0
ITEM_AGUAV_BERRY	dry	0
ITEM_AGUAV_BERRY	sweet	0
ITEM_AGUAV_BERRY	bitter	10
ITEM_AGUAV_BERRY	sour	0
ITEM_AGUAV_BERRY	smoothness	25
ITEM_AGUAV_BERRY	drainRate	10
ITEM_AGUAV_BERRY	naturalGift.type	17
ITEM_AGUAV_BERRY	naturalGift.power	80
ITEM_AGUAV_BERRY	crush.difficulty	60
ITEM_AGUAV_BERRY	crush.powder	50
ITEM_AGUAV_BERRY	berryPic	BerryPic_Aguav
ITEM_AGUAV_BERRY	berryPal	BerryPalette_Aguav
ITEM_AGUAV_BERRY	treePicTable	PicTable_AguavBerryTree
ITEM_AGUAV_BERRY	treePicTable.frames	ObjectEventPic_BerryTreeDirtPile/size=128/relativeFrames=0;ObjectEventPic_BerryTreeSprout/size=128/relativeFrames=0;ObjectEventPic_BerryTreeSprout+0x80/size=128/relativeFrames=0;ObjectEventPic_AguavBerryTree/size=256/relativeFrames=0;ObjectEventPic_AguavBerryTree+0x100/size=256/relativeFrames=0;ObjectEventPic_AguavBerryTree+0x200/size=256/relativeFrames=0;ObjectEventPic_AguavBerryTree+0x300/size=256/relativeFrames=0;ObjectEventPic_AguavBerryTree+0x400/size=256/relativeFrames=0;ObjectEventPic_AguavBerryTree+0x500/size=256/relativeFrames=0
ITEM_AGUAV_BERRY	treePaletteSlotTable	BerryTreePaletteSlotTable_Aguav
ITEM_AGUAV_BERRY	treePaletteSlotTable.bytes	03040405050505
ITEM_IAPAPA_BERRY	name[7]	c3d5e4d5e4d5ff
ITEM_IAPAPA_BERRY	firmness	2
ITEM_IAPAPA_BERRY	color	4
ITEM_IAPAPA_BERRY	size	223
ITEM_IAPAPA_BERRY	weedsBonus	2
ITEM_IAPAPA_BERRY	pestsBonus	6
ITEM_IAPAPA_BERRY	maxYield	6
ITEM_IAPAPA_BERRY	minYield	5
ITEM_IAPAPA_BERRY	waterBonus	15
ITEM_IAPAPA_BERRY	description1	cedcd900bcd9e6e6ed00dde700ead9e6ed00d6dddb00d5e2d800e7e3e9e6adff
ITEM_IAPAPA_BERRY	description2	c3e800e8d5dfd9e700d5e800e0d9d5e7e800d500d8d5ed00e8e300dbe6e3ebadff
ITEM_IAPAPA_BERRY	growthDuration	24
ITEM_IAPAPA_BERRY	spicy	0
ITEM_IAPAPA_BERRY	dry	0
ITEM_IAPAPA_BERRY	sweet	0
ITEM_IAPAPA_BERRY	bitter	0
ITEM_IAPAPA_BERRY	sour	10
ITEM_IAPAPA_BERRY	smoothness	25
ITEM_IAPAPA_BERRY	drainRate	10
ITEM_IAPAPA_BERRY	naturalGift.type	18
ITEM_IAPAPA_BERRY	naturalGift.power	80
ITEM_IAPAPA_BERRY	crush.difficulty	60
ITEM_IAPAPA_BERRY	crush.powder	50
ITEM_IAPAPA_BERRY	berryPic	BerryPic_Iapapa
ITEM_IAPAPA_BERRY	berryPal	BerryPalette_Iapapa
ITEM_IAPAPA_BERRY	treePicTable	PicTable_IapapaBerryTree
ITEM_IAPAPA_BERRY	treePicTable.frames	ObjectEventPic_BerryTreeDirtPile/size=128/relativeFrames=0;ObjectEventPic_BerryTreeSprout/size=128/relativeFrames=0;ObjectEventPic_BerryTreeSprout+0x80/size=128/relativeFrames=0;ObjectEventPic_IapapaBerryTree/size=256/relativeFrames=0;ObjectEventPic_IapapaBerryTree+0x100/size=256/relativeFrames=0;ObjectEventPic_IapapaBerryTree+0x200/size=256/relativeFrames=0;ObjectEventPic_IapapaBerryTree+0x300/size=256/relativeFrames=0;ObjectEventPic_IapapaBerryTree+0x400/size=256/relativeFrames=0;ObjectEventPic_IapapaBerryTree+0x500/size=256/relativeFrames=0
ITEM_IAPAPA_BERRY	treePaletteSlotTable	BerryTreePaletteSlotTable_Iapapa
ITEM_IAPAPA_BERRY	treePaletteSlotTable.bytes	03040305050505
ITEM_RAZZ_BERRY	name[7]	ccd5eeeeff0000
ITEM_RAZZ_BERRY	firmness	4
ITEM_RAZZ_BERRY	color	0
ITEM_RAZZ_BERRY	size	120
ITEM_RAZZ_BERRY	weedsBonus	2
ITEM_RAZZ_BERRY	pestsBonus	6
ITEM_RAZZ_BERRY	maxYield	6
ITEM_RAZZ_BERRY	minYield	5
ITEM_RAZZ_BERRY	waterBonus	10
ITEM_RAZZ_BERRY	description1	cedcd900e6d9d800bcd9e6e6ed00e8d5e7e8d9e700e7e0dddbdce8e0ed00e7e4ddd7edadff
ITEM_RAZZ_BERRY	description2	c3e800dbe6e3ebe700e5e9ddd7dfe0ed00dde200dee9e7e800dae3e9e600dce3e9e6e7adff
ITEM_RAZZ_BERRY	growthDuration	4
ITEM_RAZZ_BERRY	spicy	10
ITEM_RAZZ_BERRY	dry	10
ITEM_RAZZ_BERRY	sweet	0
ITEM_RAZZ_BERRY	bitter	0
ITEM_RAZZ_BERRY	sour	0
ITEM_RAZZ_BERRY	smoothness	20
ITEM_RAZZ_BERRY	drainRate	35
ITEM_RAZZ_BERRY	naturalGift.type	9
ITEM_RAZZ_BERRY	naturalGift.power	80
ITEM_RAZZ_BERRY	crush.difficulty	80
ITEM_RAZZ_BERRY	crush.powder	70
ITEM_RAZZ_BERRY	berryPic	BerryPic_Razz
ITEM_RAZZ_BERRY	berryPal	BerryPalette_Razz
ITEM_RAZZ_BERRY	treePicTable	PicTable_RazzBerryTree
ITEM_RAZZ_BERRY	treePicTable.frames	ObjectEventPic_BerryTreeDirtPile/size=128/relativeFrames=0;ObjectEventPic_BerryTreeSprout/size=128/relativeFrames=0;ObjectEventPic_BerryTreeSprout+0x80/size=128/relativeFrames=0;ObjectEventPic_RazzBerryTree/size=256/relativeFrames=0;ObjectEventPic_RazzBerryTree+0x100/size=256/relativeFrames=0;ObjectEventPic_RazzBerryTree+0x200/size=256/relativeFrames=0;ObjectEventPic_RazzBerryTree+0x300/size=256/relativeFrames=0;ObjectEventPic_RazzBerryTree+0x400/size=256/relativeFrames=0;ObjectEventPic_RazzBerryTree+0x500/size=256/relativeFrames=0
ITEM_RAZZ_BERRY	treePaletteSlotTable	BerryTreePaletteSlotTable_Razz
ITEM_RAZZ_BERRY	treePaletteSlotTable.bytes	03040404040404
ITEM_BLUK_BERRY	name[7]	bce0e9dfff0000
ITEM_BLUK_BERRY	firmness	2
ITEM_BLUK_BERRY	color	1
ITEM_BLUK_BERRY	size	108
ITEM_BLUK_BERRY	weedsBonus	2
ITEM_BLUK_BERRY	pestsBonus	6
ITEM_BLUK_BERRY	maxYield	6
ITEM_BLUK_BERRY	minYield	5
ITEM_BLUK_BERRY	waterBonus	10
ITEM_BLUK_BERRY	description1	cedcd900bcd9e6e6ed00dde700d6e0e9d900e3e200e8dcd900e3e9e8e7ddd8d9b800d6e9e8ff
ITEM_BLUK_BERRY	description2	dde800d6e0d5d7dfd9e2e700e8dcd900e1e3e9e8dc00ebdcd9e200d9d5e8d9e2adff
ITEM_BLUK_BERRY	growthDuration	4
ITEM_BLUK_BERRY	spicy	0
ITEM_BLUK_BERRY	dry	10
ITEM_BLUK_BERRY	sweet	10
ITEM_BLUK_BERRY	bitter	0
ITEM_BLUK_BERRY	sour	0
ITEM_BLUK_BERRY	smoothness	20
ITEM_BLUK_BERRY	drainRate	35
ITEM_BLUK_BERRY	naturalGift.type	11
ITEM_BLUK_BERRY	naturalGift.power	90
ITEM_BLUK_BERRY	crush.difficulty	80
ITEM_BLUK_BERRY	crush.powder	70
ITEM_BLUK_BERRY	berryPic	BerryPic_Bluk
ITEM_BLUK_BERRY	berryPal	BerryPalette_Bluk
ITEM_BLUK_BERRY	treePicTable	PicTable_RazzBerryTree
ITEM_BLUK_BERRY	treePicTable.frames	ObjectEventPic_BerryTreeDirtPile/size=128/relativeFrames=0;ObjectEventPic_BerryTreeSprout/size=128/relativeFrames=0;ObjectEventPic_BerryTreeSprout+0x80/size=128/relativeFrames=0;ObjectEventPic_RazzBerryTree/size=256/relativeFrames=0;ObjectEventPic_RazzBerryTree+0x100/size=256/relativeFrames=0;ObjectEventPic_RazzBerryTree+0x200/size=256/relativeFrames=0;ObjectEventPic_RazzBerryTree+0x300/size=256/relativeFrames=0;ObjectEventPic_RazzBerryTree+0x400/size=256/relativeFrames=0;ObjectEventPic_RazzBerryTree+0x500/size=256/relativeFrames=0
ITEM_BLUK_BERRY	treePaletteSlotTable	BerryTreePaletteSlotTable_Razz
ITEM_BLUK_BERRY	treePaletteSlotTable.bytes	03040404040404
ITEM_NANAB_BERRY	name[7]	c8d5e2d5d6ff00
ITEM_NANAB_BERRY	firmness	4
ITEM_NANAB_BERRY	color	5
ITEM_NANAB_BERRY	size	77
ITEM_NANAB_BERRY	weedsBonus	2
ITEM_NANAB_BERRY	pestsBonus	6
ITEM_NANAB_BERRY	maxYield	6
ITEM_NANAB_BERRY	minYield	5
ITEM_NANAB_BERRY	waterBonus	10
ITEM_NANAB_BERRY	description1	cedcdde700bcd9e6e6ed00ebd5e700e8dcd900e7d9ead9e2e8dcff
ITEM_NANAB_BERRY	description2	d8dde7d7e3ead9e6d9d800dde200e8dcd900ebe3e6e0d8ad00c3e800dde700e7ebd9d9e8adff
ITEM_NANAB_BERRY	growthDuration	4
ITEM_NANAB_BERRY	spicy	0
ITEM_NANAB_BERRY	dry	0
ITEM_NANAB_BERRY	sweet	10
ITEM_NANAB_BERRY	bitter	10
ITEM_NANAB_BERRY	sour	0
ITEM_NANAB_BERRY	smoothness	20
ITEM_NANAB_BERRY	drainRate	35
ITEM_NANAB_BERRY	naturalGift.type	12
ITEM_NANAB_BERRY	naturalGift.power	90
ITEM_NANAB_BERRY	crush.difficulty	80
ITEM_NANAB_BERRY	crush.powder	70
ITEM_NANAB_BERRY	berryPic	BerryPic_Nanab
ITEM_NANAB_BERRY	berryPal	BerryPalette_Nanab
ITEM_NANAB_BERRY	treePicTable	PicTable_MagoBerryTree
ITEM_NANAB_BERRY	treePicTable.frames	ObjectEventPic_BerryTreeDirtPile/size=128/relativeFrames=0;ObjectEventPic_BerryTreeSprout/size=128/relativeFrames=0;ObjectEventPic_BerryTreeSprout+0x80/size=128/relativeFrames=0;ObjectEventPic_MagoBerryTree/size=256/relativeFrames=0;ObjectEventPic_MagoBerryTree+0x100/size=256/relativeFrames=0;ObjectEventPic_MagoBerryTree+0x200/size=256/relativeFrames=0;ObjectEventPic_MagoBerryTree+0x300/size=256/relativeFrames=0;ObjectEventPic_MagoBerryTree+0x400/size=256/relativeFrames=0;ObjectEventPic_MagoBerryTree+0x500/size=256/relativeFrames=0
ITEM_NANAB_BERRY	treePaletteSlotTable	BerryTreePaletteSlotTable_Mago
ITEM_NANAB_BERRY	treePaletteSlotTable.bytes	03040303030303
ITEM_WEPEAR_BERRY	name[7]	d1d9e4d9d5e6ff
ITEM_WEPEAR_BERRY	firmness	5
ITEM_WEPEAR_BERRY	color	3
ITEM_WEPEAR_BERRY	size	74
ITEM_WEPEAR_BERRY	weedsBonus	2
ITEM_WEPEAR_BERRY	pestsBonus	6
ITEM_WEPEAR_BERRY	maxYield	6
ITEM_WEPEAR_BERRY	minYield	5
ITEM_WEPEAR_BERRY	waterBonus	10
ITEM_WEPEAR_BERRY	description1	cedcd900dae0e3ebd9e600dde700e7e1d5e0e000d5e2d800ebdcdde8d9ad00c3e800dcd5e700d5ff
ITEM_WEPEAR_BERRY	description2	d8d9e0ddd7d5e8d900d6d5e0d5e2d7d900e3da00d6dde8e8d9e600d5e2d800e7e3e9e6adff
ITEM_WEPEAR_BERRY	growthDuration	4
ITEM_WEPEAR_BERRY	spicy	0
ITEM_WEPEAR_BERRY	dry	0
ITEM_WEPEAR_BERRY	sweet	0
ITEM_WEPEAR_BERRY	bitter	10
ITEM_WEPEAR_BERRY	sour	10
ITEM_WEPEAR_BERRY	smoothness	20
ITEM_WEPEAR_BERRY	drainRate	35
ITEM_WEPEAR_BERRY	naturalGift.type	14
ITEM_WEPEAR_BERRY	naturalGift.power	90
ITEM_WEPEAR_BERRY	crush.difficulty	80
ITEM_WEPEAR_BERRY	crush.powder	70
ITEM_WEPEAR_BERRY	berryPic	BerryPic_Wepear
ITEM_WEPEAR_BERRY	berryPal	BerryPalette_Wepear
ITEM_WEPEAR_BERRY	treePicTable	PicTable_WepearBerryTree
ITEM_WEPEAR_BERRY	treePicTable.frames	ObjectEventPic_BerryTreeDirtPile/size=128/relativeFrames=0;ObjectEventPic_BerryTreeSprout/size=128/relativeFrames=0;ObjectEventPic_BerryTreeSprout+0x80/size=128/relativeFrames=0;ObjectEventPic_WepearBerryTree/size=256/relativeFrames=0;ObjectEventPic_WepearBerryTree+0x100/size=256/relativeFrames=0;ObjectEventPic_WepearBerryTree+0x200/size=256/relativeFrames=0;ObjectEventPic_WepearBerryTree+0x300/size=256/relativeFrames=0;ObjectEventPic_WepearBerryTree+0x400/size=256/relativeFrames=0;ObjectEventPic_WepearBerryTree+0x500/size=256/relativeFrames=0
ITEM_WEPEAR_BERRY	treePaletteSlotTable	BerryTreePaletteSlotTable_Wepear
ITEM_WEPEAR_BERRY	treePaletteSlotTable.bytes	03040205050505
ITEM_PINAP_BERRY	name[7]	cadde2d5e4ff00
ITEM_PINAP_BERRY	firmness	3
ITEM_PINAP_BERRY	color	4
ITEM_PINAP_BERRY	size	80
ITEM_PINAP_BERRY	weedsBonus	2
ITEM_PINAP_BERRY	pestsBonus	6
ITEM_PINAP_BERRY	maxYield	6
ITEM_PINAP_BERRY	minYield	5
ITEM_PINAP_BERRY	waterBonus	10
ITEM_PINAP_BERRY	description1	d1d9d5df00d5dbd5dde2e7e800ebdde2d800d5e2d800d7e3e0d8adff
ITEM_PINAP_BERRY	description2	cedcd900dae6e9dde800dde700e7e4ddd7ed00d5e2d800e8dcd900e7dfdde2b800e7e3e9e6adff
ITEM_PINAP_BERRY	growthDuration	4
ITEM_PINAP_BERRY	spicy	10
ITEM_PINAP_BERRY	dry	0
ITEM_PINAP_BERRY	sweet	0
ITEM_PINAP_BERRY	bitter	0
ITEM_PINAP_BERRY	sour	10
ITEM_PINAP_BERRY	smoothness	20
ITEM_PINAP_BERRY	drainRate	35
ITEM_PINAP_BERRY	naturalGift.type	13
ITEM_PINAP_BERRY	naturalGift.power	90
ITEM_PINAP_BERRY	crush.difficulty	80
ITEM_PINAP_BERRY	crush.powder	70
ITEM_PINAP_BERRY	berryPic	BerryPic_Pinap
ITEM_PINAP_BERRY	berryPal	BerryPalette_Pinap
ITEM_PINAP_BERRY	treePicTable	PicTable_IapapaBerryTree
ITEM_PINAP_BERRY	treePicTable.frames	ObjectEventPic_BerryTreeDirtPile/size=128/relativeFrames=0;ObjectEventPic_BerryTreeSprout/size=128/relativeFrames=0;ObjectEventPic_BerryTreeSprout+0x80/size=128/relativeFrames=0;ObjectEventPic_IapapaBerryTree/size=256/relativeFrames=0;ObjectEventPic_IapapaBerryTree+0x100/size=256/relativeFrames=0;ObjectEventPic_IapapaBerryTree+0x200/size=256/relativeFrames=0;ObjectEventPic_IapapaBerryTree+0x300/size=256/relativeFrames=0;ObjectEventPic_IapapaBerryTree+0x400/size=256/relativeFrames=0;ObjectEventPic_IapapaBerryTree+0x500/size=256/relativeFrames=0
ITEM_PINAP_BERRY	treePaletteSlotTable	BerryTreePaletteSlotTable_Iapapa
ITEM_PINAP_BERRY	treePaletteSlotTable.bytes	03040305050505
ITEM_POMEG_BERRY	name[7]	cae3e1d9dbff00
ITEM_POMEG_BERRY	firmness	4
ITEM_POMEG_BERRY	color	0
ITEM_POMEG_BERRY	size	135
ITEM_POMEG_BERRY	weedsBonus	3
ITEM_POMEG_BERRY	pestsBonus	6
ITEM_POMEG_BERRY	maxYield	11
ITEM_POMEG_BERRY	minYield	10
ITEM_POMEG_BERRY	waterBonus	5
ITEM_POMEG_BERRY	description1	c2e3ebd9ead9e600e1e9d7dc00dde800dde700ebd5e8d9e6d9d8b8ff
ITEM_POMEG_BERRY	description2	dde800e3e2e0ed00dbe6e3ebe700e9e400e8e300e7ddec00bcd9e6e6ddd9e7adff
ITEM_POMEG_BERRY	growthDuration	12
ITEM_POMEG_BERRY	spicy	10
ITEM_POMEG_BERRY	dry	0
ITEM_POMEG_BERRY	sweet	10
ITEM_POMEG_BERRY	bitter	10
ITEM_POMEG_BERRY	sour	0
ITEM_POMEG_BERRY	smoothness	20
ITEM_POMEG_BERRY	drainRate	8
ITEM_POMEG_BERRY	naturalGift.type	16
ITEM_POMEG_BERRY	naturalGift.power	90
ITEM_POMEG_BERRY	crush.difficulty	100
ITEM_POMEG_BERRY	crush.powder	100
ITEM_POMEG_BERRY	berryPic	BerryPic_Pomeg
ITEM_POMEG_BERRY	berryPal	BerryPalette_Pomeg
ITEM_POMEG_BERRY	treePicTable	PicTable_PomegBerryTree
ITEM_POMEG_BERRY	treePicTable.frames	ObjectEventPic_BerryTreeDirtPile/size=128/relativeFrames=0;ObjectEventPic_BerryTreeSprout/size=128/relativeFrames=0;ObjectEventPic_BerryTreeSprout+0x80/size=128/relativeFrames=0;ObjectEventPic_PomegBerryTree/size=256/relativeFrames=0;ObjectEventPic_PomegBerryTree+0x100/size=256/relativeFrames=0;ObjectEventPic_PomegBerryTree+0x200/size=256/relativeFrames=0;ObjectEventPic_PomegBerryTree+0x300/size=256/relativeFrames=0;ObjectEventPic_PomegBerryTree+0x400/size=256/relativeFrames=0;ObjectEventPic_PomegBerryTree+0x500/size=256/relativeFrames=0
ITEM_POMEG_BERRY	treePaletteSlotTable	BerryTreePaletteSlotTable_Pomeg
ITEM_POMEG_BERRY	treePaletteSlotTable.bytes	03040302020202
ITEM_KELPSY_BERRY	name[7]	c5d9e0e4e7edff
ITEM_KELPSY_BERRY	firmness	3
ITEM_KELPSY_BERRY	color	1
ITEM_KELPSY_BERRY	size	150
ITEM_KELPSY_BERRY	weedsBonus	3
ITEM_KELPSY_BERRY	pestsBonus	6
ITEM_KELPSY_BERRY	maxYield	11
ITEM_KELPSY_BERRY	minYield	10
ITEM_KELPSY_BERRY	waterBonus	5
ITEM_KELPSY_BERRY	description1	bb00e6d5e6d900ead5e6ddd9e8ed00e7dcd5e4d9d800e0dddfd900d500e6e3e3e8adff
ITEM_KELPSY_BERRY	description2	c1e6e3ebe700d500ead9e6ed00e0d5e6dbd900dae0e3ebd9e6adff
ITEM_KELPSY_BERRY	growthDuration	12
ITEM_KELPSY_BERRY	spicy	0
ITEM_KELPSY_BERRY	dry	10
ITEM_KELPSY_BERRY	sweet	0
ITEM_KELPSY_BERRY	bitter	10
ITEM_KELPSY_BERRY	sour	10
ITEM_KELPSY_BERRY	smoothness	20
ITEM_KELPSY_BERRY	drainRate	8
ITEM_KELPSY_BERRY	naturalGift.type	2
ITEM_KELPSY_BERRY	naturalGift.power	90
ITEM_KELPSY_BERRY	crush.difficulty	100
ITEM_KELPSY_BERRY	crush.powder	100
ITEM_KELPSY_BERRY	berryPic	BerryPic_Kelpsy
ITEM_KELPSY_BERRY	berryPal	BerryPalette_Kelpsy
ITEM_KELPSY_BERRY	treePicTable	PicTable_KelpsyBerryTree
ITEM_KELPSY_BERRY	treePicTable.frames	ObjectEventPic_BerryTreeDirtPile/size=128/relativeFrames=0;ObjectEventPic_BerryTreeSprout/size=128/relativeFrames=0;ObjectEventPic_BerryTreeSprout+0x80/size=128/relativeFrames=0;ObjectEventPic_KelpsyBerryTree/size=256/relativeFrames=0;ObjectEventPic_KelpsyBerryTree+0x100/size=256/relativeFrames=0;ObjectEventPic_KelpsyBerryTree+0x200/size=256/relativeFrames=0;ObjectEventPic_KelpsyBerryTree+0x300/size=256/relativeFrames=0;ObjectEventPic_KelpsyBerryTree+0x400/size=256/relativeFrames=0;ObjectEventPic_KelpsyBerryTree+0x500/size=256/relativeFrames=0
ITEM_KELPSY_BERRY	treePaletteSlotTable	BerryTreePaletteSlotTable_Kelpsy
ITEM_KELPSY_BERRY	treePaletteSlotTable.bytes	03040203030303
ITEM_QUALOT_BERRY	name[7]	cbe9d5e0e3e8ff
ITEM_QUALOT_BERRY	firmness	3
ITEM_QUALOT_BERRY	color	5
ITEM_QUALOT_BERRY	size	110
ITEM_QUALOT_BERRY	weedsBonus	3
ITEM_QUALOT_BERRY	pestsBonus	6
ITEM_QUALOT_BERRY	maxYield	11
ITEM_QUALOT_BERRY	minYield	10
ITEM_QUALOT_BERRY	waterBonus	5
ITEM_QUALOT_BERRY	description1	c6e3ead9e700ebd5e8d9e6ad00c1e6e3ebe700e7e8e6e3e2db00d9ead9e200dde2ff
ITEM_QUALOT_BERRY	description2	e0e3d7d5e8dde3e2e700ebdde8dc00d7e3e2e7e8d5e2e800e6d5dde2dad5e0e0adff
ITEM_QUALOT_BERRY	growthDuration	12
ITEM_QUALOT_BERRY	spicy	10
ITEM_QUALOT_BERRY	dry	0
ITEM_QUALOT_BERRY	sweet	10
ITEM_QUALOT_BERRY	bitter	0
ITEM_QUALOT_BERRY	sour	10
ITEM_QUALOT_BERRY	smoothness	20
ITEM_QUALOT_BERRY	drainRate	8
ITEM_QUALOT_BERRY	naturalGift.type	4
ITEM_QUALOT_BERRY	naturalGift.power	90
ITEM_QUALOT_BERRY	crush.difficulty	100
ITEM_QUALOT_BERRY	crush.powder	100
ITEM_QUALOT_BERRY	berryPic	BerryPic_Qualot
ITEM_QUALOT_BERRY	berryPal	BerryPalette_Qualot
ITEM_QUALOT_BERRY	treePicTable	PicTable_WepearBerryTree
ITEM_QUALOT_BERRY	treePicTable.frames	ObjectEventPic_BerryTreeDirtPile/size=128/relativeFrames=0;ObjectEventPic_BerryTreeSprout/size=128/relativeFrames=0;ObjectEventPic_BerryTreeSprout+0x80/size=128/relativeFrames=0;ObjectEventPic_WepearBerryTree/size=256/relativeFrames=0;ObjectEventPic_WepearBerryTree+0x100/size=256/relativeFrames=0;ObjectEventPic_WepearBerryTree+0x200/size=256/relativeFrames=0;ObjectEventPic_WepearBerryTree+0x300/size=256/relativeFrames=0;ObjectEventPic_WepearBerryTree+0x400/size=256/relativeFrames=0;ObjectEventPic_WepearBerryTree+0x500/size=256/relativeFrames=0
ITEM_QUALOT_BERRY	treePaletteSlotTable	BerryTreePaletteSlotTable_Wepear
ITEM_QUALOT_BERRY	treePaletteSlotTable.bytes	03040205050505
ITEM_HONDEW_BERRY	name[7]	c2e3e2d8d9ebff
ITEM_HONDEW_BERRY	firmness	3
ITEM_HONDEW_BERRY	color	3
ITEM_HONDEW_BERRY	size	162
ITEM_HONDEW_BERRY	weedsBonus	3
ITEM_HONDEW_BERRY	pestsBonus	6
ITEM_HONDEW_BERRY	maxYield	11
ITEM_HONDEW_BERRY	minYield	10
ITEM_HONDEW_BERRY	waterBonus	5
ITEM_HONDEW_BERRY	description1	bb00bcd9e6e6ed00e8dcd5e800dde700ead9e6ed00ead5e0e9d5d6e0d900d5e2d8ff
ITEM_HONDEW_BERRY	description2	e6d5e6d9e0ed00e7d9d9e2ad00c3e800dde700ead9e6ed00d8d9e0ddd7dde3e9e7adff
ITEM_HONDEW_BERRY	growthDuration	12
ITEM_HONDEW_BERRY	spicy	10
ITEM_HONDEW_BERRY	dry	10
ITEM_HONDEW_BERRY	sweet	0
ITEM_HONDEW_BERRY	bitter	10
ITEM_HONDEW_BERRY	sour	0
ITEM_HONDEW_BERRY	smoothness	20
ITEM_HONDEW_BERRY	drainRate	8
ITEM_HONDEW_BERRY	naturalGift.type	5
ITEM_HONDEW_BERRY	naturalGift.power	90
ITEM_HONDEW_BERRY	crush.difficulty	100
ITEM_HONDEW_BERRY	crush.powder	100
ITEM_HONDEW_BERRY	berryPic	BerryPic_Hondew
ITEM_HONDEW_BERRY	berryPal	BerryPalette_Hondew
ITEM_HONDEW_BERRY	treePicTable	PicTable_HondewBerryTree
ITEM_HONDEW_BERRY	treePicTable.frames	ObjectEventPic_BerryTreeDirtPile/size=128/relativeFrames=0;ObjectEventPic_BerryTreeSprout/size=128/relativeFrames=0;ObjectEventPic_BerryTreeSprout+0x80/size=128/relativeFrames=0;ObjectEventPic_HondewBerryTree/size=256/relativeFrames=0;ObjectEventPic_HondewBerryTree+0x100/size=256/relativeFrames=0;ObjectEventPic_HondewBerryTree+0x200/size=256/relativeFrames=0;ObjectEventPic_HondewBerryTree+0x300/size=256/relativeFrames=0;ObjectEventPic_HondewBerryTree+0x400/size=256/relativeFrames=0;ObjectEventPic_HondewBerryTree+0x500/size=256/relativeFrames=0
ITEM_HONDEW_BERRY	treePaletteSlotTable	BerryTreePaletteSlotTable_Hondew
ITEM_HONDEW_BERRY	treePaletteSlotTable.bytes	03040505050505
ITEM_GREPA_BERRY	name[7]	c1e6d9e4d5ff00
ITEM_GREPA_BERRY	firmness	2
ITEM_GREPA_BERRY	color	4
ITEM_GREPA_BERRY	size	149
ITEM_GREPA_BERRY	weedsBonus	3
ITEM_GREPA_BERRY	pestsBonus	6
ITEM_GREPA_BERRY	maxYield	11
ITEM_GREPA_BERRY	minYield	10
ITEM_GREPA_BERRY	waterBonus	5
ITEM_GREPA_BERRY	description1	bed9e7e4dde8d900dde8e700e8d9e2d8d9e6e2d9e7e700d5e2d800e6e3e9e2d8ff
ITEM_GREPA_BERRY	description2	e7dcd5e4d9b800e8dcd900bcd9e6e6ed00dde700e9e2dde1d5dbdde2d5d6e0ed00e7e3e9e6adff
ITEM_GREPA_BERRY	growthDuration	12
ITEM_GREPA_BERRY	spicy	0
ITEM_GREPA_BERRY	dry	10
ITEM_GREPA_BERRY	sweet	10
ITEM_GREPA_BERRY	bitter	0
ITEM_GREPA_BERRY	sour	10
ITEM_GREPA_BERRY	smoothness	20
ITEM_GREPA_BERRY	drainRate	8
ITEM_GREPA_BERRY	naturalGift.type	3
ITEM_GREPA_BERRY	naturalGift.power	90
ITEM_GREPA_BERRY	crush.difficulty	100
ITEM_GREPA_BERRY	crush.powder	100
ITEM_GREPA_BERRY	berryPic	BerryPic_Grepa
ITEM_GREPA_BERRY	berryPal	BerryPalette_Grepa
ITEM_GREPA_BERRY	treePicTable	PicTable_GrepaBerryTree
ITEM_GREPA_BERRY	treePicTable.frames	ObjectEventPic_BerryTreeDirtPile/size=128/relativeFrames=0;ObjectEventPic_BerryTreeSprout/size=128/relativeFrames=0;ObjectEventPic_BerryTreeSprout+0x80/size=128/relativeFrames=0;ObjectEventPic_GrepaBerryTree/size=256/relativeFrames=0;ObjectEventPic_GrepaBerryTree+0x100/size=256/relativeFrames=0;ObjectEventPic_GrepaBerryTree+0x200/size=256/relativeFrames=0;ObjectEventPic_GrepaBerryTree+0x300/size=256/relativeFrames=0;ObjectEventPic_GrepaBerryTree+0x400/size=256/relativeFrames=0;ObjectEventPic_GrepaBerryTree+0x500/size=256/relativeFrames=0
ITEM_GREPA_BERRY	treePaletteSlotTable	BerryTreePaletteSlotTable_Grepa
ITEM_GREPA_BERRY	treePaletteSlotTable.bytes	03040305050505
ITEM_TAMATO_BERRY	name[7]	ced5e1d5e8e3ff
ITEM_TAMATO_BERRY	firmness	2
ITEM_TAMATO_BERRY	color	0
ITEM_TAMATO_BERRY	size	200
ITEM_TAMATO_BERRY	weedsBonus	3
ITEM_TAMATO_BERRY	pestsBonus	6
ITEM_TAMATO_BERRY	maxYield	11
ITEM_TAMATO_BERRY	minYield	10
ITEM_TAMATO_BERRY	waterBonus	5
ITEM_TAMATO_BERRY	description1	cedcd900bcd9e6e6ed00dde700e0dde4aed6d9e2d8dde2dbe0ed00e7e4ddd7edadff
ITEM_TAMATO_BERRY	description2	c3e800e8d5dfd9e700e8dde1d900e8e300dbe6e3ebadff
ITEM_TAMATO_BERRY	growthDuration	24
ITEM_TAMATO_BERRY	spicy	20
ITEM_TAMATO_BERRY	dry	10
ITEM_TAMATO_BERRY	sweet	0
ITEM_TAMATO_BERRY	bitter	0
ITEM_TAMATO_BERRY	sour	0
ITEM_TAMATO_BERRY	smoothness	30
ITEM_TAMATO_BERRY	drainRate	8
ITEM_TAMATO_BERRY	naturalGift.type	15
ITEM_TAMATO_BERRY	naturalGift.power	90
ITEM_TAMATO_BERRY	crush.difficulty	130
ITEM_TAMATO_BERRY	crush.powder	150
ITEM_TAMATO_BERRY	berryPic	BerryPic_Tamato
ITEM_TAMATO_BERRY	berryPal	BerryPalette_Tamato
ITEM_TAMATO_BERRY	treePicTable	PicTable_TamatoBerryTree
ITEM_TAMATO_BERRY	treePicTable.frames	ObjectEventPic_BerryTreeDirtPile/size=128/relativeFrames=0;ObjectEventPic_BerryTreeSprout/size=128/relativeFrames=0;ObjectEventPic_BerryTreeSprout+0x80/size=128/relativeFrames=0;ObjectEventPic_TamatoBerryTree/size=256/relativeFrames=0;ObjectEventPic_TamatoBerryTree+0x100/size=256/relativeFrames=0;ObjectEventPic_TamatoBerryTree+0x200/size=256/relativeFrames=0;ObjectEventPic_TamatoBerryTree+0x300/size=256/relativeFrames=0;ObjectEventPic_TamatoBerryTree+0x400/size=256/relativeFrames=0;ObjectEventPic_TamatoBerryTree+0x500/size=256/relativeFrames=0
ITEM_TAMATO_BERRY	treePaletteSlotTable	BerryTreePaletteSlotTable_Tamato
ITEM_TAMATO_BERRY	treePaletteSlotTable.bytes	03040204040404
ITEM_CORNN_BERRY	name[7]	bde3e6e2e2ff00
ITEM_CORNN_BERRY	firmness	3
ITEM_CORNN_BERRY	color	1
ITEM_CORNN_BERRY	size	75
ITEM_CORNN_BERRY	weedsBonus	2
ITEM_CORNN_BERRY	pestsBonus	6
ITEM_CORNN_BERRY	maxYield	6
ITEM_CORNN_BERRY	minYield	5
ITEM_CORNN_BERRY	waterBonus	10
ITEM_CORNN_BERRY	description1	bb00bcd9e6e6ed00dae6e3e100d5e200d5e2d7ddd9e2e800d9e6d5ad00c7d5ed00e2e3e8ff
ITEM_CORNN_BERRY	description2	dbe6e3eb00e9e2e0d9e7e700e4e0d5e2e8d9d800dde200e5e9d5e2e8dde8edadff
ITEM_CORNN_BERRY	growthDuration	24
ITEM_CORNN_BERRY	spicy	0
ITEM_CORNN_BERRY	dry	20
ITEM_CORNN_BERRY	sweet	10
ITEM_CORNN_BERRY	bitter	0
ITEM_CORNN_BERRY	sour	0
ITEM_CORNN_BERRY	smoothness	30
ITEM_CORNN_BERRY	drainRate	10
ITEM_CORNN_BERRY	naturalGift.type	7
ITEM_CORNN_BERRY	naturalGift.power	90
ITEM_CORNN_BERRY	crush.difficulty	130
ITEM_CORNN_BERRY	crush.powder	150
ITEM_CORNN_BERRY	berryPic	BerryPic_Cornn
ITEM_CORNN_BERRY	berryPal	BerryPalette_Cornn
ITEM_CORNN_BERRY	treePicTable	PicTable_CornnBerryTree
ITEM_CORNN_BERRY	treePicTable.frames	ObjectEventPic_BerryTreeDirtPile/size=128/relativeFrames=0;ObjectEventPic_BerryTreeSprout/size=128/relativeFrames=0;ObjectEventPic_BerryTreeSprout+0x80/size=128/relativeFrames=0;ObjectEventPic_CornnBerryTree/size=256/relativeFrames=0;ObjectEventPic_CornnBerryTree+0x100/size=256/relativeFrames=0;ObjectEventPic_CornnBerryTree+0x200/size=256/relativeFrames=0;ObjectEventPic_CornnBerryTree+0x300/size=256/relativeFrames=0;ObjectEventPic_CornnBerryTree+0x400/size=256/relativeFrames=0;ObjectEventPic_CornnBerryTree+0x500/size=256/relativeFrames=0
ITEM_CORNN_BERRY	treePaletteSlotTable	BerryTreePaletteSlotTable_Cornn
ITEM_CORNN_BERRY	treePaletteSlotTable.bytes	03040205050505
ITEM_MAGOST_BERRY	name[7]	c7d5dbe3e7e8ff
ITEM_MAGOST_BERRY	firmness	3
ITEM_MAGOST_BERRY	color	5
ITEM_MAGOST_BERRY	size	140
ITEM_MAGOST_BERRY	weedsBonus	2
ITEM_MAGOST_BERRY	pestsBonus	6
ITEM_MAGOST_BERRY	maxYield	6
ITEM_MAGOST_BERRY	minYield	5
ITEM_MAGOST_BERRY	waterBonus	10
ITEM_MAGOST_BERRY	description1	bb00bcd9e6e6ed00e8dcd5e800dde700ebddd8d9e0ed00e7d5ddd800e8e300dcd5ead9ff
ITEM_MAGOST_BERRY	description2	d500dadde2d9e0ed00d6d5e0d5e2d7d9d800dae0d5eae3e6adff
ITEM_MAGOST_BERRY	growthDuration	24
ITEM_MAGOST_BERRY	spicy	0
ITEM_MAGOST_BERRY	dry	0
ITEM_MAGOST_BERRY	sweet	20
ITEM_MAGOST_BERRY	bitter	10
ITEM_MAGOST_BERRY	sour	0
ITEM_MAGOST_BERRY	smoothness	30
ITEM_MAGOST_BERRY	drainRate	10
ITEM_MAGOST_BERRY	naturalGift.type	6
ITEM_MAGOST_BERRY	naturalGift.power	90
ITEM_MAGOST_BERRY	crush.difficulty	130
ITEM_MAGOST_BERRY	crush.powder	150
ITEM_MAGOST_BERRY	berryPic	BerryPic_Magost
ITEM_MAGOST_BERRY	berryPal	BerryPalette_Magost
ITEM_MAGOST_BERRY	treePicTable	PicTable_PomegBerryTree
ITEM_MAGOST_BERRY	treePicTable.frames	ObjectEventPic_BerryTreeDirtPile/size=128/relativeFrames=0;ObjectEventPic_BerryTreeSprout/size=128/relativeFrames=0;ObjectEventPic_BerryTreeSprout+0x80/size=128/relativeFrames=0;ObjectEventPic_PomegBerryTree/size=256/relativeFrames=0;ObjectEventPic_PomegBerryTree+0x100/size=256/relativeFrames=0;ObjectEventPic_PomegBerryTree+0x200/size=256/relativeFrames=0;ObjectEventPic_PomegBerryTree+0x300/size=256/relativeFrames=0;ObjectEventPic_PomegBerryTree+0x400/size=256/relativeFrames=0;ObjectEventPic_PomegBerryTree+0x500/size=256/relativeFrames=0
ITEM_MAGOST_BERRY	treePaletteSlotTable	BerryTreePaletteSlotTable_Pomeg
ITEM_MAGOST_BERRY	treePaletteSlotTable.bytes	03040302020202
ITEM_RABUTA_BERRY	name[7]	ccd5d6e9e8d5ff
ITEM_RABUTA_BERRY	firmness	2
ITEM_RABUTA_BERRY	color	3
ITEM_RABUTA_BERRY	size	226
ITEM_RABUTA_BERRY	weedsBonus	2
ITEM_RABUTA_BERRY	pestsBonus	6
ITEM_RABUTA_BERRY	maxYield	6
ITEM_RABUTA_BERRY	minYield	5
ITEM_RABUTA_BERRY	waterBonus	10
ITEM_RABUTA_BERRY	description1	bb00e6d5e6d900ead5e6ddd9e8ed00e8dcd5e800dde700e3ead9e6dbe6e3ebe200ebdde8dcff
ITEM_RABUTA_BERRY	description2	dcd5dde6ad00c3e800dde700e5e9dde8d900d6dde8e8d9e6adff
ITEM_RABUTA_BERRY	growthDuration	24
ITEM_RABUTA_BERRY	spicy	0
ITEM_RABUTA_BERRY	dry	0
ITEM_RABUTA_BERRY	sweet	0
ITEM_RABUTA_BERRY	bitter	20
ITEM_RABUTA_BERRY	sour	10
ITEM_RABUTA_BERRY	smoothness	30
ITEM_RABUTA_BERRY	drainRate	10
ITEM_RABUTA_BERRY	naturalGift.type	8
ITEM_RABUTA_BERRY	naturalGift.power	90
ITEM_RABUTA_BERRY	crush.difficulty	130
ITEM_RABUTA_BERRY	crush.powder	150
ITEM_RABUTA_BERRY	berryPic	BerryPic_Rabuta
ITEM_RABUTA_BERRY	berryPal	BerryPalette_Rabuta
ITEM_RABUTA_BERRY	treePicTable	PicTable_RabutaBerryTree
ITEM_RABUTA_BERRY	treePicTable.frames	ObjectEventPic_BerryTreeDirtPile/size=128/relativeFrames=0;ObjectEventPic_BerryTreeSprout/size=128/relativeFrames=0;ObjectEventPic_BerryTreeSprout+0x80/size=128/relativeFrames=0;ObjectEventPic_RabutaBerryTree/size=256/relativeFrames=0;ObjectEventPic_RabutaBerryTree+0x100/size=256/relativeFrames=0;ObjectEventPic_RabutaBerryTree+0x200/size=256/relativeFrames=0;ObjectEventPic_RabutaBerryTree+0x300/size=256/relativeFrames=0;ObjectEventPic_RabutaBerryTree+0x400/size=256/relativeFrames=0;ObjectEventPic_RabutaBerryTree+0x500/size=256/relativeFrames=0
ITEM_RABUTA_BERRY	treePaletteSlotTable	BerryTreePaletteSlotTable_Rabuta
ITEM_RABUTA_BERRY	treePaletteSlotTable.bytes	03040404040404
ITEM_NOMEL_BERRY	name[7]	c8e3e1d9e0ff00
ITEM_NOMEL_BERRY	firmness	5
ITEM_NOMEL_BERRY	color	4
ITEM_NOMEL_BERRY	size	285
ITEM_NOMEL_BERRY	weedsBonus	2
ITEM_NOMEL_BERRY	pestsBonus	6
ITEM_NOMEL_BERRY	maxYield	6
ITEM_NOMEL_BERRY	minYield	5
ITEM_NOMEL_BERRY	waterBonus	10
ITEM_NOMEL_BERRY	description1	cbe9dde8d900e7e3e9e6ad00c4e9e7e800e3e2d900d6dde8d900e1d5dfd9e700dde8ff
ITEM_NOMEL_BERRY	description2	dde1e4e3e7e7ddd6e0d900e8e300e8d5e7e8d900dae3e600e8dce6d9d900d8d5ede7adff
ITEM_NOMEL_BERRY	growthDuration	24
ITEM_NOMEL_BERRY	spicy	10
ITEM_NOMEL_BERRY	dry	0
ITEM_NOMEL_BERRY	sweet	0
ITEM_NOMEL_BERRY	bitter	0
ITEM_NOMEL_BERRY	sour	20
ITEM_NOMEL_BERRY	smoothness	30
ITEM_NOMEL_BERRY	drainRate	10
ITEM_NOMEL_BERRY	naturalGift.type	17
ITEM_NOMEL_BERRY	naturalGift.power	90
ITEM_NOMEL_BERRY	crush.difficulty	130
ITEM_NOMEL_BERRY	crush.powder	150
ITEM_NOMEL_BERRY	berryPic	BerryPic_Nomel
ITEM_NOMEL_BERRY	berryPal	BerryPalette_Nomel
ITEM_NOMEL_BERRY	treePicTable	PicTable_NomelBerryTree
ITEM_NOMEL_BERRY	treePicTable.frames	ObjectEventPic_BerryTreeDirtPile/size=128/relativeFrames=0;ObjectEventPic_BerryTreeSprout/size=128/relativeFrames=0;ObjectEventPic_BerryTreeSprout+0x80/size=128/relativeFrames=0;ObjectEventPic_NomelBerryTree/size=256/relativeFrames=0;ObjectEventPic_NomelBerryTree+0x100/size=256/relativeFrames=0;ObjectEventPic_NomelBerryTree+0x200/size=256/relativeFrames=0;ObjectEventPic_NomelBerryTree+0x300/size=256/relativeFrames=0;ObjectEventPic_NomelBerryTree+0x400/size=256/relativeFrames=0;ObjectEventPic_NomelBerryTree+0x500/size=256/relativeFrames=0
ITEM_NOMEL_BERRY	treePaletteSlotTable	BerryTreePaletteSlotTable_Nomel
ITEM_NOMEL_BERRY	treePaletteSlotTable.bytes	03040303030303
ITEM_SPELON_BERRY	name[7]	cde4d9e0e3e2ff
ITEM_SPELON_BERRY	firmness	2
ITEM_SPELON_BERRY	color	5
ITEM_SPELON_BERRY	size	133
ITEM_SPELON_BERRY	weedsBonus	2
ITEM_SPELON_BERRY	pestsBonus	6
ITEM_SPELON_BERRY	maxYield	6
ITEM_SPELON_BERRY	minYield	5
ITEM_SPELON_BERRY	waterBonus	10
ITEM_SPELON_BERRY	description1	cedcd900eaddeaddd8e0ed00e6d9d800bcd9e6e6ed00dde700ead9e6ed00e7e4ddd7edadff
ITEM_SPELON_BERRY	description2	c3e8e700ebd5e6e8e700e7d9d7e6d9e8d900d500e7e4ddd7ed00e7e9d6e7e8d5e2d7d9adff
ITEM_SPELON_BERRY	growthDuration	72
ITEM_SPELON_BERRY	spicy	40
ITEM_SPELON_BERRY	dry	10
ITEM_SPELON_BERRY	sweet	0
ITEM_SPELON_BERRY	bitter	0
ITEM_SPELON_BERRY	sour	0
ITEM_SPELON_BERRY	smoothness	70
ITEM_SPELON_BERRY	drainRate	8
ITEM_SPELON_BERRY	naturalGift.type	18
ITEM_SPELON_BERRY	naturalGift.power	90
ITEM_SPELON_BERRY	crush.difficulty	160
ITEM_SPELON_BERRY	crush.powder	250
ITEM_SPELON_BERRY	berryPic	BerryPic_Spelon
ITEM_SPELON_BERRY	berryPal	BerryPalette_Spelon
ITEM_SPELON_BERRY	treePicTable	PicTable_SpelonBerryTree
ITEM_SPELON_BERRY	treePicTable.frames	ObjectEventPic_BerryTreeDirtPile/size=128/relativeFrames=0;ObjectEventPic_BerryTreeSprout/size=128/relativeFrames=0;ObjectEventPic_BerryTreeSprout+0x80/size=128/relativeFrames=0;ObjectEventPic_SpelonBerryTree/size=256/relativeFrames=0;ObjectEventPic_SpelonBerryTree+0x100/size=256/relativeFrames=0;ObjectEventPic_SpelonBerryTree+0x200/size=256/relativeFrames=0;ObjectEventPic_SpelonBerryTree+0x300/size=256/relativeFrames=0;ObjectEventPic_SpelonBerryTree+0x400/size=256/relativeFrames=0;ObjectEventPic_SpelonBerryTree+0x500/size=256/relativeFrames=0
ITEM_SPELON_BERRY	treePaletteSlotTable	BerryTreePaletteSlotTable_Spelon
ITEM_SPELON_BERRY	treePaletteSlotTable.bytes	03040303030303
ITEM_PAMTRE_BERRY	name[7]	cad5e1e8e6d9ff
ITEM_PAMTRE_BERRY	firmness	1
ITEM_PAMTRE_BERRY	color	1
ITEM_PAMTRE_BERRY	size	244
ITEM_PAMTRE_BERRY	weedsBonus	2
ITEM_PAMTRE_BERRY	pestsBonus	6
ITEM_PAMTRE_BERRY	maxYield	6
ITEM_PAMTRE_BERRY	minYield	5
ITEM_PAMTRE_BERRY	waterBonus	10
ITEM_PAMTRE_BERRY	description1	bee6dddae8e700e3e200e8dcd900e7d9d500dae6e3e100e7e3e1d9ebdcd9e6d9adff
ITEM_PAMTRE_BERRY	description2	c3e800dde700e8dce3e9dbdce800e8e300dbe6e3eb00d9e0e7d9ebdcd9e6d9adff
ITEM_PAMTRE_BERRY	growthDuration	72
ITEM_PAMTRE_BERRY	spicy	0
ITEM_PAMTRE_BERRY	dry	40
ITEM_PAMTRE_BERRY	sweet	10
ITEM_PAMTRE_BERRY	bitter	0
ITEM_PAMTRE_BERRY	sour	0
ITEM_PAMTRE_BERRY	smoothness	70
ITEM_PAMTRE_BERRY	drainRate	8
ITEM_PAMTRE_BERRY	naturalGift.type	9
ITEM_PAMTRE_BERRY	naturalGift.power	90
ITEM_PAMTRE_BERRY	crush.difficulty	160
ITEM_PAMTRE_BERRY	crush.powder	250
ITEM_PAMTRE_BERRY	berryPic	BerryPic_Pamtre
ITEM_PAMTRE_BERRY	berryPal	BerryPalette_Pamtre
ITEM_PAMTRE_BERRY	treePicTable	PicTable_PamtreBerryTree
ITEM_PAMTRE_BERRY	treePicTable.frames	ObjectEventPic_BerryTreeDirtPile/size=128/relativeFrames=0;ObjectEventPic_BerryTreeSprout/size=128/relativeFrames=0;ObjectEventPic_BerryTreeSprout+0x80/size=128/relativeFrames=0;ObjectEventPic_PamtreBerryTree/size=256/relativeFrames=0;ObjectEventPic_PamtreBerryTree+0x100/size=256/relativeFrames=0;ObjectEventPic_PamtreBerryTree+0x200/size=256/relativeFrames=0;ObjectEventPic_PamtreBerryTree+0x300/size=256/relativeFrames=0;ObjectEventPic_PamtreBerryTree+0x400/size=256/relativeFrames=0;ObjectEventPic_PamtreBerryTree+0x500/size=256/relativeFrames=0
ITEM_PAMTRE_BERRY	treePaletteSlotTable	BerryTreePaletteSlotTable_Pamtre
ITEM_PAMTRE_BERRY	treePaletteSlotTable.bytes	03040203030303
ITEM_WATMEL_BERRY	name[7]	d1d5e8e1d9e0ff
ITEM_WATMEL_BERRY	firmness	2
ITEM_WATMEL_BERRY	color	3
ITEM_WATMEL_BERRY	size	250
ITEM_WATMEL_BERRY	weedsBonus	2
ITEM_WATMEL_BERRY	pestsBonus	6
ITEM_WATMEL_BERRY	maxYield	6
ITEM_WATMEL_BERRY	minYield	5
ITEM_WATMEL_BERRY	waterBonus	10
ITEM_WATMEL_BERRY	description1	bb00dce9dbd900bcd9e6e6edb800ebdde8dc00e7e3e1d900e3ead9e600a3a1ff
ITEM_WATMEL_BERRY	description2	dde2d7dcd9e700d8dde7d7e3ead9e6d9d8ad00bfecd7d9d9d8dde2dbe0ed00e7ebd9d9e8adff
ITEM_WATMEL_BERRY	growthDuration	72
ITEM_WATMEL_BERRY	spicy	0
ITEM_WATMEL_BERRY	dry	0
ITEM_WATMEL_BERRY	sweet	40
ITEM_WATMEL_BERRY	bitter	10
ITEM_WATMEL_BERRY	sour	0
ITEM_WATMEL_BERRY	smoothness	70
ITEM_WATMEL_BERRY	drainRate	8
ITEM_WATMEL_BERRY	naturalGift.type	11
ITEM_WATMEL_BERRY	naturalGift.power	100
ITEM_WATMEL_BERRY	crush.difficulty	160
ITEM_WATMEL_BERRY	crush.powder	250
ITEM_WATMEL_BERRY	berryPic	BerryPic_Watmel
ITEM_WATMEL_BERRY	berryPal	BerryPalette_Watmel
ITEM_WATMEL_BERRY	treePicTable	PicTable_RabutaBerryTree
ITEM_WATMEL_BERRY	treePicTable.frames	ObjectEventPic_BerryTreeDirtPile/size=128/relativeFrames=0;ObjectEventPic_BerryTreeSprout/size=128/relativeFrames=0;ObjectEventPic_BerryTreeSprout+0x80/size=128/relativeFrames=0;ObjectEventPic_RabutaBerryTree/size=256/relativeFrames=0;ObjectEventPic_RabutaBerryTree+0x100/size=256/relativeFrames=0;ObjectEventPic_RabutaBerryTree+0x200/size=256/relativeFrames=0;ObjectEventPic_RabutaBerryTree+0x300/size=256/relativeFrames=0;ObjectEventPic_RabutaBerryTree+0x400/size=256/relativeFrames=0;ObjectEventPic_RabutaBerryTree+0x500/size=256/relativeFrames=0
ITEM_WATMEL_BERRY	treePaletteSlotTable	BerryTreePaletteSlotTable_Rabuta
ITEM_WATMEL_BERRY	treePaletteSlotTable.bytes	03040404040404
ITEM_DURIN_BERRY	name[7]	bee9e6dde2ff00
ITEM_DURIN_BERRY	firmness	3
ITEM_DURIN_BERRY	color	3
ITEM_DURIN_BERRY	size	280
ITEM_DURIN_BERRY	weedsBonus	2
ITEM_DURIN_BERRY	pestsBonus	6
ITEM_DURIN_BERRY	maxYield	6
ITEM_DURIN_BERRY	minYield	5
ITEM_DURIN_BERRY	waterBonus	10
ITEM_DURIN_BERRY	description1	bcdde8e8d9e600e8e300d9ead9e200e0e3e3df00d5e8ad00c3e800dde700e7e3ff
ITEM_DURIN_BERRY	description2	d6dde8e8d9e6b800e2e300e3e2d900dcd5e700d9ead9e600d9d5e8d9e200dde800d5e700dde7adff
ITEM_DURIN_BERRY	growthDuration	72
ITEM_DURIN_BERRY	spicy	0
ITEM_DURIN_BERRY	dry	0
ITEM_DURIN_BERRY	sweet	0
ITEM_DURIN_BERRY	bitter	40
ITEM_DURIN_BERRY	sour	10
ITEM_DURIN_BERRY	smoothness	70
ITEM_DURIN_BERRY	drainRate	8
ITEM_DURIN_BERRY	naturalGift.type	12
ITEM_DURIN_BERRY	naturalGift.power	100
ITEM_DURIN_BERRY	crush.difficulty	160
ITEM_DURIN_BERRY	crush.powder	250
ITEM_DURIN_BERRY	berryPic	BerryPic_Durin
ITEM_DURIN_BERRY	berryPal	BerryPalette_Durin
ITEM_DURIN_BERRY	treePicTable	PicTable_DurinBerryTree
ITEM_DURIN_BERRY	treePicTable.frames	ObjectEventPic_BerryTreeDirtPile/size=128/relativeFrames=0;ObjectEventPic_BerryTreeSprout/size=128/relativeFrames=0;ObjectEventPic_BerryTreeSprout+0x80/size=128/relativeFrames=0;ObjectEventPic_DurinBerryTree/size=256/relativeFrames=0;ObjectEventPic_DurinBerryTree+0x100/size=256/relativeFrames=0;ObjectEventPic_DurinBerryTree+0x200/size=256/relativeFrames=0;ObjectEventPic_DurinBerryTree+0x300/size=256/relativeFrames=0;ObjectEventPic_DurinBerryTree+0x400/size=256/relativeFrames=0;ObjectEventPic_DurinBerryTree+0x500/size=256/relativeFrames=0
ITEM_DURIN_BERRY	treePaletteSlotTable	BerryTreePaletteSlotTable_Durin
ITEM_DURIN_BERRY	treePaletteSlotTable.bytes	03040405050505
ITEM_BELUE_BERRY	name[7]	bcd9e0e9d9ff00
ITEM_BELUE_BERRY	firmness	1
ITEM_BELUE_BERRY	color	1
ITEM_BELUE_BERRY	size	300
ITEM_BELUE_BERRY	weedsBonus	2
ITEM_BELUE_BERRY	pestsBonus	6
ITEM_BELUE_BERRY	maxYield	6
ITEM_BELUE_BERRY	minYield	5
ITEM_BELUE_BERRY	waterBonus	10
ITEM_BELUE_BERRY	description1	c3e800dde700dbe0e3e7e7ed00d5e2d800e0e3e3dfe700d8d9e0ddd7dde3e9e7b800d6e9e8ff
ITEM_BELUE_BERRY	description2	dde800dde700d5ebdae9e0e0ed00e7e3e9e6ad00ced5dfd9e700e8dde1d900e8e300dbe6e3ebadff
ITEM_BELUE_BERRY	growthDuration	72
ITEM_BELUE_BERRY	spicy	10
ITEM_BELUE_BERRY	dry	0
ITEM_BELUE_BERRY	sweet	0
ITEM_BELUE_BERRY	bitter	0
ITEM_BELUE_BERRY	sour	40
ITEM_BELUE_BERRY	smoothness	70
ITEM_BELUE_BERRY	drainRate	8
ITEM_BELUE_BERRY	naturalGift.type	14
ITEM_BELUE_BERRY	naturalGift.power	100
ITEM_BELUE_BERRY	crush.difficulty	160
ITEM_BELUE_BERRY	crush.powder	250
ITEM_BELUE_BERRY	berryPic	BerryPic_Belue
ITEM_BELUE_BERRY	berryPal	BerryPalette_Belue
ITEM_BELUE_BERRY	treePicTable	PicTable_HondewBerryTree
ITEM_BELUE_BERRY	treePicTable.frames	ObjectEventPic_BerryTreeDirtPile/size=128/relativeFrames=0;ObjectEventPic_BerryTreeSprout/size=128/relativeFrames=0;ObjectEventPic_BerryTreeSprout+0x80/size=128/relativeFrames=0;ObjectEventPic_HondewBerryTree/size=256/relativeFrames=0;ObjectEventPic_HondewBerryTree+0x100/size=256/relativeFrames=0;ObjectEventPic_HondewBerryTree+0x200/size=256/relativeFrames=0;ObjectEventPic_HondewBerryTree+0x300/size=256/relativeFrames=0;ObjectEventPic_HondewBerryTree+0x400/size=256/relativeFrames=0;ObjectEventPic_HondewBerryTree+0x500/size=256/relativeFrames=0
ITEM_BELUE_BERRY	treePaletteSlotTable	BerryTreePaletteSlotTable_Hondew
ITEM_BELUE_BERRY	treePaletteSlotTable.bytes	03040505050505
ITEM_CHILAN_BERRY	name[7]	bddcdde0d5e2ff
ITEM_CHILAN_BERRY	firmness	1
ITEM_CHILAN_BERRY	color	4
ITEM_CHILAN_BERRY	size	34
ITEM_CHILAN_BERRY	weedsBonus	1
ITEM_CHILAN_BERRY	pestsBonus	4
ITEM_CHILAN_BERRY	maxYield	5
ITEM_CHILAN_BERRY	minYield	2
ITEM_CHILAN_BERRY	waterBonus	10
ITEM_CHILAN_BERRY	description1	c3e800d7d5e200d6d900e1d5d8d900dde2e8e300d500ebdcdde7e8e0d900e8dcd5e8ff
ITEM_CHILAN_BERRY	description2	e4e6e3d8e9d7d9e700d5e200dde2d8d9e7d7e6ddd6d5d6e0d900e7e3e9e2d8adff
ITEM_CHILAN_BERRY	growthDuration	84
ITEM_CHILAN_BERRY	spicy	0
ITEM_CHILAN_BERRY	dry	25
ITEM_CHILAN_BERRY	sweet	10
ITEM_CHILAN_BERRY	bitter	0
ITEM_CHILAN_BERRY	sour	0
ITEM_CHILAN_BERRY	smoothness	35
ITEM_CHILAN_BERRY	drainRate	6
ITEM_CHILAN_BERRY	naturalGift.type	1
ITEM_CHILAN_BERRY	naturalGift.power	80
ITEM_CHILAN_BERRY	crush.difficulty	80
ITEM_CHILAN_BERRY	crush.powder	70
ITEM_CHILAN_BERRY	berryPic	BerryPic_Chilan
ITEM_CHILAN_BERRY	berryPal	BerryPalette_Chilan
ITEM_CHILAN_BERRY	treePicTable	PicTable_GrepaBerryTree
ITEM_CHILAN_BERRY	treePicTable.frames	ObjectEventPic_BerryTreeDirtPile/size=128/relativeFrames=0;ObjectEventPic_BerryTreeSprout/size=128/relativeFrames=0;ObjectEventPic_BerryTreeSprout+0x80/size=128/relativeFrames=0;ObjectEventPic_GrepaBerryTree/size=256/relativeFrames=0;ObjectEventPic_GrepaBerryTree+0x100/size=256/relativeFrames=0;ObjectEventPic_GrepaBerryTree+0x200/size=256/relativeFrames=0;ObjectEventPic_GrepaBerryTree+0x300/size=256/relativeFrames=0;ObjectEventPic_GrepaBerryTree+0x400/size=256/relativeFrames=0;ObjectEventPic_GrepaBerryTree+0x500/size=256/relativeFrames=0
ITEM_CHILAN_BERRY	treePaletteSlotTable	BerryTreePaletteSlotTable_Grepa
ITEM_CHILAN_BERRY	treePaletteSlotTable.bytes	03040305050505
ITEM_OCCA_BERRY	name[7]	c9d7d7d5ff0000
ITEM_OCCA_BERRY	firmness	5
ITEM_OCCA_BERRY	color	0
ITEM_OCCA_BERRY	size	90
ITEM_OCCA_BERRY	weedsBonus	1
ITEM_OCCA_BERRY	pestsBonus	4
ITEM_OCCA_BERRY	maxYield	5
ITEM_OCCA_BERRY	minYield	2
ITEM_OCCA_BERRY	waterBonus	10
ITEM_OCCA_BERRY	description1	cdd5ddd800e8e300dbe6e3eb00dde200e8dcd900e8e6e3e4ddd7e700e3e2d7d9b8ff
ITEM_OCCA_BERRY	description2	dde800d6e3d5e7e8e700d5e200dde2e8d9e2e7d9e0ed00dce3e800e7e4ddd7dde2d9e7e7adff
ITEM_OCCA_BERRY	growthDuration	84
ITEM_OCCA_BERRY	spicy	15
ITEM_OCCA_BERRY	dry	0
ITEM_OCCA_BERRY	sweet	10
ITEM_OCCA_BERRY	bitter	0
ITEM_OCCA_BERRY	sour	0
ITEM_OCCA_BERRY	smoothness	30
ITEM_OCCA_BERRY	drainRate	6
ITEM_OCCA_BERRY	naturalGift.type	11
ITEM_OCCA_BERRY	naturalGift.power	80
ITEM_OCCA_BERRY	crush.difficulty	100
ITEM_OCCA_BERRY	crush.powder	100
ITEM_OCCA_BERRY	berryPic	BerryPic_Occa
ITEM_OCCA_BERRY	berryPal	BerryPalette_Occa
ITEM_OCCA_BERRY	treePicTable	PicTable_OccaBerryTree
ITEM_OCCA_BERRY	treePicTable.frames	ObjectEventPic_BerryTreeDirtPile/size=128/relativeFrames=0;ObjectEventPic_BerryTreeSprout/size=128/relativeFrames=0;ObjectEventPic_BerryTreeSprout+0x80/size=128/relativeFrames=0;ObjectEventPic_OccaBerryTree/size=256/relativeFrames=0;ObjectEventPic_OccaBerryTree+0x100/size=256/relativeFrames=0;ObjectEventPic_OccaBerryTree+0x200/size=256/relativeFrames=0;ObjectEventPic_OccaBerryTree+0x300/size=256/relativeFrames=0;ObjectEventPic_OccaBerryTree+0x400/size=256/relativeFrames=0;ObjectEventPic_OccaBerryTree+0x500/size=256/relativeFrames=0
ITEM_OCCA_BERRY	treePaletteSlotTable	BerryTreePaletteSlotTable_Occa
ITEM_OCCA_BERRY	treePaletteSlotTable.bytes	03040404040404
ITEM_PASSHO_BERRY	name[7]	cad5e7e7dce3ff
ITEM_PASSHO_BERRY	firmness	2
ITEM_PASSHO_BERRY	color	1
ITEM_PASSHO_BERRY	size	33
ITEM_PASSHO_BERRY	weedsBonus	1
ITEM_PASSHO_BERRY	pestsBonus	4
ITEM_PASSHO_BERRY	maxYield	5
ITEM_PASSHO_BERRY	minYield	2
ITEM_PASSHO_BERRY	waterBonus	10
ITEM_PASSHO_BERRY	description1	c3e8e700dae0d9e7dc00dde700d8e3e8e8d9d800ebdde8dc00e1d5e2ed00e8dde2edff
ITEM_PASSHO_BERRY	description2	d6e9d6d6e0d9e700e8dcd5e800dfd9d9e400dde800d5dae0e3d5e800dde200ebd5e8d9e6adff
ITEM_PASSHO_BERRY	growthDuration	84
ITEM_PASSHO_BERRY	spicy	0
ITEM_PASSHO_BERRY	dry	15
ITEM_PASSHO_BERRY	sweet	0
ITEM_PASSHO_BERRY	bitter	10
ITEM_PASSHO_BERRY	sour	0
ITEM_PASSHO_BERRY	smoothness	30
ITEM_PASSHO_BERRY	drainRate	6
ITEM_PASSHO_BERRY	naturalGift.type	12
ITEM_PASSHO_BERRY	naturalGift.power	80
ITEM_PASSHO_BERRY	crush.difficulty	60
ITEM_PASSHO_BERRY	crush.powder	30
ITEM_PASSHO_BERRY	berryPic	BerryPic_Passho
ITEM_PASSHO_BERRY	berryPal	BerryPalette_Passho
ITEM_PASSHO_BERRY	treePicTable	PicTable_CornnBerryTree
ITEM_PASSHO_BERRY	treePicTable.frames	ObjectEventPic_BerryTreeDirtPile/size=128/relativeFrames=0;ObjectEventPic_BerryTreeSprout/size=128/relativeFrames=0;ObjectEventPic_BerryTreeSprout+0x80/size=128/relativeFrames=0;ObjectEventPic_CornnBerryTree/size=256/relativeFrames=0;ObjectEventPic_CornnBerryTree+0x100/size=256/relativeFrames=0;ObjectEventPic_CornnBerryTree+0x200/size=256/relativeFrames=0;ObjectEventPic_CornnBerryTree+0x300/size=256/relativeFrames=0;ObjectEventPic_CornnBerryTree+0x400/size=256/relativeFrames=0;ObjectEventPic_CornnBerryTree+0x500/size=256/relativeFrames=0
ITEM_PASSHO_BERRY	treePaletteSlotTable	BerryTreePaletteSlotTable_Cornn
ITEM_PASSHO_BERRY	treePaletteSlotTable.bytes	03040205050505
ITEM_WACAN_BERRY	name[7]	d1d5d7d5e2ff00
ITEM_WACAN_BERRY	firmness	1
ITEM_WACAN_BERRY	color	4
ITEM_WACAN_BERRY	size	250
ITEM_WACAN_BERRY	weedsBonus	1
ITEM_WACAN_BERRY	pestsBonus	4
ITEM_WACAN_BERRY	maxYield	5
ITEM_WACAN_BERRY	minYield	2
ITEM_WACAN_BERRY	waterBonus	10
ITEM_WACAN_BERRY	description1	bfe2d9e6dbed00d8e6d5ebe200dae6e3e100e0dddbdce8e2dde2db00e7e8e6dddfd9e7ff
ITEM_WACAN_BERRY	description2	e1d5dfd9e700e8dcdde700bcd9e6e6ed00dbe6e3eb00d6dddb00d5e2d800e6ddd7dcadff
ITEM_WACAN_BERRY	growthDuration	84
ITEM_WACAN_BERRY	spicy	0
ITEM_WACAN_BERRY	dry	0
ITEM_WACAN_BERRY	sweet	15
ITEM_WACAN_BERRY	bitter	0
ITEM_WACAN_BERRY	sour	10
ITEM_WACAN_BERRY	smoothness	30
ITEM_WACAN_BERRY	drainRate	6
ITEM_WACAN_BERRY	naturalGift.type	14
ITEM_WACAN_BERRY	naturalGift.power	80
ITEM_WACAN_BERRY	crush.difficulty	50
ITEM_WACAN_BERRY	crush.powder	30
ITEM_WACAN_BERRY	berryPic	BerryPic_Wacan
ITEM_WACAN_BERRY	berryPal	BerryPalette_Wacan
ITEM_WACAN_BERRY	treePicTable	PicTable_RazzBerryTree
ITEM_WACAN_BERRY	treePicTable.frames	ObjectEventPic_BerryTreeDirtPile/size=128/relativeFrames=0;ObjectEventPic_BerryTreeSprout/size=128/relativeFrames=0;ObjectEventPic_BerryTreeSprout+0x80/size=128/relativeFrames=0;ObjectEventPic_RazzBerryTree/size=256/relativeFrames=0;ObjectEventPic_RazzBerryTree+0x100/size=256/relativeFrames=0;ObjectEventPic_RazzBerryTree+0x200/size=256/relativeFrames=0;ObjectEventPic_RazzBerryTree+0x300/size=256/relativeFrames=0;ObjectEventPic_RazzBerryTree+0x400/size=256/relativeFrames=0;ObjectEventPic_RazzBerryTree+0x500/size=256/relativeFrames=0
ITEM_WACAN_BERRY	treePaletteSlotTable	BerryTreePaletteSlotTable_Razz
ITEM_WACAN_BERRY	treePaletteSlotTable.bytes	03040404040404
ITEM_RINDO_BERRY	name[7]	ccdde2d8e3ff00
ITEM_RINDO_BERRY	firmness	2
ITEM_RINDO_BERRY	color	3
ITEM_RINDO_BERRY	size	156
ITEM_RINDO_BERRY	weedsBonus	1
ITEM_RINDO_BERRY	pestsBonus	4
ITEM_RINDO_BERRY	maxYield	5
ITEM_RINDO_BERRY	minYield	2
ITEM_RINDO_BERRY	waterBonus	10
ITEM_RINDO_BERRY	description1	cedcdde700d6d9e6e6ed00dcd5e700d500ead9dbd9e8d5d6e0d9aee0dddfd900dae0d5eae3e6b8ff
ITEM_RINDO_BERRY	description2	d6e9e800dde700e6ddd7dc00dde200dcd9d5e0e8dcaee4e6e3e1e3e8dde2db00daddd6d9e6adff
ITEM_RINDO_BERRY	growthDuration	84
ITEM_RINDO_BERRY	spicy	10
ITEM_RINDO_BERRY	dry	0
ITEM_RINDO_BERRY	sweet	0
ITEM_RINDO_BERRY	bitter	15
ITEM_RINDO_BERRY	sour	0
ITEM_RINDO_BERRY	smoothness	30
ITEM_RINDO_BERRY	drainRate	6
ITEM_RINDO_BERRY	naturalGift.type	13
ITEM_RINDO_BERRY	naturalGift.power	80
ITEM_RINDO_BERRY	crush.difficulty	50
ITEM_RINDO_BERRY	crush.powder	30
ITEM_RINDO_BERRY	berryPic	BerryPic_Rindo
ITEM_RINDO_BERRY	berryPal	BerryPalette_Rindo
ITEM_RINDO_BERRY	treePicTable	PicTable_TamatoBerryTree
ITEM_RINDO_BERRY	treePicTable.frames	ObjectEventPic_BerryTreeDirtPile/size=128/relativeFrames=0;ObjectEventPic_BerryTreeSprout/size=128/relativeFrames=0;ObjectEventPic_BerryTreeSprout+0x80/size=128/relativeFrames=0;ObjectEventPic_TamatoBerryTree/size=256/relativeFrames=0;ObjectEventPic_TamatoBerryTree+0x100/size=256/relativeFrames=0;ObjectEventPic_TamatoBerryTree+0x200/size=256/relativeFrames=0;ObjectEventPic_TamatoBerryTree+0x300/size=256/relativeFrames=0;ObjectEventPic_TamatoBerryTree+0x400/size=256/relativeFrames=0;ObjectEventPic_TamatoBerryTree+0x500/size=256/relativeFrames=0
ITEM_RINDO_BERRY	treePaletteSlotTable	BerryTreePaletteSlotTable_Tamato
ITEM_RINDO_BERRY	treePaletteSlotTable.bytes	03040204040404
ITEM_YACHE_BERRY	name[7]	d3d5d7dcd9ff00
ITEM_YACHE_BERRY	firmness	4
ITEM_YACHE_BERRY	color	1
ITEM_YACHE_BERRY	size	135
ITEM_YACHE_BERRY	weedsBonus	1
ITEM_YACHE_BERRY	pestsBonus	4
ITEM_YACHE_BERRY	maxYield	5
ITEM_YACHE_BERRY	minYield	2
ITEM_YACHE_BERRY	waterBonus	10
ITEM_YACHE_BERRY	description1	cedcdde700bcd9e6e6ed00dcd5e700d500e6d9dae6d9e7dcdde2db00d8e6ed00d5e2d8ff
ITEM_YACHE_BERRY	description2	e7e3e9e600dae0d5eae3e6ad00ced5e7e8d9e700d6d9e8e8d9e600d7dcdde0e0d9d8adff
ITEM_YACHE_BERRY	growthDuration	84
ITEM_YACHE_BERRY	spicy	0
ITEM_YACHE_BERRY	dry	10
ITEM_YACHE_BERRY	sweet	0
ITEM_YACHE_BERRY	bitter	0
ITEM_YACHE_BERRY	sour	15
ITEM_YACHE_BERRY	smoothness	30
ITEM_YACHE_BERRY	drainRate	6
ITEM_YACHE_BERRY	naturalGift.type	16
ITEM_YACHE_BERRY	naturalGift.power	80
ITEM_YACHE_BERRY	crush.difficulty	50
ITEM_YACHE_BERRY	crush.powder	30
ITEM_YACHE_BERRY	berryPic	BerryPic_Yache
ITEM_YACHE_BERRY	berryPal	BerryPalette_Yache
ITEM_YACHE_BERRY	treePicTable	PicTable_YacheBerryTree
ITEM_YACHE_BERRY	treePicTable.frames	ObjectEventPic_BerryTreeDirtPile/size=128/relativeFrames=0;ObjectEventPic_BerryTreeSprout/size=128/relativeFrames=0;ObjectEventPic_BerryTreeSprout+0x80/size=128/relativeFrames=0;ObjectEventPic_YacheBerryTree/size=256/relativeFrames=0;ObjectEventPic_YacheBerryTree+0x100/size=256/relativeFrames=0;ObjectEventPic_YacheBerryTree+0x200/size=256/relativeFrames=0;ObjectEventPic_YacheBerryTree+0x300/size=256/relativeFrames=0;ObjectEventPic_YacheBerryTree+0x400/size=256/relativeFrames=0;ObjectEventPic_YacheBerryTree+0x500/size=256/relativeFrames=0
ITEM_YACHE_BERRY	treePaletteSlotTable	BerryTreePaletteSlotTable_Yache
ITEM_YACHE_BERRY	treePaletteSlotTable.bytes	03040404040404
ITEM_CHOPLE_BERRY	name[7]	bddce3e4e0d9ff
ITEM_CHOPLE_BERRY	firmness	2
ITEM_CHOPLE_BERRY	color	0
ITEM_CHOPLE_BERRY	size	77
ITEM_CHOPLE_BERRY	weedsBonus	1
ITEM_CHOPLE_BERRY	pestsBonus	4
ITEM_CHOPLE_BERRY	maxYield	5
ITEM_CHOPLE_BERRY	minYield	2
ITEM_CHOPLE_BERRY	waterBonus	10
ITEM_CHOPLE_BERRY	description1	bde3e2e8d5dde2e700d500e7e9d6e7e8d5e2d7d900e8dcd5e800dbd9e2d9e6d5e8d9e7ff
ITEM_CHOPLE_BERRY	description2	dcd9d5e8ad00bdd5e200d9ead9e200dadde6d900e9e400d500d7dcdde0e0ed00dcd9d5e6e8adff
ITEM_CHOPLE_BERRY	growthDuration	84
ITEM_CHOPLE_BERRY	spicy	15
ITEM_CHOPLE_BERRY	dry	0
ITEM_CHOPLE_BERRY	sweet	0
ITEM_CHOPLE_BERRY	bitter	10
ITEM_CHOPLE_BERRY	sour	0
ITEM_CHOPLE_BERRY	smoothness	30
ITEM_CHOPLE_BERRY	drainRate	6
ITEM_CHOPLE_BERRY	naturalGift.type	2
ITEM_CHOPLE_BERRY	naturalGift.power	80
ITEM_CHOPLE_BERRY	crush.difficulty	50
ITEM_CHOPLE_BERRY	crush.powder	30
ITEM_CHOPLE_BERRY	berryPic	BerryPic_Chople
ITEM_CHOPLE_BERRY	berryPal	BerryPalette_Chople
ITEM_CHOPLE_BERRY	treePicTable	PicTable_ChopleBerryTree
ITEM_CHOPLE_BERRY	treePicTable.frames	ObjectEventPic_BerryTreeDirtPile/size=128/relativeFrames=0;ObjectEventPic_BerryTreeSprout/size=128/relativeFrames=0;ObjectEventPic_BerryTreeSprout+0x80/size=128/relativeFrames=0;ObjectEventPic_ChopleBerryTree/size=256/relativeFrames=0;ObjectEventPic_ChopleBerryTree+0x100/size=256/relativeFrames=0;ObjectEventPic_ChopleBerryTree+0x200/size=256/relativeFrames=0;ObjectEventPic_ChopleBerryTree+0x300/size=256/relativeFrames=0;ObjectEventPic_ChopleBerryTree+0x400/size=256/relativeFrames=0;ObjectEventPic_ChopleBerryTree+0x500/size=256/relativeFrames=0
ITEM_CHOPLE_BERRY	treePaletteSlotTable	BerryTreePaletteSlotTable_Chople
ITEM_CHOPLE_BERRY	treePaletteSlotTable.bytes	03040303030303
ITEM_KEBIA_BERRY	name[7]	c5d9d6ddd5ff00
ITEM_KEBIA_BERRY	firmness	3
ITEM_KEBIA_BERRY	color	3
ITEM_KEBIA_BERRY	size	90
ITEM_KEBIA_BERRY	weedsBonus	1
ITEM_KEBIA_BERRY	pestsBonus	4
ITEM_KEBIA_BERRY	maxYield	5
ITEM_KEBIA_BERRY	minYield	2
ITEM_KEBIA_BERRY	waterBonus	10
ITEM_KEBIA_BERRY	description1	bce6dde0e0ddd5e2e800dbe6d9d9e200e3e200e8dcd900e3e9e8e7ddd8d9b800dde2e7ddd8d9ff
ITEM_KEBIA_BERRY	description2	dde800dde700e4d5d7dfd9d800ebdde8dc00d6e0d5d7dfaed7e3e0e3e6d9d800dae0d9e7dcadff
ITEM_KEBIA_BERRY	growthDuration	84
ITEM_KEBIA_BERRY	spicy	0
ITEM_KEBIA_BERRY	dry	15
ITEM_KEBIA_BERRY	sweet	0
ITEM_KEBIA_BERRY	bitter	0
ITEM_KEBIA_BERRY	sour	10
ITEM_KEBIA_BERRY	smoothness	30
ITEM_KEBIA_BERRY	drainRate	6
ITEM_KEBIA_BERRY	naturalGift.type	4
ITEM_KEBIA_BERRY	naturalGift.power	80
ITEM_KEBIA_BERRY	crush.difficulty	50
ITEM_KEBIA_BERRY	crush.powder	30
ITEM_KEBIA_BERRY	berryPic	BerryPic_Kebia
ITEM_KEBIA_BERRY	berryPal	BerryPalette_Kebia
ITEM_KEBIA_BERRY	treePicTable	PicTable_KebiaBerryTree
ITEM_KEBIA_BERRY	treePicTable.frames	ObjectEventPic_BerryTreeDirtPile/size=128/relativeFrames=0;ObjectEventPic_BerryTreeSprout/size=128/relativeFrames=0;ObjectEventPic_BerryTreeSprout+0x80/size=128/relativeFrames=0;ObjectEventPic_KebiaBerryTree/size=256/relativeFrames=0;ObjectEventPic_KebiaBerryTree+0x100/size=256/relativeFrames=0;ObjectEventPic_KebiaBerryTree+0x200/size=256/relativeFrames=0;ObjectEventPic_KebiaBerryTree+0x300/size=256/relativeFrames=0;ObjectEventPic_KebiaBerryTree+0x400/size=256/relativeFrames=0;ObjectEventPic_KebiaBerryTree+0x500/size=256/relativeFrames=0
ITEM_KEBIA_BERRY	treePaletteSlotTable	BerryTreePaletteSlotTable_Kebia
ITEM_KEBIA_BERRY	treePaletteSlotTable.bytes	03040404040404
ITEM_SHUCA_BERRY	name[7]	cddce9d7d5ff00
ITEM_SHUCA_BERRY	firmness	2
ITEM_SHUCA_BERRY	color	4
ITEM_SHUCA_BERRY	size	42
ITEM_SHUCA_BERRY	weedsBonus	1
ITEM_SHUCA_BERRY	pestsBonus	4
ITEM_SHUCA_BERRY	maxYield	5
ITEM_SHUCA_BERRY	minYield	2
ITEM_SHUCA_BERRY	waterBonus	10
ITEM_SHUCA_BERRY	description1	cedcd900e7ebd9d9e800e4e9e0e400dcd5e700dee9e7e800e8dcd900dcdde2e800e3da00d5ff
ITEM_SHUCA_BERRY	description2	d500dcd5e6d8aed9d8dbd9d800d5e2d800dae6d5dbe6d5e2e800d6dde8d900e8e300dde8adff
ITEM_SHUCA_BERRY	growthDuration	84
ITEM_SHUCA_BERRY	spicy	10
ITEM_SHUCA_BERRY	dry	0
ITEM_SHUCA_BERRY	sweet	15
ITEM_SHUCA_BERRY	bitter	0
ITEM_SHUCA_BERRY	sour	0
ITEM_SHUCA_BERRY	smoothness	30
ITEM_SHUCA_BERRY	drainRate	6
ITEM_SHUCA_BERRY	naturalGift.type	5
ITEM_SHUCA_BERRY	naturalGift.power	80
ITEM_SHUCA_BERRY	crush.difficulty	50
ITEM_SHUCA_BERRY	crush.powder	20
ITEM_SHUCA_BERRY	berryPic	BerryPic_Shuca
ITEM_SHUCA_BERRY	berryPal	BerryPalette_Shuca
ITEM_SHUCA_BERRY	treePicTable	PicTable_ShucaBerryTree
ITEM_SHUCA_BERRY	treePicTable.frames	ObjectEventPic_BerryTreeDirtPile/size=128/relativeFrames=0;ObjectEventPic_BerryTreeSprout/size=128/relativeFrames=0;ObjectEventPic_BerryTreeSprout+0x80/size=128/relativeFrames=0;ObjectEventPic_ShucaBerryTree/size=256/relativeFrames=0;ObjectEventPic_ShucaBerryTree+0x100/size=256/relativeFrames=0;ObjectEventPic_ShucaBerryTree+0x200/size=256/relativeFrames=0;ObjectEventPic_ShucaBerryTree+0x300/size=256/relativeFrames=0;ObjectEventPic_ShucaBerryTree+0x400/size=256/relativeFrames=0;ObjectEventPic_ShucaBerryTree+0x500/size=256/relativeFrames=0
ITEM_SHUCA_BERRY	treePaletteSlotTable	BerryTreePaletteSlotTable_Shuca
ITEM_SHUCA_BERRY	treePaletteSlotTable.bytes	03040505050505
ITEM_COBA_BERRY	name[7]	bde3d6d5ff0000
ITEM_COBA_BERRY	firmness	4
ITEM_COBA_BERRY	color	1
ITEM_COBA_BERRY	size	278
ITEM_COBA_BERRY	weedsBonus	1
ITEM_COBA_BERRY	pestsBonus	4
ITEM_COBA_BERRY	maxYield	5
ITEM_COBA_BERRY	minYield	2
ITEM_COBA_BERRY	waterBonus	10
ITEM_COBA_BERRY	description1	cedcdde700bcd9e6e6ed00dde700e7d5ddd800e8e300d6d900d500d7e6e3e7e700e3daff
ITEM_COBA_BERRY	description2	e8ebe300bcd9e6e6ddd9e700d6e0e3ebe200dde200dae6e3e100dad5e600d5ebd5edadff
ITEM_COBA_BERRY	growthDuration	84
ITEM_COBA_BERRY	spicy	0
ITEM_COBA_BERRY	dry	10
ITEM_COBA_BERRY	sweet	0
ITEM_COBA_BERRY	bitter	15
ITEM_COBA_BERRY	sour	0
ITEM_COBA_BERRY	smoothness	30
ITEM_COBA_BERRY	drainRate	6
ITEM_COBA_BERRY	naturalGift.type	3
ITEM_COBA_BERRY	naturalGift.power	80
ITEM_COBA_BERRY	crush.difficulty	50
ITEM_COBA_BERRY	crush.powder	30
ITEM_COBA_BERRY	berryPic	BerryPic_Coba
ITEM_COBA_BERRY	berryPal	BerryPalette_Coba
ITEM_COBA_BERRY	treePicTable	PicTable_RawstBerryTree
ITEM_COBA_BERRY	treePicTable.frames	ObjectEventPic_BerryTreeDirtPile/size=128/relativeFrames=0;ObjectEventPic_BerryTreeSprout/size=128/relativeFrames=0;ObjectEventPic_BerryTreeSprout+0x80/size=128/relativeFrames=0;ObjectEventPic_RawstBerryTree/size=256/relativeFrames=0;ObjectEventPic_RawstBerryTree+0x100/size=256/relativeFrames=0;ObjectEventPic_RawstBerryTree+0x200/size=256/relativeFrames=0;ObjectEventPic_RawstBerryTree+0x300/size=256/relativeFrames=0;ObjectEventPic_RawstBerryTree+0x400/size=256/relativeFrames=0;ObjectEventPic_RawstBerryTree+0x500/size=256/relativeFrames=0
ITEM_COBA_BERRY	treePaletteSlotTable	BerryTreePaletteSlotTable_Rawst
ITEM_COBA_BERRY	treePaletteSlotTable.bytes	03040403030303
ITEM_PAYAPA_BERRY	name[7]	cad5edd5e4d5ff
ITEM_PAYAPA_BERRY	firmness	2
ITEM_PAYAPA_BERRY	color	0
ITEM_PAYAPA_BERRY	size	252
ITEM_PAYAPA_BERRY	weedsBonus	1
ITEM_PAYAPA_BERRY	pestsBonus	4
ITEM_PAYAPA_BERRY	maxYield	5
ITEM_PAYAPA_BERRY	minYield	2
ITEM_PAYAPA_BERRY	waterBonus	10
ITEM_PAYAPA_BERRY	description1	cdd5ddd800e8e300e7d9e2e7d900dce9e1d5e200d9e1e3e8dde3e2e7b800dde800e7ebd9e0e0e7ff
ITEM_PAYAPA_BERRY	description2	e6e3e9e2d8e0ed00ebdcd9e200d500e4d9e6e7e3e200d5e4e4e6e3d5d7dcd9e7adff
ITEM_PAYAPA_BERRY	growthDuration	84
ITEM_PAYAPA_BERRY	spicy	0
ITEM_PAYAPA_BERRY	dry	0
ITEM_PAYAPA_BERRY	sweet	10
ITEM_PAYAPA_BERRY	bitter	0
ITEM_PAYAPA_BERRY	sour	15
ITEM_PAYAPA_BERRY	smoothness	30
ITEM_PAYAPA_BERRY	drainRate	6
ITEM_PAYAPA_BERRY	naturalGift.type	15
ITEM_PAYAPA_BERRY	naturalGift.power	80
ITEM_PAYAPA_BERRY	crush.difficulty	50
ITEM_PAYAPA_BERRY	crush.powder	30
ITEM_PAYAPA_BERRY	berryPic	BerryPic_Payapa
ITEM_PAYAPA_BERRY	berryPal	BerryPalette_Payapa
ITEM_PAYAPA_BERRY	treePicTable	PicTable_PayapaBerryTree
ITEM_PAYAPA_BERRY	treePicTable.frames	ObjectEventPic_BerryTreeDirtPile/size=128/relativeFrames=0;ObjectEventPic_BerryTreeSprout/size=128/relativeFrames=0;ObjectEventPic_BerryTreeSprout+0x80/size=128/relativeFrames=0;ObjectEventPic_PayapaBerryTree/size=256/relativeFrames=0;ObjectEventPic_PayapaBerryTree+0x100/size=256/relativeFrames=0;ObjectEventPic_PayapaBerryTree+0x200/size=256/relativeFrames=0;ObjectEventPic_PayapaBerryTree+0x300/size=256/relativeFrames=0;ObjectEventPic_PayapaBerryTree+0x400/size=256/relativeFrames=0;ObjectEventPic_PayapaBerryTree+0x500/size=256/relativeFrames=0
ITEM_PAYAPA_BERRY	treePaletteSlotTable	BerryTreePaletteSlotTable_Payapa
ITEM_PAYAPA_BERRY	treePaletteSlotTable.bytes	03040505050505
ITEM_TANGA_BERRY	name[7]	ced5e2dbd5ff00
ITEM_TANGA_BERRY	firmness	1
ITEM_TANGA_BERRY	color	3
ITEM_TANGA_BERRY	size	42
ITEM_TANGA_BERRY	weedsBonus	1
ITEM_TANGA_BERRY	pestsBonus	4
ITEM_TANGA_BERRY	maxYield	5
ITEM_TANGA_BERRY	minYield	2
ITEM_TANGA_BERRY	waterBonus	10
ITEM_TANGA_BERRY	description1	c3e800dbe6e3ebe700d500dae0e3ebd9e600d5e800e8dcd900e8dde400e8dcd5e800e0e9e6d9e7ff
ITEM_TANGA_BERRY	description2	bce9db00cae3df1be1e3e200ebdde8dc00dde8e700e7e8e6dde2dbed00e4d9e8d5e0e7adff
ITEM_TANGA_BERRY	growthDuration	84
ITEM_TANGA_BERRY	spicy	20
ITEM_TANGA_BERRY	dry	0
ITEM_TANGA_BERRY	sweet	0
ITEM_TANGA_BERRY	bitter	0
ITEM_TANGA_BERRY	sour	10
ITEM_TANGA_BERRY	smoothness	35
ITEM_TANGA_BERRY	drainRate	6
ITEM_TANGA_BERRY	naturalGift.type	7
ITEM_TANGA_BERRY	naturalGift.power	80
ITEM_TANGA_BERRY	crush.difficulty	50
ITEM_TANGA_BERRY	crush.powder	30
ITEM_TANGA_BERRY	berryPic	BerryPic_Tanga
ITEM_TANGA_BERRY	berryPal	BerryPalette_Tanga
ITEM_TANGA_BERRY	treePicTable	PicTable_TangaBerryTree
ITEM_TANGA_BERRY	treePicTable.frames	ObjectEventPic_BerryTreeDirtPile/size=128/relativeFrames=0;ObjectEventPic_BerryTreeSprout/size=128/relativeFrames=0;ObjectEventPic_BerryTreeSprout+0x80/size=128/relativeFrames=0;ObjectEventPic_TangaBerryTree/size=256/relativeFrames=0;ObjectEventPic_TangaBerryTree+0x100/size=256/relativeFrames=0;ObjectEventPic_TangaBerryTree+0x200/size=256/relativeFrames=0;ObjectEventPic_TangaBerryTree+0x300/size=256/relativeFrames=0;ObjectEventPic_TangaBerryTree+0x400/size=256/relativeFrames=0;ObjectEventPic_TangaBerryTree+0x500/size=256/relativeFrames=0
ITEM_TANGA_BERRY	treePaletteSlotTable	BerryTreePaletteSlotTable_Tanga
ITEM_TANGA_BERRY	treePaletteSlotTable.bytes	03040404040404
ITEM_CHARTI_BERRY	name[7]	bddcd5e6e8ddff
ITEM_CHARTI_BERRY	firmness	1
ITEM_CHARTI_BERRY	color	4
ITEM_CHARTI_BERRY	size	28
ITEM_CHARTI_BERRY	weedsBonus	1
ITEM_CHARTI_BERRY	pestsBonus	4
ITEM_CHARTI_BERRY	maxYield	5
ITEM_CHARTI_BERRY	minYield	2
ITEM_CHARTI_BERRY	waterBonus	10
ITEM_CHARTI_BERRY	description1	c9dae8d9e200e9e7d9d800dae3e600e4ddd7dfe0d9e700d6d9d7d5e9e7d900e3da00dde8e7ff
ITEM_CHARTI_BERRY	description2	d8e6ed00dae0d5eae3e6ad00cde3e1d9e8dde1d9e700d9d5e8d9e200e6d5ebadff
ITEM_CHARTI_BERRY	growthDuration	84
ITEM_CHARTI_BERRY	spicy	10
ITEM_CHARTI_BERRY	dry	20
ITEM_CHARTI_BERRY	sweet	0
ITEM_CHARTI_BERRY	bitter	0
ITEM_CHARTI_BERRY	sour	0
ITEM_CHARTI_BERRY	smoothness	35
ITEM_CHARTI_BERRY	drainRate	6
ITEM_CHARTI_BERRY	naturalGift.type	6
ITEM_CHARTI_BERRY	naturalGift.power	80
ITEM_CHARTI_BERRY	crush.difficulty	50
ITEM_CHARTI_BERRY	crush.powder	30
ITEM_CHARTI_BERRY	berryPic	BerryPic_Charti
ITEM_CHARTI_BERRY	berryPal	BerryPalette_Charti
ITEM_CHARTI_BERRY	treePicTable	PicTable_LansatBerryTree
ITEM_CHARTI_BERRY	treePicTable.frames	ObjectEventPic_BerryTreeDirtPile/size=128/relativeFrames=0;ObjectEventPic_BerryTreeSprout/size=128/relativeFrames=0;ObjectEventPic_BerryTreeSprout+0x80/size=128/relativeFrames=0;ObjectEventPic_LansatBerryTree/size=256/relativeFrames=0;ObjectEventPic_LansatBerryTree+0x100/size=256/relativeFrames=0;ObjectEventPic_LansatBerryTree+0x200/size=256/relativeFrames=0;ObjectEventPic_LansatBerryTree+0x300/size=256/relativeFrames=0;ObjectEventPic_LansatBerryTree+0x400/size=256/relativeFrames=0;ObjectEventPic_LansatBerryTree+0x500/size=256/relativeFrames=0
ITEM_CHARTI_BERRY	treePaletteSlotTable	BerryTreePaletteSlotTable_Lansat
ITEM_CHARTI_BERRY	treePaletteSlotTable.bytes	03040205050505
ITEM_KASIB_BERRY	name[7]	c5d5e7ddd6ff00
ITEM_KASIB_BERRY	firmness	3
ITEM_KASIB_BERRY	color	5
ITEM_KASIB_BERRY	size	144
ITEM_KASIB_BERRY	weedsBonus	1
ITEM_KASIB_BERRY	pestsBonus	4
ITEM_KASIB_BERRY	maxYield	5
ITEM_KASIB_BERRY	minYield	2
ITEM_KASIB_BERRY	waterBonus	10
ITEM_KASIB_BERRY	description1	c9e0d800e7e9e4d9e6e7e8dde8dde3e2e700e7d5ed00dde800dcd5e700d5e200e3d8d8ff
ITEM_KASIB_BERRY	description2	e4e3ebd9e6ad00bb00e4e3e4e9e0d5e600dbe3e3d8aee0e9d7df00d7dcd5e6e1adff
ITEM_KASIB_BERRY	growthDuration	84
ITEM_KASIB_BERRY	spicy	0
ITEM_KASIB_BERRY	dry	10
ITEM_KASIB_BERRY	sweet	20
ITEM_KASIB_BERRY	bitter	0
ITEM_KASIB_BERRY	sour	0
ITEM_KASIB_BERRY	smoothness	35
ITEM_KASIB_BERRY	drainRate	6
ITEM_KASIB_BERRY	naturalGift.type	8
ITEM_KASIB_BERRY	naturalGift.power	80
ITEM_KASIB_BERRY	crush.difficulty	50
ITEM_KASIB_BERRY	crush.powder	30
ITEM_KASIB_BERRY	berryPic	BerryPic_Kasib
ITEM_KASIB_BERRY	berryPal	BerryPalette_Kasib
ITEM_KASIB_BERRY	treePicTable	PicTable_KasibBerryTree
ITEM_KASIB_BERRY	treePicTable.frames	ObjectEventPic_BerryTreeDirtPile/size=128/relativeFrames=0;ObjectEventPic_BerryTreeSprout/size=128/relativeFrames=0;ObjectEventPic_BerryTreeSprout+0x80/size=128/relativeFrames=0;ObjectEventPic_KasibBerryTree/size=256/relativeFrames=0;ObjectEventPic_KasibBerryTree+0x100/size=256/relativeFrames=0;ObjectEventPic_KasibBerryTree+0x200/size=256/relativeFrames=0;ObjectEventPic_KasibBerryTree+0x300/size=256/relativeFrames=0;ObjectEventPic_KasibBerryTree+0x400/size=256/relativeFrames=0;ObjectEventPic_KasibBerryTree+0x500/size=256/relativeFrames=0
ITEM_KASIB_BERRY	treePaletteSlotTable	BerryTreePaletteSlotTable_Kasib
ITEM_KASIB_BERRY	treePaletteSlotTable.bytes	03040404040404
ITEM_HABAN_BERRY	name[7]	c2d5d6d5e2ff00
ITEM_HABAN_BERRY	firmness	2
ITEM_HABAN_BERRY	color	0
ITEM_HABAN_BERRY	size	23
ITEM_HABAN_BERRY	weedsBonus	1
ITEM_HABAN_BERRY	pestsBonus	4
ITEM_HABAN_BERRY	maxYield	5
ITEM_HABAN_BERRY	minYield	2
ITEM_HABAN_BERRY	waterBonus	10
ITEM_HABAN_BERRY	description1	c6d9e7e700d6dde8e8d9e600ddda00d9e2e3e9dbdc00e3da00e8dcdde700bcd9e6e6edff
ITEM_HABAN_BERRY	description2	dde700d6e3dde0d9d800d8e3ebe2ad00c7d5dfd9e700d500dbe3e3d800ded5e1adff
ITEM_HABAN_BERRY	growthDuration	84
ITEM_HABAN_BERRY	spicy	0
ITEM_HABAN_BERRY	dry	0
ITEM_HABAN_BERRY	sweet	10
ITEM_HABAN_BERRY	bitter	20
ITEM_HABAN_BERRY	sour	0
ITEM_HABAN_BERRY	smoothness	35
ITEM_HABAN_BERRY	drainRate	6
ITEM_HABAN_BERRY	naturalGift.type	17
ITEM_HABAN_BERRY	naturalGift.power	80
ITEM_HABAN_BERRY	crush.difficulty	50
ITEM_HABAN_BERRY	crush.powder	30
ITEM_HABAN_BERRY	berryPic	BerryPic_Haban
ITEM_HABAN_BERRY	berryPal	BerryPalette_Haban
ITEM_HABAN_BERRY	treePicTable	PicTable_HabanBerryTree
ITEM_HABAN_BERRY	treePicTable.frames	ObjectEventPic_BerryTreeDirtPile/size=128/relativeFrames=0;ObjectEventPic_BerryTreeSprout/size=128/relativeFrames=0;ObjectEventPic_BerryTreeSprout+0x80/size=128/relativeFrames=0;ObjectEventPic_HabanBerryTree/size=256/relativeFrames=0;ObjectEventPic_HabanBerryTree+0x100/size=256/relativeFrames=0;ObjectEventPic_HabanBerryTree+0x200/size=256/relativeFrames=0;ObjectEventPic_HabanBerryTree+0x300/size=256/relativeFrames=0;ObjectEventPic_HabanBerryTree+0x400/size=256/relativeFrames=0;ObjectEventPic_HabanBerryTree+0x500/size=256/relativeFrames=0
ITEM_HABAN_BERRY	treePaletteSlotTable	BerryTreePaletteSlotTable_Haban
ITEM_HABAN_BERRY	treePaletteSlotTable.bytes	03040303030303
ITEM_COLBUR_BERRY	name[7]	bde3e0d6e9e6ff
ITEM_COLBUR_BERRY	firmness	5
ITEM_COLBUR_BERRY	color	5
ITEM_COLBUR_BERRY	size	39
ITEM_COLBUR_BERRY	weedsBonus	1
ITEM_COLBUR_BERRY	pestsBonus	4
ITEM_COLBUR_BERRY	maxYield	5
ITEM_COLBUR_BERRY	minYield	2
ITEM_COLBUR_BERRY	waterBonus	10
ITEM_COLBUR_BERRY	description1	cedde2ed00dce3e3dfe700e3e200e8dcd900e7e9e6dad5d7d900e0d5e8d7dc00e3e2e8e3ff
ITEM_COLBUR_BERRY	description2	cae3df1be1e3e200e8e300e6d9d5d7dc00dad5e6aee3dada00e4e0d5d7d9e7adff
ITEM_COLBUR_BERRY	growthDuration	84
ITEM_COLBUR_BERRY	spicy	0
ITEM_COLBUR_BERRY	dry	0
ITEM_COLBUR_BERRY	sweet	0
ITEM_COLBUR_BERRY	bitter	10
ITEM_COLBUR_BERRY	sour	20
ITEM_COLBUR_BERRY	smoothness	35
ITEM_COLBUR_BERRY	drainRate	6
ITEM_COLBUR_BERRY	naturalGift.type	18
ITEM_COLBUR_BERRY	naturalGift.power	80
ITEM_COLBUR_BERRY	crush.difficulty	60
ITEM_COLBUR_BERRY	crush.powder	50
ITEM_COLBUR_BERRY	berryPic	BerryPic_Colbur
ITEM_COLBUR_BERRY	berryPal	BerryPalette_Colbur
ITEM_COLBUR_BERRY	treePicTable	PicTable_ColburBerryTree
ITEM_COLBUR_BERRY	treePicTable.frames	ObjectEventPic_BerryTreeDirtPile/size=128/relativeFrames=0;ObjectEventPic_BerryTreeSprout/size=128/relativeFrames=0;ObjectEventPic_BerryTreeSprout+0x80/size=128/relativeFrames=0;ObjectEventPic_ColburBerryTree/size=256/relativeFrames=0;ObjectEventPic_ColburBerryTree+0x100/size=256/relativeFrames=0;ObjectEventPic_ColburBerryTree+0x200/size=256/relativeFrames=0;ObjectEventPic_ColburBerryTree+0x300/size=256/relativeFrames=0;ObjectEventPic_ColburBerryTree+0x400/size=256/relativeFrames=0;ObjectEventPic_ColburBerryTree+0x500/size=256/relativeFrames=0
ITEM_COLBUR_BERRY	treePaletteSlotTable	BerryTreePaletteSlotTable_Colbur
ITEM_COLBUR_BERRY	treePaletteSlotTable.bytes	03040505050505
ITEM_BABIRI_BERRY	name[7]	bcd5d6dde6ddff
ITEM_BABIRI_BERRY	firmness	5
ITEM_BABIRI_BERRY	color	3
ITEM_BABIRI_BERRY	size	265
ITEM_BABIRI_BERRY	weedsBonus	1
ITEM_BABIRI_BERRY	pestsBonus	4
ITEM_BABIRI_BERRY	maxYield	5
ITEM_BABIRI_BERRY	minYield	2
ITEM_BABIRI_BERRY	waterBonus	10
ITEM_BABIRI_BERRY	description1	d0d9e6ed00e8e3e9dbdc00ebdde8dc00d500e7e8e6e3e2db00dae0d5eae3e6ad00c3e8ff
ITEM_BABIRI_BERRY	description2	ebd5e700e9e7d9d800e8e300e1d5dfd900e1d9d8ddd7dde2d900dde200e8dcd900e4d5e7e8adff
ITEM_BABIRI_BERRY	growthDuration	84
ITEM_BABIRI_BERRY	spicy	25
ITEM_BABIRI_BERRY	dry	10
ITEM_BABIRI_BERRY	sweet	0
ITEM_BABIRI_BERRY	bitter	0
ITEM_BABIRI_BERRY	sour	0
ITEM_BABIRI_BERRY	smoothness	35
ITEM_BABIRI_BERRY	drainRate	6
ITEM_BABIRI_BERRY	naturalGift.type	9
ITEM_BABIRI_BERRY	naturalGift.power	80
ITEM_BABIRI_BERRY	crush.difficulty	80
ITEM_BABIRI_BERRY	crush.powder	50
ITEM_BABIRI_BERRY	berryPic	BerryPic_Babiri
ITEM_BABIRI_BERRY	berryPal	BerryPalette_Babiri
ITEM_BABIRI_BERRY	treePicTable	PicTable_LiechiBerryTree
ITEM_BABIRI_BERRY	treePicTable.frames	ObjectEventPic_BerryTreeDirtPile/size=128/relativeFrames=0;ObjectEventPic_BerryTreeSprout/size=128/relativeFrames=0;ObjectEventPic_BerryTreeSprout+0x80/size=128/relativeFrames=0;ObjectEventPic_LiechiBerryTree/size=256/relativeFrames=0;ObjectEventPic_LiechiBerryTree+0x100/size=256/relativeFrames=0;ObjectEventPic_LiechiBerryTree+0x200/size=256/relativeFrames=0;ObjectEventPic_LiechiBerryTree+0x300/size=256/relativeFrames=0;ObjectEventPic_LiechiBerryTree+0x400/size=256/relativeFrames=0;ObjectEventPic_LiechiBerryTree+0x500/size=256/relativeFrames=0
ITEM_BABIRI_BERRY	treePaletteSlotTable	BerryTreePaletteSlotTable_Liechi
ITEM_BABIRI_BERRY	treePaletteSlotTable.bytes	03040404040404
ITEM_ROSELI_BERRY	name[7]	cce3e7d9e0ddff
ITEM_ROSELI_BERRY	firmness	3
ITEM_ROSELI_BERRY	color	0
ITEM_ROSELI_BERRY	size	35
ITEM_ROSELI_BERRY	weedsBonus	1
ITEM_ROSELI_BERRY	pestsBonus	4
ITEM_ROSELI_BERRY	maxYield	5
ITEM_ROSELI_BERRY	minYield	2
ITEM_ROSELI_BERRY	waterBonus	10
ITEM_ROSELI_BERRY	description1	c3e200e2d5e8e9e6d9b800e8dcd9ed00dbe6e3eb00dde200ebddd8d900e6dde2dbe7ff
ITEM_ROSELI_BERRY	description2	dae3e600e6d9d5e7e3e2e700e8dcd5e800d5e6d900e7e8dde0e000e9e2dfe2e3ebe2adff
ITEM_ROSELI_BERRY	growthDuration	84
ITEM_ROSELI_BERRY	spicy	0
ITEM_ROSELI_BERRY	dry	0
ITEM_ROSELI_BERRY	sweet	25
ITEM_ROSELI_BERRY	bitter	10
ITEM_ROSELI_BERRY	sour	0
ITEM_ROSELI_BERRY	smoothness	35
ITEM_ROSELI_BERRY	drainRate	6
ITEM_ROSELI_BERRY	naturalGift.type	19
ITEM_ROSELI_BERRY	naturalGift.power	80
ITEM_ROSELI_BERRY	crush.difficulty	60
ITEM_ROSELI_BERRY	crush.powder	50
ITEM_ROSELI_BERRY	berryPic	BerryPic_Roseli
ITEM_ROSELI_BERRY	berryPal	BerryPalette_Roseli
ITEM_ROSELI_BERRY	treePicTable	PicTable_RoseliBerryTree
ITEM_ROSELI_BERRY	treePicTable.frames	ObjectEventPic_BerryTreeDirtPile/size=128/relativeFrames=0;ObjectEventPic_BerryTreeSprout/size=128/relativeFrames=0;ObjectEventPic_BerryTreeSprout+0x80/size=128/relativeFrames=0;ObjectEventPic_RoseliBerryTree/size=256/relativeFrames=0;ObjectEventPic_RoseliBerryTree+0x100/size=256/relativeFrames=0;ObjectEventPic_RoseliBerryTree+0x200/size=256/relativeFrames=0;ObjectEventPic_RoseliBerryTree+0x300/size=256/relativeFrames=0;ObjectEventPic_RoseliBerryTree+0x400/size=256/relativeFrames=0;ObjectEventPic_RoseliBerryTree+0x500/size=256/relativeFrames=0
ITEM_ROSELI_BERRY	treePaletteSlotTable	BerryTreePaletteSlotTable_Roseli
ITEM_ROSELI_BERRY	treePaletteSlotTable.bytes	03040404040404
ITEM_LIECHI_BERRY	name[7]	c6ddd9d7dcddff
ITEM_LIECHI_BERRY	firmness	4
ITEM_LIECHI_BERRY	color	4
ITEM_LIECHI_BERRY	size	111
ITEM_LIECHI_BERRY	weedsBonus	0
ITEM_LIECHI_BERRY	pestsBonus	2
ITEM_LIECHI_BERRY	maxYield	6
ITEM_LIECHI_BERRY	minYield	5
ITEM_LIECHI_BERRY	waterBonus	2
ITEM_LIECHI_BERRY	description1	bb00e1ede7e8d9e6dde3e9e700bcd9e6e6edad00c3e800dde700e6e9e1e3e6d9d800e8e3ff
ITEM_LIECHI_BERRY	description2	d7e3e2e8d5dde200e8dcd900e4e3ebd9e600e3da00e8dcd900e7d9d5adff
ITEM_LIECHI_BERRY	growthDuration	96
ITEM_LIECHI_BERRY	spicy	40
ITEM_LIECHI_BERRY	dry	0
ITEM_LIECHI_BERRY	sweet	40
ITEM_LIECHI_BERRY	bitter	0
ITEM_LIECHI_BERRY	sour	10
ITEM_LIECHI_BERRY	smoothness	80
ITEM_LIECHI_BERRY	drainRate	4
ITEM_LIECHI_BERRY	naturalGift.type	13
ITEM_LIECHI_BERRY	naturalGift.power	100
ITEM_LIECHI_BERRY	crush.difficulty	180
ITEM_LIECHI_BERRY	crush.powder	500
ITEM_LIECHI_BERRY	berryPic	BerryPic_Liechi
ITEM_LIECHI_BERRY	berryPal	BerryPalette_Liechi
ITEM_LIECHI_BERRY	treePicTable	PicTable_LiechiBerryTree
ITEM_LIECHI_BERRY	treePicTable.frames	ObjectEventPic_BerryTreeDirtPile/size=128/relativeFrames=0;ObjectEventPic_BerryTreeSprout/size=128/relativeFrames=0;ObjectEventPic_BerryTreeSprout+0x80/size=128/relativeFrames=0;ObjectEventPic_LiechiBerryTree/size=256/relativeFrames=0;ObjectEventPic_LiechiBerryTree+0x100/size=256/relativeFrames=0;ObjectEventPic_LiechiBerryTree+0x200/size=256/relativeFrames=0;ObjectEventPic_LiechiBerryTree+0x300/size=256/relativeFrames=0;ObjectEventPic_LiechiBerryTree+0x400/size=256/relativeFrames=0;ObjectEventPic_LiechiBerryTree+0x500/size=256/relativeFrames=0
ITEM_LIECHI_BERRY	treePaletteSlotTable	BerryTreePaletteSlotTable_Liechi
ITEM_LIECHI_BERRY	treePaletteSlotTable.bytes	03040404040404
ITEM_GANLON_BERRY	name[7]	c1d5e2e0e3e2ff
ITEM_GANLON_BERRY	firmness	4
ITEM_GANLON_BERRY	color	1
ITEM_GANLON_BERRY	size	33
ITEM_GANLON_BERRY	weedsBonus	0
ITEM_GANLON_BERRY	pestsBonus	2
ITEM_GANLON_BERRY	maxYield	6
ITEM_GANLON_BERRY	minYield	5
ITEM_GANLON_BERRY	waterBonus	2
ITEM_GANLON_BERRY	description1	bb00e1ede7e8d9e6dde3e9e700bcd9e6e6edad00c3e800dde700e6e9e1e3e6d9d800e8e3ff
ITEM_GANLON_BERRY	description2	d7e3e2e8d5dde200e8dcd900e4e3ebd9e600e3da00e8dcd900e0d5e2d8adff
ITEM_GANLON_BERRY	growthDuration	96
ITEM_GANLON_BERRY	spicy	0
ITEM_GANLON_BERRY	dry	40
ITEM_GANLON_BERRY	sweet	0
ITEM_GANLON_BERRY	bitter	40
ITEM_GANLON_BERRY	sour	0
ITEM_GANLON_BERRY	smoothness	80
ITEM_GANLON_BERRY	drainRate	4
ITEM_GANLON_BERRY	naturalGift.type	16
ITEM_GANLON_BERRY	naturalGift.power	100
ITEM_GANLON_BERRY	crush.difficulty	180
ITEM_GANLON_BERRY	crush.powder	500
ITEM_GANLON_BERRY	berryPic	BerryPic_Ganlon
ITEM_GANLON_BERRY	berryPal	BerryPalette_Ganlon
ITEM_GANLON_BERRY	treePicTable	PicTable_HondewBerryTree
ITEM_GANLON_BERRY	treePicTable.frames	ObjectEventPic_BerryTreeDirtPile/size=128/relativeFrames=0;ObjectEventPic_BerryTreeSprout/size=128/relativeFrames=0;ObjectEventPic_BerryTreeSprout+0x80/size=128/relativeFrames=0;ObjectEventPic_HondewBerryTree/size=256/relativeFrames=0;ObjectEventPic_HondewBerryTree+0x100/size=256/relativeFrames=0;ObjectEventPic_HondewBerryTree+0x200/size=256/relativeFrames=0;ObjectEventPic_HondewBerryTree+0x300/size=256/relativeFrames=0;ObjectEventPic_HondewBerryTree+0x400/size=256/relativeFrames=0;ObjectEventPic_HondewBerryTree+0x500/size=256/relativeFrames=0
ITEM_GANLON_BERRY	treePaletteSlotTable	BerryTreePaletteSlotTable_Hondew
ITEM_GANLON_BERRY	treePaletteSlotTable.bytes	03040505050505
ITEM_SALAC_BERRY	name[7]	cdd5e0d5d7ff00
ITEM_SALAC_BERRY	firmness	4
ITEM_SALAC_BERRY	color	3
ITEM_SALAC_BERRY	size	95
ITEM_SALAC_BERRY	weedsBonus	0
ITEM_SALAC_BERRY	pestsBonus	2
ITEM_SALAC_BERRY	maxYield	6
ITEM_SALAC_BERRY	minYield	5
ITEM_SALAC_BERRY	waterBonus	2
ITEM_SALAC_BERRY	description1	bb00e1ede7e8d9e6dde3e9e700bcd9e6e6edad00c3e800dde700e6e9e1e3e6d9d800e8e3ff
ITEM_SALAC_BERRY	description2	d7e3e2e8d5dde200e8dcd900e4e3ebd9e600e3da00e8dcd900e7dfedadff
ITEM_SALAC_BERRY	growthDuration	96
ITEM_SALAC_BERRY	spicy	0
ITEM_SALAC_BERRY	dry	0
ITEM_SALAC_BERRY	sweet	40
ITEM_SALAC_BERRY	bitter	0
ITEM_SALAC_BERRY	sour	40
ITEM_SALAC_BERRY	smoothness	80
ITEM_SALAC_BERRY	drainRate	4
ITEM_SALAC_BERRY	naturalGift.type	2
ITEM_SALAC_BERRY	naturalGift.power	100
ITEM_SALAC_BERRY	crush.difficulty	180
ITEM_SALAC_BERRY	crush.powder	500
ITEM_SALAC_BERRY	berryPic	BerryPic_Salac
ITEM_SALAC_BERRY	berryPal	BerryPalette_Salac
ITEM_SALAC_BERRY	treePicTable	PicTable_AguavBerryTree
ITEM_SALAC_BERRY	treePicTable.frames	ObjectEventPic_BerryTreeDirtPile/size=128/relativeFrames=0;ObjectEventPic_BerryTreeSprout/size=128/relativeFrames=0;ObjectEventPic_BerryTreeSprout+0x80/size=128/relativeFrames=0;ObjectEventPic_AguavBerryTree/size=256/relativeFrames=0;ObjectEventPic_AguavBerryTree+0x100/size=256/relativeFrames=0;ObjectEventPic_AguavBerryTree+0x200/size=256/relativeFrames=0;ObjectEventPic_AguavBerryTree+0x300/size=256/relativeFrames=0;ObjectEventPic_AguavBerryTree+0x400/size=256/relativeFrames=0;ObjectEventPic_AguavBerryTree+0x500/size=256/relativeFrames=0
ITEM_SALAC_BERRY	treePaletteSlotTable	BerryTreePaletteSlotTable_Aguav
ITEM_SALAC_BERRY	treePaletteSlotTable.bytes	03040405050505
ITEM_PETAYA_BERRY	name[7]	cad9e8d5edd5ff
ITEM_PETAYA_BERRY	firmness	4
ITEM_PETAYA_BERRY	color	5
ITEM_PETAYA_BERRY	size	237
ITEM_PETAYA_BERRY	weedsBonus	0
ITEM_PETAYA_BERRY	pestsBonus	2
ITEM_PETAYA_BERRY	maxYield	6
ITEM_PETAYA_BERRY	minYield	5
ITEM_PETAYA_BERRY	waterBonus	2
ITEM_PETAYA_BERRY	description1	bb00e1ede7e8d9e6dde3e9e700bcd9e6e6edad00c3e800dde700e6e9e1e3e6d9d800e8e3ff
ITEM_PETAYA_BERRY	description2	d7e3e2e8d5dde200e8dcd900e4e3ebd9e600e3da00d5e0e000e0ddeadde2db00e8dcdde2dbe7adff
ITEM_PETAYA_BERRY	growthDuration	96
ITEM_PETAYA_BERRY	spicy	40
ITEM_PETAYA_BERRY	dry	0
ITEM_PETAYA_BERRY	sweet	0
ITEM_PETAYA_BERRY	bitter	40
ITEM_PETAYA_BERRY	sour	0
ITEM_PETAYA_BERRY	smoothness	80
ITEM_PETAYA_BERRY	drainRate	4
ITEM_PETAYA_BERRY	naturalGift.type	4
ITEM_PETAYA_BERRY	naturalGift.power	100
ITEM_PETAYA_BERRY	crush.difficulty	180
ITEM_PETAYA_BERRY	crush.powder	500
ITEM_PETAYA_BERRY	berryPic	BerryPic_Petaya
ITEM_PETAYA_BERRY	berryPal	BerryPalette_Petaya
ITEM_PETAYA_BERRY	treePicTable	PicTable_PomegBerryTree
ITEM_PETAYA_BERRY	treePicTable.frames	ObjectEventPic_BerryTreeDirtPile/size=128/relativeFrames=0;ObjectEventPic_BerryTreeSprout/size=128/relativeFrames=0;ObjectEventPic_BerryTreeSprout+0x80/size=128/relativeFrames=0;ObjectEventPic_PomegBerryTree/size=256/relativeFrames=0;ObjectEventPic_PomegBerryTree+0x100/size=256/relativeFrames=0;ObjectEventPic_PomegBerryTree+0x200/size=256/relativeFrames=0;ObjectEventPic_PomegBerryTree+0x300/size=256/relativeFrames=0;ObjectEventPic_PomegBerryTree+0x400/size=256/relativeFrames=0;ObjectEventPic_PomegBerryTree+0x500/size=256/relativeFrames=0
ITEM_PETAYA_BERRY	treePaletteSlotTable	BerryTreePaletteSlotTable_Pomeg
ITEM_PETAYA_BERRY	treePaletteSlotTable.bytes	03040302020202
ITEM_APICOT_BERRY	name[7]	bbe4ddd7e3e8ff
ITEM_APICOT_BERRY	firmness	3
ITEM_APICOT_BERRY	color	1
ITEM_APICOT_BERRY	size	75
ITEM_APICOT_BERRY	weedsBonus	0
ITEM_APICOT_BERRY	pestsBonus	2
ITEM_APICOT_BERRY	maxYield	6
ITEM_APICOT_BERRY	minYield	5
ITEM_APICOT_BERRY	waterBonus	2
ITEM_APICOT_BERRY	description1	bb00ead9e6ed00e1ede7e8dddaeddde2db00bcd9e6e6edad00c8e300e8d9e0e0dde2dbff
ITEM_APICOT_BERRY	description2	ebdcd5e800e1d5ed00dcd5e4e4d9e200e3e600dce3eb00dde800d7d5e200d6d900e9e7d9d8adff
ITEM_APICOT_BERRY	growthDuration	96
ITEM_APICOT_BERRY	spicy	0
ITEM_APICOT_BERRY	dry	40
ITEM_APICOT_BERRY	sweet	0
ITEM_APICOT_BERRY	bitter	0
ITEM_APICOT_BERRY	sour	40
ITEM_APICOT_BERRY	smoothness	80
ITEM_APICOT_BERRY	drainRate	4
ITEM_APICOT_BERRY	naturalGift.type	5
ITEM_APICOT_BERRY	naturalGift.power	100
ITEM_APICOT_BERRY	crush.difficulty	180
ITEM_APICOT_BERRY	crush.powder	500
ITEM_APICOT_BERRY	berryPic	BerryPic_Apicot
ITEM_APICOT_BERRY	berryPal	BerryPalette_Apicot
ITEM_APICOT_BERRY	treePicTable	PicTable_GrepaBerryTree
ITEM_APICOT_BERRY	treePicTable.frames	ObjectEventPic_BerryTreeDirtPile/size=128/relativeFrames=0;ObjectEventPic_BerryTreeSprout/size=128/relativeFrames=0;ObjectEventPic_BerryTreeSprout+0x80/size=128/relativeFrames=0;ObjectEventPic_GrepaBerryTree/size=256/relativeFrames=0;ObjectEventPic_GrepaBerryTree+0x100/size=256/relativeFrames=0;ObjectEventPic_GrepaBerryTree+0x200/size=256/relativeFrames=0;ObjectEventPic_GrepaBerryTree+0x300/size=256/relativeFrames=0;ObjectEventPic_GrepaBerryTree+0x400/size=256/relativeFrames=0;ObjectEventPic_GrepaBerryTree+0x500/size=256/relativeFrames=0
ITEM_APICOT_BERRY	treePaletteSlotTable	BerryTreePaletteSlotTable_Grepa
ITEM_APICOT_BERRY	treePaletteSlotTable.bytes	03040305050505
ITEM_LANSAT_BERRY	name[7]	c6d5e2e7d5e8ff
ITEM_LANSAT_BERRY	firmness	2
ITEM_LANSAT_BERRY	color	5
ITEM_LANSAT_BERRY	size	97
ITEM_LANSAT_BERRY	weedsBonus	0
ITEM_LANSAT_BERRY	pestsBonus	1
ITEM_LANSAT_BERRY	maxYield	6
ITEM_LANSAT_BERRY	minYield	5
ITEM_LANSAT_BERRY	waterBonus	1
ITEM_LANSAT_BERRY	description1	cdd5ddd800e8e300d6d900d500e0d9dbd9e2d8d5e6ed00bcd9e6e6edadff
ITEM_LANSAT_BERRY	description2	c2e3e0d8dde2db00dde800e7e9e4e4e3e7d9d8e0ed00d6e6dde2dbe700dee3edadff
ITEM_LANSAT_BERRY	growthDuration	96
ITEM_LANSAT_BERRY	spicy	10
ITEM_LANSAT_BERRY	dry	10
ITEM_LANSAT_BERRY	sweet	10
ITEM_LANSAT_BERRY	bitter	10
ITEM_LANSAT_BERRY	sour	10
ITEM_LANSAT_BERRY	smoothness	30
ITEM_LANSAT_BERRY	drainRate	4
ITEM_LANSAT_BERRY	naturalGift.type	3
ITEM_LANSAT_BERRY	naturalGift.power	100
ITEM_LANSAT_BERRY	crush.difficulty	200
ITEM_LANSAT_BERRY	crush.powder	750
ITEM_LANSAT_BERRY	berryPic	BerryPic_Lansat
ITEM_LANSAT_BERRY	berryPal	BerryPalette_Lansat
ITEM_LANSAT_BERRY	treePicTable	PicTable_LansatBerryTree
ITEM_LANSAT_BERRY	treePicTable.frames	ObjectEventPic_BerryTreeDirtPile/size=128/relativeFrames=0;ObjectEventPic_BerryTreeSprout/size=128/relativeFrames=0;ObjectEventPic_BerryTreeSprout+0x80/size=128/relativeFrames=0;ObjectEventPic_LansatBerryTree/size=256/relativeFrames=0;ObjectEventPic_LansatBerryTree+0x100/size=256/relativeFrames=0;ObjectEventPic_LansatBerryTree+0x200/size=256/relativeFrames=0;ObjectEventPic_LansatBerryTree+0x300/size=256/relativeFrames=0;ObjectEventPic_LansatBerryTree+0x400/size=256/relativeFrames=0;ObjectEventPic_LansatBerryTree+0x500/size=256/relativeFrames=0
ITEM_LANSAT_BERRY	treePaletteSlotTable	BerryTreePaletteSlotTable_Lansat
ITEM_LANSAT_BERRY	treePaletteSlotTable.bytes	03040205050505
ITEM_STARF_BERRY	name[7]	cde8d5e6daff00
ITEM_STARF_BERRY	firmness	5
ITEM_STARF_BERRY	color	3
ITEM_STARF_BERRY	size	153
ITEM_STARF_BERRY	weedsBonus	0
ITEM_STARF_BERRY	pestsBonus	1
ITEM_STARF_BERRY	maxYield	6
ITEM_STARF_BERRY	minYield	5
ITEM_STARF_BERRY	waterBonus	1
ITEM_STARF_BERRY	description1	cde300e7e8e6e3e2dbb800dde800ebd5e700d5d6d5e2d8e3e2d9d800d5e800e8dcd9ff
ITEM_STARF_BERRY	description2	ebe3e6e0d8b4e700d9d8dbd9ad00bde3e2e7ddd8d9e6d9d800d500e1dde6d5dbd9adff
ITEM_STARF_BERRY	growthDuration	96
ITEM_STARF_BERRY	spicy	10
ITEM_STARF_BERRY	dry	10
ITEM_STARF_BERRY	sweet	10
ITEM_STARF_BERRY	bitter	10
ITEM_STARF_BERRY	sour	10
ITEM_STARF_BERRY	smoothness	30
ITEM_STARF_BERRY	drainRate	4
ITEM_STARF_BERRY	naturalGift.type	15
ITEM_STARF_BERRY	naturalGift.power	100
ITEM_STARF_BERRY	crush.difficulty	200
ITEM_STARF_BERRY	crush.powder	750
ITEM_STARF_BERRY	berryPic	BerryPic_Starf
ITEM_STARF_BERRY	berryPal	BerryPalette_Starf
ITEM_STARF_BERRY	treePicTable	PicTable_CornnBerryTree
ITEM_STARF_BERRY	treePicTable.frames	ObjectEventPic_BerryTreeDirtPile/size=128/relativeFrames=0;ObjectEventPic_BerryTreeSprout/size=128/relativeFrames=0;ObjectEventPic_BerryTreeSprout+0x80/size=128/relativeFrames=0;ObjectEventPic_CornnBerryTree/size=256/relativeFrames=0;ObjectEventPic_CornnBerryTree+0x100/size=256/relativeFrames=0;ObjectEventPic_CornnBerryTree+0x200/size=256/relativeFrames=0;ObjectEventPic_CornnBerryTree+0x300/size=256/relativeFrames=0;ObjectEventPic_CornnBerryTree+0x400/size=256/relativeFrames=0;ObjectEventPic_CornnBerryTree+0x500/size=256/relativeFrames=0
ITEM_STARF_BERRY	treePaletteSlotTable	BerryTreePaletteSlotTable_Cornn
ITEM_STARF_BERRY	treePaletteSlotTable.bytes	03040205050505
ITEM_ENIGMA_BERRY	name[7]	bfe2dddbe1d5ff
ITEM_ENIGMA_BERRY	firmness	3
ITEM_ENIGMA_BERRY	color	4
ITEM_ENIGMA_BERRY	size	155
ITEM_ENIGMA_BERRY	weedsBonus	0
ITEM_ENIGMA_BERRY	pestsBonus	0
ITEM_ENIGMA_BERRY	maxYield	6
ITEM_ENIGMA_BERRY	minYield	5
ITEM_ENIGMA_BERRY	waterBonus	2
ITEM_ENIGMA_BERRY	description1	bb00d7e3e1e4e0d9e8d9e0ed00d9e2dddbe1d5e8ddd700bcd9e6e6edadff
ITEM_ENIGMA_BERRY	description2	bbe4e4d9d5e6e700e8e300dcd5ead900e8dcd900e4e3ebd9e600e3da00e7e8d5e6e7adff
ITEM_ENIGMA_BERRY	growthDuration	96
ITEM_ENIGMA_BERRY	spicy	40
ITEM_ENIGMA_BERRY	dry	10
ITEM_ENIGMA_BERRY	sweet	0
ITEM_ENIGMA_BERRY	bitter	0
ITEM_ENIGMA_BERRY	sour	0
ITEM_ENIGMA_BERRY	smoothness	60
ITEM_ENIGMA_BERRY	drainRate	7
ITEM_ENIGMA_BERRY	naturalGift.type	7
ITEM_ENIGMA_BERRY	naturalGift.power	100
ITEM_ENIGMA_BERRY	crush.difficulty	150
ITEM_ENIGMA_BERRY	crush.powder	200
ITEM_ENIGMA_BERRY	berryPic	BerryPic_Enigma
ITEM_ENIGMA_BERRY	berryPal	BerryPalette_Enigma
ITEM_ENIGMA_BERRY	treePicTable	PicTable_DurinBerryTree
ITEM_ENIGMA_BERRY	treePicTable.frames	ObjectEventPic_BerryTreeDirtPile/size=128/relativeFrames=0;ObjectEventPic_BerryTreeSprout/size=128/relativeFrames=0;ObjectEventPic_BerryTreeSprout+0x80/size=128/relativeFrames=0;ObjectEventPic_DurinBerryTree/size=256/relativeFrames=0;ObjectEventPic_DurinBerryTree+0x100/size=256/relativeFrames=0;ObjectEventPic_DurinBerryTree+0x200/size=256/relativeFrames=0;ObjectEventPic_DurinBerryTree+0x300/size=256/relativeFrames=0;ObjectEventPic_DurinBerryTree+0x400/size=256/relativeFrames=0;ObjectEventPic_DurinBerryTree+0x500/size=256/relativeFrames=0
ITEM_ENIGMA_BERRY	treePaletteSlotTable	BerryTreePaletteSlotTable_Durin
ITEM_ENIGMA_BERRY	treePaletteSlotTable.bytes	03040405050505
ITEM_MICLE_BERRY	name[7]	c7ddd7e0d9ff00
ITEM_MICLE_BERRY	firmness	2
ITEM_MICLE_BERRY	color	3
ITEM_MICLE_BERRY	size	41
ITEM_MICLE_BERRY	weedsBonus	0
ITEM_MICLE_BERRY	pestsBonus	0
ITEM_MICLE_BERRY	maxYield	2
ITEM_MICLE_BERRY	minYield	1
ITEM_MICLE_BERRY	waterBonus	2
ITEM_MICLE_BERRY	description1	c3e800e1d5dfd9e700e3e8dcd9e600dae3e3d800d9d5e8d9e200d5e800e8dcd9ff
ITEM_MICLE_BERRY	description2	e7d5e1d900e8dde1d900e8d5e7e8d900e7ebd9d9e8adff
ITEM_MICLE_BERRY	growthDuration	96
ITEM_MICLE_BERRY	spicy	0
ITEM_MICLE_BERRY	dry	40
ITEM_MICLE_BERRY	sweet	10
ITEM_MICLE_BERRY	bitter	0
ITEM_MICLE_BERRY	sour	0
ITEM_MICLE_BERRY	smoothness	60
ITEM_MICLE_BERRY	drainRate	7
ITEM_MICLE_BERRY	naturalGift.type	6
ITEM_MICLE_BERRY	naturalGift.power	100
ITEM_MICLE_BERRY	crush.difficulty	130
ITEM_MICLE_BERRY	crush.powder	250
ITEM_MICLE_BERRY	berryPic	BerryPic_Micle
ITEM_MICLE_BERRY	berryPal	BerryPalette_Micle
ITEM_MICLE_BERRY	treePicTable	PicTable_MicleBerryTree
ITEM_MICLE_BERRY	treePicTable.frames	ObjectEventPic_BerryTreeDirtPile/size=128/relativeFrames=0;ObjectEventPic_BerryTreeSprout/size=128/relativeFrames=0;ObjectEventPic_BerryTreeSprout+0x80/size=128/relativeFrames=0;ObjectEventPic_MicleBerryTree/size=256/relativeFrames=0;ObjectEventPic_MicleBerryTree+0x100/size=256/relativeFrames=0;ObjectEventPic_MicleBerryTree+0x200/size=256/relativeFrames=0;ObjectEventPic_MicleBerryTree+0x300/size=256/relativeFrames=0;ObjectEventPic_MicleBerryTree+0x400/size=256/relativeFrames=0;ObjectEventPic_MicleBerryTree+0x500/size=256/relativeFrames=0
ITEM_MICLE_BERRY	treePaletteSlotTable	BerryTreePaletteSlotTable_Micle
ITEM_MICLE_BERRY	treePaletteSlotTable.bytes	03040404040404
ITEM_CUSTAP_BERRY	name[7]	bde9e7e8d5e4ff
ITEM_CUSTAP_BERRY	firmness	5
ITEM_CUSTAP_BERRY	color	0
ITEM_CUSTAP_BERRY	size	267
ITEM_CUSTAP_BERRY	weedsBonus	0
ITEM_CUSTAP_BERRY	pestsBonus	0
ITEM_CUSTAP_BERRY	maxYield	2
ITEM_CUSTAP_BERRY	minYield	1
ITEM_CUSTAP_BERRY	waterBonus	2
ITEM_CUSTAP_BERRY	description1	cedcd900dae0d9e7dc00e9e2d8d9e6e2d9d5e8dc00e8dcd900bde9e7e8d5e4ff
ITEM_CUSTAP_BERRY	description2	bcd9e6e6edb4e700e7dfdde200dde700e7ebd9d9e800d5e2d800d7e6d9d5e1ed00e7e3dae8adff
ITEM_CUSTAP_BERRY	growthDuration	96
ITEM_CUSTAP_BERRY	spicy	0
ITEM_CUSTAP_BERRY	dry	0
ITEM_CUSTAP_BERRY	sweet	40
ITEM_CUSTAP_BERRY	bitter	10
ITEM_CUSTAP_BERRY	sour	0
ITEM_CUSTAP_BERRY	smoothness	60
ITEM_CUSTAP_BERRY	drainRate	7
ITEM_CUSTAP_BERRY	naturalGift.type	8
ITEM_CUSTAP_BERRY	naturalGift.power	100
ITEM_CUSTAP_BERRY	crush.difficulty	200
ITEM_CUSTAP_BERRY	crush.powder	750
ITEM_CUSTAP_BERRY	berryPic	BerryPic_Custap
ITEM_CUSTAP_BERRY	berryPal	BerryPalette_Custap
ITEM_CUSTAP_BERRY	treePicTable	PicTable_CustapBerryTree
ITEM_CUSTAP_BERRY	treePicTable.frames	ObjectEventPic_BerryTreeDirtPile/size=128/relativeFrames=0;ObjectEventPic_BerryTreeSprout/size=128/relativeFrames=0;ObjectEventPic_BerryTreeSprout+0x80/size=128/relativeFrames=0;ObjectEventPic_CustapBerryTree/size=256/relativeFrames=0;ObjectEventPic_CustapBerryTree+0x100/size=256/relativeFrames=0;ObjectEventPic_CustapBerryTree+0x200/size=256/relativeFrames=0;ObjectEventPic_CustapBerryTree+0x300/size=256/relativeFrames=0;ObjectEventPic_CustapBerryTree+0x400/size=256/relativeFrames=0;ObjectEventPic_CustapBerryTree+0x500/size=256/relativeFrames=0
ITEM_CUSTAP_BERRY	treePaletteSlotTable	BerryTreePaletteSlotTable_Custap
ITEM_CUSTAP_BERRY	treePaletteSlotTable.bytes	03040505050505
ITEM_JABOCA_BERRY	name[7]	c4d5d6e3d7d5ff
ITEM_JABOCA_BERRY	firmness	2
ITEM_JABOCA_BERRY	color	4
ITEM_JABOCA_BERRY	size	33
ITEM_JABOCA_BERRY	weedsBonus	0
ITEM_JABOCA_BERRY	pestsBonus	0
ITEM_JABOCA_BERRY	maxYield	2
ITEM_JABOCA_BERRY	minYield	1
ITEM_JABOCA_BERRY	waterBonus	2
ITEM_JABOCA_BERRY	description1	cedcd900d8e6e9e4d9e0d9e8e700e8dcd5e800e1d5dfd900e9e400e8dcdde700d6d9e6e6edff
ITEM_JABOCA_BERRY	description2	e4e3e400e6ede8dce1ddd7d5e0e0ed00ddda00dcd5e2d8e0d9d800e6e3e9dbdce0edadff
ITEM_JABOCA_BERRY	growthDuration	96
ITEM_JABOCA_BERRY	spicy	0
ITEM_JABOCA_BERRY	dry	0
ITEM_JABOCA_BERRY	sweet	0
ITEM_JABOCA_BERRY	bitter	40
ITEM_JABOCA_BERRY	sour	10
ITEM_JABOCA_BERRY	smoothness	60
ITEM_JABOCA_BERRY	drainRate	7
ITEM_JABOCA_BERRY	naturalGift.type	17
ITEM_JABOCA_BERRY	naturalGift.power	100
ITEM_JABOCA_BERRY	crush.difficulty	130
ITEM_JABOCA_BERRY	crush.powder	250
ITEM_JABOCA_BERRY	berryPic	BerryPic_Jaboca
ITEM_JABOCA_BERRY	berryPal	BerryPalette_Jaboca
ITEM_JABOCA_BERRY	treePicTable	PicTable_JabocaBerryTree
ITEM_JABOCA_BERRY	treePicTable.frames	ObjectEventPic_BerryTreeDirtPile/size=128/relativeFrames=0;ObjectEventPic_BerryTreeSprout/size=128/relativeFrames=0;ObjectEventPic_BerryTreeSprout+0x80/size=128/relativeFrames=0;ObjectEventPic_JabocaBerryTree/size=256/relativeFrames=0;ObjectEventPic_JabocaBerryTree+0x100/size=256/relativeFrames=0;ObjectEventPic_JabocaBerryTree+0x200/size=256/relativeFrames=0;ObjectEventPic_JabocaBerryTree+0x300/size=256/relativeFrames=0;ObjectEventPic_JabocaBerryTree+0x400/size=256/relativeFrames=0;ObjectEventPic_JabocaBerryTree+0x500/size=256/relativeFrames=0
ITEM_JABOCA_BERRY	treePaletteSlotTable	BerryTreePaletteSlotTable_Jaboca
ITEM_JABOCA_BERRY	treePaletteSlotTable.bytes	03040505050505
ITEM_ROWAP_BERRY	name[7]	cce3ebd5e4ff00
ITEM_ROWAP_BERRY	firmness	1
ITEM_ROWAP_BERRY	color	1
ITEM_ROWAP_BERRY	size	52
ITEM_ROWAP_BERRY	weedsBonus	0
ITEM_ROWAP_BERRY	pestsBonus	0
ITEM_ROWAP_BERRY	maxYield	2
ITEM_ROWAP_BERRY	minYield	1
ITEM_ROWAP_BERRY	waterBonus	2
ITEM_ROWAP_BERRY	description1	cad9e3e4e0d900e3e2d7d900ebe3e6dfd9d800e8e3e4aee7dcd5e4d9d800e4ddd9d7d9e7ff
ITEM_ROWAP_BERRY	description2	e3da00e8dcdde700d6d9e6e6ed00dae6d9d900e8e300e9e7d900d5e700e8e3ede7adff
ITEM_ROWAP_BERRY	growthDuration	96
ITEM_ROWAP_BERRY	spicy	10
ITEM_ROWAP_BERRY	dry	0
ITEM_ROWAP_BERRY	sweet	0
ITEM_ROWAP_BERRY	bitter	0
ITEM_ROWAP_BERRY	sour	40
ITEM_ROWAP_BERRY	smoothness	60
ITEM_ROWAP_BERRY	drainRate	7
ITEM_ROWAP_BERRY	naturalGift.type	18
ITEM_ROWAP_BERRY	naturalGift.power	100
ITEM_ROWAP_BERRY	crush.difficulty	130
ITEM_ROWAP_BERRY	crush.powder	250
ITEM_ROWAP_BERRY	berryPic	BerryPic_Rowap
ITEM_ROWAP_BERRY	berryPal	BerryPalette_Rowap
ITEM_ROWAP_BERRY	treePicTable	PicTable_RowapBerryTree
ITEM_ROWAP_BERRY	treePicTable.frames	ObjectEventPic_BerryTreeDirtPile/size=128/relativeFrames=0;ObjectEventPic_BerryTreeSprout/size=128/relativeFrames=0;ObjectEventPic_BerryTreeSprout+0x80/size=128/relativeFrames=0;ObjectEventPic_RowapBerryTree/size=256/relativeFrames=0;ObjectEventPic_RowapBerryTree+0x100/size=256/relativeFrames=0;ObjectEventPic_RowapBerryTree+0x200/size=256/relativeFrames=0;ObjectEventPic_RowapBerryTree+0x300/size=256/relativeFrames=0;ObjectEventPic_RowapBerryTree+0x400/size=256/relativeFrames=0;ObjectEventPic_RowapBerryTree+0x500/size=256/relativeFrames=0
ITEM_ROWAP_BERRY	treePaletteSlotTable	BerryTreePaletteSlotTable_Rowap
ITEM_ROWAP_BERRY	treePaletteSlotTable.bytes	03040505050505
ITEM_KEE_BERRY	name[7]	c5d9d9ff000000
ITEM_KEE_BERRY	firmness	0
ITEM_KEE_BERRY	color	5
ITEM_KEE_BERRY	size	0
ITEM_KEE_BERRY	weedsBonus	0
ITEM_KEE_BERRY	pestsBonus	2
ITEM_KEE_BERRY	maxYield	2
ITEM_KEE_BERRY	minYield	1
ITEM_KEE_BERRY	waterBonus	2
ITEM_KEE_BERRY	description1	bb00d6d9e6e6ed00e8dcd5e800dde700dde2d7e6d9d8ddd6e0ed00e7e4ddd7ed00d5e8ff
ITEM_KEE_BERRY	description2	dadde6e7e8b800e8dcd9e200d9ece8e6d9e1d9e0ed00d6dde8e8d9e6adff
ITEM_KEE_BERRY	growthDuration	96
ITEM_KEE_BERRY	spicy	30
ITEM_KEE_BERRY	dry	30
ITEM_KEE_BERRY	sweet	10
ITEM_KEE_BERRY	bitter	10
ITEM_KEE_BERRY	sour	10
ITEM_KEE_BERRY	smoothness	60
ITEM_KEE_BERRY	drainRate	7
ITEM_KEE_BERRY	naturalGift.type	19
ITEM_KEE_BERRY	naturalGift.power	100
ITEM_KEE_BERRY	crush.difficulty	160
ITEM_KEE_BERRY	crush.powder	500
ITEM_KEE_BERRY	berryPic	BerryPic_Kee
ITEM_KEE_BERRY	berryPal	BerryPalette_Kee
ITEM_KEE_BERRY	treePicTable	PicTable_PechaBerryTree
ITEM_KEE_BERRY	treePicTable.frames	ObjectEventPic_BerryTreeDirtPile/size=128/relativeFrames=0;ObjectEventPic_BerryTreeSprout/size=128/relativeFrames=0;ObjectEventPic_BerryTreeSprout+0x80/size=128/relativeFrames=0;ObjectEventPic_PechaBerryTree/size=256/relativeFrames=0;ObjectEventPic_PechaBerryTree+0x100/size=256/relativeFrames=0;ObjectEventPic_PechaBerryTree+0x200/size=256/relativeFrames=0;ObjectEventPic_PechaBerryTree+0x300/size=256/relativeFrames=0;ObjectEventPic_PechaBerryTree+0x400/size=256/relativeFrames=0;ObjectEventPic_PechaBerryTree+0x500/size=256/relativeFrames=0
ITEM_KEE_BERRY	treePaletteSlotTable	BerryTreePaletteSlotTable_Pecha
ITEM_KEE_BERRY	treePaletteSlotTable.bytes	03040405050505
ITEM_MARANGA_BERRY	name[7]	c7d5e6e2dbd5ff
ITEM_MARANGA_BERRY	firmness	0
ITEM_MARANGA_BERRY	color	4
ITEM_MARANGA_BERRY	size	0
ITEM_MARANGA_BERRY	weedsBonus	0
ITEM_MARANGA_BERRY	pestsBonus	2
ITEM_MARANGA_BERRY	maxYield	2
ITEM_MARANGA_BERRY	minYield	1
ITEM_MARANGA_BERRY	waterBonus	2
ITEM_MARANGA_BERRY	description1	c3e8e700e3e9e8e7ddd8d900dde700ead9e6ed00d6dde8e8d9e6b800d6e9e800dde8e7ff
ITEM_MARANGA_BERRY	description2	dde2e7ddd8d900e8d5e7e8d9e700e0dddfd900d500e7ebd9d9e800d8e6dde2dfadff
ITEM_MARANGA_BERRY	growthDuration	96
ITEM_MARANGA_BERRY	spicy	10
ITEM_MARANGA_BERRY	dry	10
ITEM_MARANGA_BERRY	sweet	30
ITEM_MARANGA_BERRY	bitter	30
ITEM_MARANGA_BERRY	sour	10
ITEM_MARANGA_BERRY	smoothness	60
ITEM_MARANGA_BERRY	drainRate	7
ITEM_MARANGA_BERRY	naturalGift.type	18
ITEM_MARANGA_BERRY	naturalGift.power	100
ITEM_MARANGA_BERRY	crush.difficulty	160
ITEM_MARANGA_BERRY	crush.powder	500
ITEM_MARANGA_BERRY	berryPic	BerryPic_Maranga
ITEM_MARANGA_BERRY	berryPal	BerryPalette_Maranga
ITEM_MARANGA_BERRY	treePicTable	PicTable_OccaBerryTree
ITEM_MARANGA_BERRY	treePicTable.frames	ObjectEventPic_BerryTreeDirtPile/size=128/relativeFrames=0;ObjectEventPic_BerryTreeSprout/size=128/relativeFrames=0;ObjectEventPic_BerryTreeSprout+0x80/size=128/relativeFrames=0;ObjectEventPic_OccaBerryTree/size=256/relativeFrames=0;ObjectEventPic_OccaBerryTree+0x100/size=256/relativeFrames=0;ObjectEventPic_OccaBerryTree+0x200/size=256/relativeFrames=0;ObjectEventPic_OccaBerryTree+0x300/size=256/relativeFrames=0;ObjectEventPic_OccaBerryTree+0x400/size=256/relativeFrames=0;ObjectEventPic_OccaBerryTree+0x500/size=256/relativeFrames=0
ITEM_MARANGA_BERRY	treePaletteSlotTable	BerryTreePaletteSlotTable_Occa
ITEM_MARANGA_BERRY	treePaletteSlotTable.bytes	03040404040404
ITEM_ENIGMA_BERRY_E_READER	name[7]	bfe2dddbe1d5ff
ITEM_ENIGMA_BERRY_E_READER	firmness	0
ITEM_ENIGMA_BERRY_E_READER	color	2
ITEM_ENIGMA_BERRY_E_READER	size	0
ITEM_ENIGMA_BERRY_E_READER	weedsBonus	0
ITEM_ENIGMA_BERRY_E_READER	pestsBonus	0
ITEM_ENIGMA_BERRY_E_READER	maxYield	2
ITEM_ENIGMA_BERRY_E_READER	minYield	1
ITEM_ENIGMA_BERRY_E_READER	waterBonus	2
ITEM_ENIGMA_BERRY_E_READER	description1	bb00d7e3e1e4e0d9e8d9e0ed00d9e2dddbe1d5e8ddd700bcd9e6e6edadff
ITEM_ENIGMA_BERRY_E_READER	description2	bbe4e4d9d5e6e700e8e300dcd5ead900e8dcd900e4e3ebd9e600e3da00e7e8d5e6e7adff
ITEM_ENIGMA_BERRY_E_READER	growthDuration	96
ITEM_ENIGMA_BERRY_E_READER	spicy	40
ITEM_ENIGMA_BERRY_E_READER	dry	40
ITEM_ENIGMA_BERRY_E_READER	sweet	40
ITEM_ENIGMA_BERRY_E_READER	bitter	40
ITEM_ENIGMA_BERRY_E_READER	sour	40
ITEM_ENIGMA_BERRY_E_READER	smoothness	40
ITEM_ENIGMA_BERRY_E_READER	drainRate	7
ITEM_ENIGMA_BERRY_E_READER	naturalGift.type	OOB
ITEM_ENIGMA_BERRY_E_READER	naturalGift.power	OOB
ITEM_ENIGMA_BERRY_E_READER	crush.difficulty	150
ITEM_ENIGMA_BERRY_E_READER	crush.powder	200
ITEM_ENIGMA_BERRY_E_READER	berryPic	BerryPic_Enigma
ITEM_ENIGMA_BERRY_E_READER	berryPal	BerryPalette_Enigma
ITEM_ENIGMA_BERRY_E_READER	treePicTable	PicTable_DurinBerryTree
ITEM_ENIGMA_BERRY_E_READER	treePicTable.frames	ObjectEventPic_BerryTreeDirtPile/size=128/relativeFrames=0;ObjectEventPic_BerryTreeSprout/size=128/relativeFrames=0;ObjectEventPic_BerryTreeSprout+0x80/size=128/relativeFrames=0;ObjectEventPic_DurinBerryTree/size=256/relativeFrames=0;ObjectEventPic_DurinBerryTree+0x100/size=256/relativeFrames=0;ObjectEventPic_DurinBerryTree+0x200/size=256/relativeFrames=0;ObjectEventPic_DurinBerryTree+0x300/size=256/relativeFrames=0;ObjectEventPic_DurinBerryTree+0x400/size=256/relativeFrames=0;ObjectEventPic_DurinBerryTree+0x500/size=256/relativeFrames=0
ITEM_ENIGMA_BERRY_E_READER	treePaletteSlotTable	BerryTreePaletteSlotTable_Durin
ITEM_ENIGMA_BERRY_E_READER	treePaletteSlotTable.bytes	03040405050505
