트레이너	Q1 배치	Q1 필요 변경	이름 전	이름 후	클래스 전	클래스 후	표시명 전	표시명 후	동작 클래스(후)	그림 전	그림 후	그림 내용 변경(같은 ID)	성별 전	성별 후	바뀐 것
TRAINER_SAWYER_1_HNS	미배치(참조 없음)	제외(미배치 — 데이터 유지)	SAWYER	SAWYER	TRAINER_CLASS_HIKER_HNS	TRAINER_CLASS_HIKER_HNS	HIKER	등산가		TRAINER_PIC_HIKER	TRAINER_PIC_HIKER		Male	Male	표시명
TRAINER_ROSS_HNS	배치(맵 오브젝트)	클래스+그림 변경(SoulGold 그림 가져온 뒤)	ROSS	아름	TRAINER_CLASS_COLLECTOR_HNS	TRAINER_CLASS_SCIENTIST_HNS	COLLECTOR	괴짜 연구원	TRAINER_CLASS_COLLECTOR_HNS	TRAINER_PIC_COLLECTOR	TRAINER_PIC_SCIENTIST_HNS		Male	Male	이름,클래스,표시명,그림 ID
TRAINER_MITCH_HNS	배치(맵 오브젝트)	클래스+그림 변경(SoulGold 그림 가져온 뒤)	MITCH	신광	TRAINER_CLASS_COLLECTOR_HNS	TRAINER_CLASS_SCIENTIST_HNS	COLLECTOR	괴짜 연구원	TRAINER_CLASS_COLLECTOR_HNS	TRAINER_PIC_COLLECTOR	TRAINER_PIC_SCIENTIST_HNS		Male	Male	이름,클래스,표시명,그림 ID
TRAINER_JED_HNS	배치(맵 오브젝트)	클래스+그림 변경(SoulGold 그림 가져온 뒤)	JED	등남	TRAINER_CLASS_COLLECTOR_HNS	TRAINER_CLASS_SCIENTIST_HNS	COLLECTOR	괴짜 연구원	TRAINER_CLASS_COLLECTOR_HNS	TRAINER_PIC_COLLECTOR	TRAINER_PIC_SCIENTIST_HNS		Male	Male	이름,클래스,표시명,그림 ID
TRAINER_MARC_HNS	배치(맵 오브젝트)	클래스+그림 변경(SoulGold 그림 가져온 뒤)	MARC	금남	TRAINER_CLASS_COLLECTOR_HNS	TRAINER_CLASS_SCIENTIST_HNS	COLLECTOR	괴짜 연구원	TRAINER_CLASS_COLLECTOR_HNS	TRAINER_PIC_COLLECTOR	TRAINER_PIC_SCIENTIST_HNS		Male	Male	이름,클래스,표시명,그림 ID
TRAINER_RICH_HNS	배치(맵 오브젝트)	클래스+그림 변경(SoulGold 그림 가져온 뒤)	RICH	태진	TRAINER_CLASS_COLLECTOR_HNS	TRAINER_CLASS_SCIENTIST_HNS	COLLECTOR	괴짜 연구원	TRAINER_CLASS_COLLECTOR_HNS	TRAINER_PIC_COLLECTOR	TRAINER_PIC_SCIENTIST_HNS		Male	Male	이름,클래스,표시명,그림 ID
TRAINER_JOEY_HNS	배치(맵 오브젝트)	변경 없음	JOEY	오성	TRAINER_CLASS_YOUNGSTER_HNS	TRAINER_CLASS_YOUNGSTER_HNS	YOUNGSTER	반바지 꼬마		TRAINER_PIC_YOUNGSTER_HNS	TRAINER_PIC_YOUNGSTER_HNS		Male	Male	이름,표시명
TRAINER_MIKEY_HNS	배치(맵 오브젝트)	변경 없음	MIKEY	강철	TRAINER_CLASS_YOUNGSTER_HNS	TRAINER_CLASS_YOUNGSTER_HNS	YOUNGSTER	반바지 꼬마		TRAINER_PIC_YOUNGSTER_HNS	TRAINER_PIC_YOUNGSTER_HNS		Male	Male	이름,표시명
TRAINER_ALBERT_HNS	배치(맵 오브젝트)	변경 없음	ALBERT	정수	TRAINER_CLASS_YOUNGSTER_HNS	TRAINER_CLASS_YOUNGSTER_HNS	YOUNGSTER	반바지 꼬마		TRAINER_PIC_YOUNGSTER_HNS	TRAINER_PIC_YOUNGSTER_HNS		Male	Male	이름,표시명
TRAINER_GORDON_HNS	배치(맵 오브젝트)	변경 없음	GORDON	정륭	TRAINER_CLASS_YOUNGSTER_HNS	TRAINER_CLASS_YOUNGSTER_HNS	YOUNGSTER	반바지 꼬마		TRAINER_PIC_YOUNGSTER_HNS	TRAINER_PIC_YOUNGSTER_HNS		Male	Male	이름,표시명
TRAINER_SAMUEL_HNS	배치(맵 오브젝트)	변경 없음	SAMUEL	동석	TRAINER_CLASS_YOUNGSTER_HNS	TRAINER_CLASS_YOUNGSTER_HNS	YOUNGSTER	반바지 꼬마		TRAINER_PIC_YOUNGSTER_HNS	TRAINER_PIC_YOUNGSTER_HNS		Male	Male	이름,표시명
TRAINER_IAN_HNS	배치(맵 오브젝트)	변경 없음	IAN	장영	TRAINER_CLASS_YOUNGSTER_HNS	TRAINER_CLASS_YOUNGSTER_HNS	YOUNGSTER	반바지 꼬마		TRAINER_PIC_YOUNGSTER_HNS	TRAINER_PIC_YOUNGSTER_HNS		Male	Male	이름,표시명
TRAINER_WARREN_HNS	배치(맵 오브젝트)	변경 없음	WARREN	광수	TRAINER_CLASS_YOUNGSTER_HNS	TRAINER_CLASS_YOUNGSTER_HNS	YOUNGSTER	반바지 꼬마		TRAINER_PIC_YOUNGSTER_HNS	TRAINER_PIC_YOUNGSTER_HNS		Male	Male	이름,표시명
TRAINER_JIMMY_HNS	배치(맵 오브젝트)	변경 없음	JIMMY	건아	TRAINER_CLASS_YOUNGSTER_HNS	TRAINER_CLASS_YOUNGSTER_HNS	YOUNGSTER	반바지 꼬마		TRAINER_PIC_YOUNGSTER_HNS	TRAINER_PIC_YOUNGSTER_HNS		Male	Male	이름,표시명
TRAINER_OWEN_HNS	배치(맵 오브젝트)	변경 없음	OWEN	광준	TRAINER_CLASS_YOUNGSTER_HNS	TRAINER_CLASS_YOUNGSTER_HNS	YOUNGSTER	반바지 꼬마		TRAINER_PIC_YOUNGSTER_HNS	TRAINER_PIC_YOUNGSTER_HNS		Male	Male	이름,표시명
TRAINER_JASON_HNS	배치(맵 오브젝트)	변경 없음	JASON	비영	TRAINER_CLASS_YOUNGSTER_HNS	TRAINER_CLASS_YOUNGSTER_HNS	YOUNGSTER	반바지 꼬마		TRAINER_PIC_YOUNGSTER_HNS	TRAINER_PIC_YOUNGSTER_HNS		Male	Male	이름,표시명
TRAINER_JACK_HNS	배치(맵 오브젝트)	그림 보류(원작 그림 없음)	JACK	일수	TRAINER_CLASS_SCHOOL_KID_HNS	TRAINER_CLASS_SCHOOL_KID_HNS	SCHOOL KID	학원 끝난 아이		TRAINER_PIC_SCHOOL_KID_M	TRAINER_PIC_SCHOOL_KID_M		Male	Male	이름,표시명
TRAINER_KIPP_HNS	배치(맵 오브젝트)	그림 보류(원작 그림 없음)	KIPP	지선	TRAINER_CLASS_SCHOOL_KID_HNS	TRAINER_CLASS_SCHOOL_KID_HNS	SCHOOL KID	학원 끝난 아이		TRAINER_PIC_SCHOOL_KID_M	TRAINER_PIC_SCHOOL_KID_M		Male	Male	이름,표시명
TRAINER_ALAN_HNS	배치(맵 오브젝트)	그림 보류(원작 그림 없음)	ALAN	다움	TRAINER_CLASS_SCHOOL_KID_HNS	TRAINER_CLASS_SCHOOL_KID_HNS	SCHOOL KID	학원 끝난 아이		TRAINER_PIC_SCHOOL_KID_M	TRAINER_PIC_SCHOOL_KID_M		Male	Male	이름,표시명
TRAINER_JOHNNY_HNS	배치(맵 오브젝트)	그림 보류(원작 그림 없음)	JOHNNY	너우리	TRAINER_CLASS_SCHOOL_KID_HNS	TRAINER_CLASS_SCHOOL_KID_HNS	SCHOOL KID	학원 끝난 아이		TRAINER_PIC_SCHOOL_KID_M	TRAINER_PIC_SCHOOL_KID_M		Male	Male	이름,표시명
TRAINER_DANNY_HNS	배치(맵 오브젝트)	그림 보류(원작 그림 없음)	DANNY	만수	TRAINER_CLASS_SCHOOL_KID_HNS	TRAINER_CLASS_SCHOOL_KID_HNS	SCHOOL KID	학원 끝난 아이		TRAINER_PIC_SCHOOL_KID_M	TRAINER_PIC_SCHOOL_KID_M		Male	Male	이름,표시명
TRAINER_TOMMY_HNS	배치(맵 오브젝트)	그림 보류(원작 그림 없음)	TOMMY	영일	TRAINER_CLASS_SCHOOL_KID_HNS	TRAINER_CLASS_SCHOOL_KID_HNS	SCHOOL KID	학원 끝난 아이		TRAINER_PIC_SCHOOL_KID_M	TRAINER_PIC_SCHOOL_KID_M		Male	Male	이름,표시명
TRAINER_DUDLEY_HNS	배치(맵 오브젝트)	그림 보류(원작 그림 없음)	DUDLEY	검웅	TRAINER_CLASS_SCHOOL_KID_HNS	TRAINER_CLASS_SCHOOL_KID_HNS	SCHOOL KID	학원 끝난 아이		TRAINER_PIC_SCHOOL_KID_M	TRAINER_PIC_SCHOOL_KID_M		Male	Male	이름,표시명
TRAINER_JOE_HNS	배치(맵 오브젝트)	그림 보류(원작 그림 없음)	JOE	진한	TRAINER_CLASS_SCHOOL_KID_HNS	TRAINER_CLASS_SCHOOL_KID_HNS	SCHOOL KID	학원 끝난 아이		TRAINER_PIC_SCHOOL_KID_M	TRAINER_PIC_SCHOOL_KID_M		Male	Male	이름,표시명
TRAINER_BILLY_HNS	배치(맵 오브젝트)	그림 보류(원작 그림 없음)	BILLY	찬희	TRAINER_CLASS_SCHOOL_KID_HNS	TRAINER_CLASS_SCHOOL_KID_HNS	SCHOOL KID	학원 끝난 아이		TRAINER_PIC_SCHOOL_KID_M	TRAINER_PIC_SCHOOL_KID_M		Male	Male	이름,표시명
TRAINER_CHAD_HNS	배치(맵 오브젝트)	그림 보류(원작 그림 없음)	CHAD	규호	TRAINER_CLASS_SCHOOL_KID_HNS	TRAINER_CLASS_SCHOOL_KID_HNS	SCHOOL KID	학원 끝난 아이		TRAINER_PIC_SCHOOL_KID_M	TRAINER_PIC_SCHOOL_KID_M		Male	Male	이름,표시명
TRAINER_NATE_HNS	배치(맵 오브젝트)	그림 보류(원작 그림 없음)	NATE	주홍	TRAINER_CLASS_SCHOOL_KID_HNS	TRAINER_CLASS_SCHOOL_KID_HNS	SCHOOL KID	학원 끝난 아이		TRAINER_PIC_SCHOOL_KID_M	TRAINER_PIC_SCHOOL_KID_M		Male	Male	이름,표시명
TRAINER_RICKY_HNS	배치(맵 오브젝트)	그림 보류(원작 그림 없음)	RICKY	가람	TRAINER_CLASS_SCHOOL_KID_HNS	TRAINER_CLASS_SCHOOL_KID_HNS	SCHOOL KID	학원 끝난 아이		TRAINER_PIC_SCHOOL_KID_M	TRAINER_PIC_SCHOOL_KID_M		Male	Male	이름,표시명
TRAINER_ROD_HNS	배치(맵 오브젝트)	그림 보류(원작 그림 없음)	ROD	날개	TRAINER_CLASS_BIRD_KEEPER_HNS	TRAINER_CLASS_BIRD_KEEPER_HNS	BIRD KEEPER	새 조련사		TRAINER_PIC_BIRD_KEEPER	TRAINER_PIC_BIRD_KEEPER		Male	Male	이름,표시명
TRAINER_ABE_HNS	배치(맵 오브젝트)	그림 보류(원작 그림 없음)	ABE	소룡	TRAINER_CLASS_BIRD_KEEPER_HNS	TRAINER_CLASS_BIRD_KEEPER_HNS	BIRD KEEPER	새 조련사		TRAINER_PIC_BIRD_KEEPER	TRAINER_PIC_BIRD_KEEPER		Male	Male	이름,표시명
TRAINER_BRYAN_HNS	배치(맵 오브젝트)	그림 보류(원작 그림 없음)	BRYAN	량희	TRAINER_CLASS_BIRD_KEEPER_HNS	TRAINER_CLASS_BIRD_KEEPER_HNS	BIRD KEEPER	새 조련사		TRAINER_PIC_BIRD_KEEPER	TRAINER_PIC_BIRD_KEEPER		Male	Male	이름,표시명
TRAINER_THEO_HNS	배치(맵 오브젝트)	그림 보류(원작 그림 없음)	THEO	국환	TRAINER_CLASS_BIRD_KEEPER_HNS	TRAINER_CLASS_BIRD_KEEPER_HNS	BIRD KEEPER	새 조련사		TRAINER_PIC_BIRD_KEEPER	TRAINER_PIC_BIRD_KEEPER		Male	Male	이름,표시명
TRAINER_TOBY_HNS	배치(맵 오브젝트)	그림 보류(원작 그림 없음)	TOBY	춘수	TRAINER_CLASS_BIRD_KEEPER_HNS	TRAINER_CLASS_BIRD_KEEPER_HNS	BIRD KEEPER	새 조련사		TRAINER_PIC_BIRD_KEEPER	TRAINER_PIC_BIRD_KEEPER		Male	Male	이름,표시명
TRAINER_DENIS_HNS	배치(맵 오브젝트)	그림 보류(원작 그림 없음)	DENIS	명기	TRAINER_CLASS_BIRD_KEEPER_HNS	TRAINER_CLASS_BIRD_KEEPER_HNS	BIRD KEEPER	새 조련사		TRAINER_PIC_BIRD_KEEPER	TRAINER_PIC_BIRD_KEEPER		Male	Male	이름,표시명
TRAINER_VANCE_HNS	배치(맵 오브젝트)	그림 보류(원작 그림 없음)	VANCE	소홍	TRAINER_CLASS_BIRD_KEEPER_HNS	TRAINER_CLASS_BIRD_KEEPER_HNS	BIRD KEEPER	새 조련사		TRAINER_PIC_BIRD_KEEPER	TRAINER_PIC_BIRD_KEEPER		Male	Male	이름,표시명
TRAINER_HANK_HNS	배치(맵 오브젝트)	그림 보류(원작 그림 없음)	HANK	하늘	TRAINER_CLASS_BIRD_KEEPER_HNS	TRAINER_CLASS_BIRD_KEEPER_HNS	BIRD KEEPER	새 조련사		TRAINER_PIC_BIRD_KEEPER	TRAINER_PIC_BIRD_KEEPER		Male	Male	이름,표시명
TRAINER_ROY_HNS	배치(맵 오브젝트)	클래스 변경 + 그림 보류	ROY	웅진	TRAINER_CLASS_BIKER_HNS	TRAINER_CLASS_BIRD_KEEPER_HNS	BIKER	새 조련사	TRAINER_CLASS_BIKER_HNS	TRAINER_PIC_BIKER_HNS	TRAINER_PIC_BIKER_HNS		Male	Male	이름,클래스,표시명
TRAINER_BORIS_HNS	배치(맵 오브젝트)	그림 보류(원작 그림 없음)	BORIS	정일	TRAINER_CLASS_BIRD_KEEPER_HNS	TRAINER_CLASS_BIRD_KEEPER_HNS	BIRD KEEPER	새 조련사		TRAINER_PIC_BIRD_KEEPER	TRAINER_PIC_BIRD_KEEPER		Male	Male	이름,표시명
TRAINER_BOB_HNS	배치(맵 오브젝트)	그림 보류(원작 그림 없음)	BOB	영호	TRAINER_CLASS_BIRD_KEEPER_HNS	TRAINER_CLASS_BIRD_KEEPER_HNS	BIRD KEEPER	새 조련사		TRAINER_PIC_BIRD_KEEPER	TRAINER_PIC_BIRD_KEEPER		Male	Male	이름,표시명
TRAINER_JOSE_HNS	배치(맵 오브젝트)	그림 보류(원작 그림 없음)	JOSE	영진	TRAINER_CLASS_BIRD_KEEPER_HNS	TRAINER_CLASS_BIRD_KEEPER_HNS	BIRD KEEPER	새 조련사		TRAINER_PIC_BIRD_KEEPER	TRAINER_PIC_BIRD_KEEPER		Male	Male	이름,표시명
TRAINER_PETER_HNS	배치(맵 오브젝트)	그림 보류(원작 그림 없음)	PETER	선정	TRAINER_CLASS_BIRD_KEEPER_HNS	TRAINER_CLASS_BIRD_KEEPER_HNS	BIRD KEEPER	새 조련사		TRAINER_PIC_BIRD_KEEPER	TRAINER_PIC_BIRD_KEEPER		Male	Male	이름,표시명
TRAINER_PERRY_HNS	배치(맵 오브젝트)	그림 보류(원작 그림 없음)	PERRY	기선	TRAINER_CLASS_BIRD_KEEPER_HNS	TRAINER_CLASS_BIRD_KEEPER_HNS	BIRD KEEPER	새 조련사		TRAINER_PIC_BIRD_KEEPER	TRAINER_PIC_BIRD_KEEPER		Male	Male	이름,표시명
TRAINER_BRET_HNS	배치(맵 오브젝트)	클래스 변경 + 그림 보류	BRET	철산	TRAINER_CLASS_JUGGLER_HNS	TRAINER_CLASS_BIRD_KEEPER_HNS	JUGGLER	새 조련사	TRAINER_CLASS_JUGGLER_HNS	TRAINER_PIC_JUGGLER_HNS	TRAINER_PIC_JUGGLER_HNS		Male	Male	이름,클래스,표시명
TRAINER_CARRIE_HNS	배치(맵 오브젝트)	변경 없음	CARRIE	미카	TRAINER_CLASS_LASS_HNS	TRAINER_CLASS_LASS_HNS	LASS	짧은 치마		TRAINER_PIC_LASS	TRAINER_PIC_LASS		Male	Female	이름,표시명,성별
TRAINER_BRIDGET_HNS	배치(맵 오브젝트)	변경 없음	BRIDGET	아스카	TRAINER_CLASS_LASS_HNS	TRAINER_CLASS_LASS_HNS	LASS	짧은 치마		TRAINER_PIC_LASS	TRAINER_PIC_LASS		Male	Female	이름,표시명,성별
TRAINER_ALICE_HNS	배치(맵 오브젝트)	변경 없음	ALICE	지혜	TRAINER_CLASS_LASS_HNS	TRAINER_CLASS_LASS_HNS	LASS	짧은 치마		TRAINER_PIC_LASS	TRAINER_PIC_LASS		Male	Female	이름,표시명,성별
TRAINER_KRISE_HNS	배치(맵 오브젝트)	변경 없음	KRISE	희아	TRAINER_CLASS_LASS_HNS	TRAINER_CLASS_LASS_HNS	LASS	짧은 치마		TRAINER_PIC_LASS	TRAINER_PIC_LASS		Male	Female	이름,표시명,성별
TRAINER_CONNIE_HNS	배치(맵 오브젝트)	변경 없음	CONNIE	레미	TRAINER_CLASS_LASS_HNS	TRAINER_CLASS_LASS_HNS	LASS	짧은 치마		TRAINER_PIC_LASS	TRAINER_PIC_LASS		Male	Female	이름,표시명,성별
TRAINER_LINDA_HNS	배치(맵 오브젝트)	변경 없음	LINDA	추희	TRAINER_CLASS_LASS_HNS	TRAINER_CLASS_LASS_HNS	LASS	짧은 치마		TRAINER_PIC_LASS	TRAINER_PIC_LASS		Male	Female	이름,표시명,성별
TRAINER_LAURA_HNS	배치(맵 오브젝트)	변경 없음	LAURA	미나	TRAINER_CLASS_LASS_HNS	TRAINER_CLASS_LASS_HNS	LASS	짧은 치마		TRAINER_PIC_LASS	TRAINER_PIC_LASS		Male	Female	이름,표시명,성별
TRAINER_SHANNON_HNS	배치(맵 오브젝트)	변경 없음	SHANNON	혜지	TRAINER_CLASS_LASS_HNS	TRAINER_CLASS_LASS_HNS	LASS	짧은 치마		TRAINER_PIC_LASS	TRAINER_PIC_LASS		Male	Female	이름,표시명,성별
TRAINER_MICHELLE_HNS	배치(맵 오브젝트)	변경 없음	MICHELLE	유미	TRAINER_CLASS_LASS_HNS	TRAINER_CLASS_LASS_HNS	LASS	짧은 치마		TRAINER_PIC_LASS	TRAINER_PIC_LASS		Male	Female	이름,표시명,성별
TRAINER_DANA_HNS	배치(맵 오브젝트)	변경 없음	DANA	이화	TRAINER_CLASS_LASS_HNS	TRAINER_CLASS_LASS_HNS	LASS	짧은 치마		TRAINER_PIC_LASS	TRAINER_PIC_LASS		Male	Female	이름,표시명,성별
TRAINER_ELLEN_HNS	배치(맵 오브젝트)	변경 없음	ELLEN	유나	TRAINER_CLASS_LASS_HNS	TRAINER_CLASS_LASS_HNS	LASS	짧은 치마		TRAINER_PIC_LASS	TRAINER_PIC_LASS		Male	Female	이름,표시명,성별
TRAINER_NICK_HNS	배치(맵 오브젝트)	그림 보류(원작 그림 없음)	NICK	켄	TRAINER_CLASS_COOLTRAINER_HNS	TRAINER_CLASS_COOLTRAINER_HNS	COOLTRAINER	엘리트 트레이너		TRAINER_PIC_COOLTRAINER_M	TRAINER_PIC_COOLTRAINER_M_HGSS_HNS		Male	Male	이름,표시명,그림 ID
TRAINER_AARON_HNS	배치(맵 오브젝트)	그림 보류(원작 그림 없음)	AARON	유성	TRAINER_CLASS_COOLTRAINER_HNS	TRAINER_CLASS_COOLTRAINER_HNS	COOLTRAINER	엘리트 트레이너		TRAINER_PIC_COOLTRAINER_M	TRAINER_PIC_COOLTRAINER_M_HGSS_HNS		Male	Male	이름,표시명,그림 ID
TRAINER_PAUL_HNS	배치(맵 오브젝트)	클래스 변경 + 그림 보류	PAUL	승우	TRAINER_CLASS_DRAGON_TAMER_HNS	TRAINER_CLASS_COOLTRAINER_HNS	DRAGON TAMER	엘리트 트레이너	TRAINER_CLASS_DRAGON_TAMER_HNS	TRAINER_PIC_DRAGON_TAMER	TRAINER_PIC_COOLTRAINER_M_HGSS_HNS		Male	Male	이름,클래스,표시명,그림 ID
TRAINER_CODY_HNS	배치(맵 오브젝트)	클래스 변경 + 그림 보류	CODY	지수	TRAINER_CLASS_DRAGON_TAMER_HNS	TRAINER_CLASS_COOLTRAINER_HNS	DRAGON TAMER	엘리트 트레이너	TRAINER_CLASS_DRAGON_TAMER_HNS	TRAINER_PIC_DRAGON_TAMER	TRAINER_PIC_COOLTRAINER_M_HGSS_HNS		Male	Male	이름,클래스,표시명,그림 ID
TRAINER_MIKE_HNS	배치(맵 오브젝트)	클래스 변경 + 그림 보류	MIKE	대철	TRAINER_CLASS_DRAGON_TAMER_HNS	TRAINER_CLASS_COOLTRAINER_HNS	DRAGON TAMER	엘리트 트레이너	TRAINER_CLASS_DRAGON_TAMER_HNS	TRAINER_PIC_DRAGON_TAMER	TRAINER_PIC_COOLTRAINER_M_HGSS_HNS		Male	Male	이름,클래스,표시명,그림 ID
TRAINER_GAVEN_HNS	배치(맵 오브젝트)	그림 보류(원작 그림 없음)	GAVEN	준영	TRAINER_CLASS_COOLTRAINER_HNS	TRAINER_CLASS_COOLTRAINER_HNS	COOLTRAINER	엘리트 트레이너		TRAINER_PIC_COOLTRAINER_M	TRAINER_PIC_COOLTRAINER_M_HGSS_HNS		Male	Male	이름,표시명,그림 ID
TRAINER_RYAN_HNS	배치(맵 오브젝트)	그림 보류(원작 그림 없음)	RYAN	용감	TRAINER_CLASS_COOLTRAINER_HNS	TRAINER_CLASS_COOLTRAINER_HNS	COOLTRAINER	엘리트 트레이너		TRAINER_PIC_COOLTRAINER_M	TRAINER_PIC_COOLTRAINER_M_HGSS_HNS		Male	Male	이름,표시명,그림 ID
TRAINER_JAKE_HNS	배치(맵 오브젝트)	그림 보류(원작 그림 없음)	JAKE	용기	TRAINER_CLASS_COOLTRAINER_HNS	TRAINER_CLASS_COOLTRAINER_HNS	COOLTRAINER	엘리트 트레이너		TRAINER_PIC_COOLTRAINER_M	TRAINER_PIC_COOLTRAINER_M_HGSS_HNS		Male	Male	이름,표시명,그림 ID
TRAINER_BLAKE_HNS	배치(맵 오브젝트)	그림 보류(원작 그림 없음)	BLAKE	복길	TRAINER_CLASS_COOLTRAINER_HNS	TRAINER_CLASS_COOLTRAINER_HNS	COOLTRAINER	엘리트 트레이너		TRAINER_PIC_COOLTRAINER_M	TRAINER_PIC_COOLTRAINER_M_HGSS_HNS		Male	Male	이름,표시명,그림 ID
TRAINER_BRIAN_HNS	배치(맵 오브젝트)	그림 보류(원작 그림 없음)	BRIAN	한미남	TRAINER_CLASS_COOLTRAINER_HNS	TRAINER_CLASS_COOLTRAINER_HNS	COOLTRAINER	엘리트 트레이너		TRAINER_PIC_COOLTRAINER_M	TRAINER_PIC_COOLTRAINER_M_HGSS_HNS		Male	Male	이름,표시명,그림 ID
TRAINER_ERICK_HNS	미배치(참조 없음)	제외(미배치 — 데이터 유지)	ERICK	ERICK	TRAINER_CLASS_COOLTRAINER_HNS	TRAINER_CLASS_COOLTRAINER_HNS	COOLTRAINER	엘리트 트레이너		TRAINER_PIC_COOLTRAINER_M	TRAINER_PIC_COOLTRAINER_M		Male	Male	표시명
TRAINER_ANDY_HNS	미배치(참조 없음)	제외(미배치 — 데이터 유지)	ANDY	ANDY	TRAINER_CLASS_COOLTRAINER_HNS	TRAINER_CLASS_COOLTRAINER_HNS	COOLTRAINER	엘리트 트레이너		TRAINER_PIC_COOLTRAINER_M	TRAINER_PIC_COOLTRAINER_M		Male	Male	표시명
TRAINER_TYLER_HNS	미배치(참조 없음)	제외(미배치 — 데이터 유지)	TYLER	TYLER	TRAINER_CLASS_COOLTRAINER_HNS	TRAINER_CLASS_COOLTRAINER_HNS	COOLTRAINER	엘리트 트레이너		TRAINER_PIC_COOLTRAINER_M	TRAINER_PIC_COOLTRAINER_M		Male	Male	표시명
TRAINER_SEAN_HNS	배치(맵 오브젝트)	그림 보류(원작 그림 없음)	SEAN	진철	TRAINER_CLASS_COOLTRAINER_HNS	TRAINER_CLASS_COOLTRAINER_HNS	COOLTRAINER	엘리트 트레이너		TRAINER_PIC_COOLTRAINER_M	TRAINER_PIC_COOLTRAINER_M_HGSS_HNS		Male	Male	이름,표시명,그림 ID
TRAINER_KEVIN_HNS	배치(맵 오브젝트)	그림 보류(원작 그림 없음)	KEVIN	영수	TRAINER_CLASS_COOLTRAINER_HNS	TRAINER_CLASS_COOLTRAINER_HNS	COOLTRAINER	엘리트 트레이너		TRAINER_PIC_COOLTRAINER_M	TRAINER_PIC_COOLTRAINER_M_HGSS_HNS		Male	Male	이름,표시명,그림 ID
TRAINER_STEVE_HNS	미배치(참조 없음)	제외(미배치 — 데이터 유지)	STEVE	STEVE	TRAINER_CLASS_COOLTRAINER_HNS	TRAINER_CLASS_COOLTRAINER_HNS	COOLTRAINER	엘리트 트레이너		TRAINER_PIC_COOLTRAINER_M	TRAINER_PIC_COOLTRAINER_M		Male	Male	표시명
TRAINER_ALLEN_HNS	배치(맵 오브젝트)	그림 보류(원작 그림 없음)	ALLEN	호야	TRAINER_CLASS_COOLTRAINER_HNS	TRAINER_CLASS_COOLTRAINER_HNS	COOLTRAINER	엘리트 트레이너		TRAINER_PIC_COOLTRAINER_M	TRAINER_PIC_COOLTRAINER_M_HGSS_HNS		Male	Male	이름,표시명,그림 ID
TRAINER_DARIN_HNS	배치(맵 오브젝트)	클래스 변경 + 그림 보류	DARIN	류	TRAINER_CLASS_DRAGON_TAMER_HNS	TRAINER_CLASS_COOLTRAINER_HNS	DRAGON TAMER	엘리트 트레이너	TRAINER_CLASS_DRAGON_TAMER_HNS	TRAINER_PIC_DRAGON_TAMER	TRAINER_PIC_COOLTRAINER_M_HGSS_HNS		Male	Male	이름,클래스,표시명,그림 ID
TRAINER_GWEN_HNS	배치(맵 오브젝트)	그림 보류(원작 그림 없음)	GWEN	태양	TRAINER_CLASS_COOLTRAINER_HNS	TRAINER_CLASS_COOLTRAINER_HNS	COOLTRAINER	엘리트 트레이너		TRAINER_PIC_COOLTRAINER_F	TRAINER_PIC_COOLTRAINER_F_HGSS_HNS		Male	Female	이름,표시명,그림 ID,성별
TRAINER_LOIS_HNS	배치(맵 오브젝트)	그림 보류(원작 그림 없음)	LOIS	천심	TRAINER_CLASS_COOLTRAINER_HNS	TRAINER_CLASS_COOLTRAINER_HNS	COOLTRAINER	엘리트 트레이너		TRAINER_PIC_COOLTRAINER_F	TRAINER_PIC_COOLTRAINER_F_HGSS_HNS		Male	Female	이름,표시명,그림 ID,성별
TRAINER_FRAN_HNS	배치(맵 오브젝트)	그림 보류(원작 그림 없음)	FRAN	지예	TRAINER_CLASS_COOLTRAINER_HNS	TRAINER_CLASS_COOLTRAINER_HNS	COOLTRAINER	엘리트 트레이너		TRAINER_PIC_COOLTRAINER_F	TRAINER_PIC_COOLTRAINER_F_HGSS_HNS		Male	Female	이름,표시명,그림 ID,성별
TRAINER_LOLA_HNS	배치(맵 오브젝트)	그림 보류(원작 그림 없음)	LOLA	마리	TRAINER_CLASS_COOLTRAINER_HNS	TRAINER_CLASS_COOLTRAINER_HNS	COOLTRAINER	엘리트 트레이너		TRAINER_PIC_COOLTRAINER_F	TRAINER_PIC_COOLTRAINER_F_HGSS_HNS		Male	Female	이름,표시명,그림 ID,성별
TRAINER_KATE_HNS	배치(맵 오브젝트)	그림 보류(원작 그림 없음)	KATE	마리아	TRAINER_CLASS_COOLTRAINER_HNS	TRAINER_CLASS_COOLTRAINER_HNS	COOLTRAINER	엘리트 트레이너		TRAINER_PIC_COOLTRAINER_F	TRAINER_PIC_COOLTRAINER_F_HGSS_HNS		Male	Female	이름,표시명,그림 ID,성별
TRAINER_IRENE_HNS	배치(맵 오브젝트)	그림 보류(원작 그림 없음)	IRENE	마리사	TRAINER_CLASS_COOLTRAINER_HNS	TRAINER_CLASS_COOLTRAINER_HNS	COOLTRAINER	엘리트 트레이너		TRAINER_PIC_COOLTRAINER_F	TRAINER_PIC_COOLTRAINER_F_HGSS_HNS		Male	Female	이름,표시명,그림 ID,성별
TRAINER_KELLY_HNS	배치(맵 오브젝트)	그림 보류(원작 그림 없음)	KELLY	카렌	TRAINER_CLASS_COOLTRAINER_HNS	TRAINER_CLASS_COOLTRAINER_HNS	COOLTRAINER	엘리트 트레이너		TRAINER_PIC_COOLTRAINER_F	TRAINER_PIC_COOLTRAINER_F_HGSS_HNS		Male	Female	이름,표시명,그림 ID,성별
TRAINER_JOYCE_HNS	배치(맵 오브젝트)	그림 보류(원작 그림 없음)	JOYCE	레이카	TRAINER_CLASS_COOLTRAINER_HNS	TRAINER_CLASS_COOLTRAINER_HNS	COOLTRAINER	엘리트 트레이너		TRAINER_PIC_COOLTRAINER_F	TRAINER_PIC_COOLTRAINER_F_HGSS_HNS		Male	Female	이름,표시명,그림 ID,성별
TRAINER_BETH_HNS	배치(맵 오브젝트)	그림 보류(원작 그림 없음)	BETH	동숙	TRAINER_CLASS_COOLTRAINER_HNS	TRAINER_CLASS_COOLTRAINER_HNS	COOLTRAINER	엘리트 트레이너		TRAINER_PIC_COOLTRAINER_F	TRAINER_PIC_COOLTRAINER_F_HGSS_HNS		Male	Female	이름,표시명,그림 ID,성별
TRAINER_REENA_HNS	배치(맵 오브젝트)	그림 보류(원작 그림 없음)	REENA	하현	TRAINER_CLASS_COOLTRAINER_HNS	TRAINER_CLASS_COOLTRAINER_HNS	COOLTRAINER	엘리트 트레이너		TRAINER_PIC_COOLTRAINER_F	TRAINER_PIC_COOLTRAINER_F_HGSS_HNS		Male	Female	이름,표시명,그림 ID,성별
TRAINER_MEGAN_HNS	배치(맵 오브젝트)	그림 보류(원작 그림 없음)	MEGAN	능금	TRAINER_CLASS_COOLTRAINER_HNS	TRAINER_CLASS_COOLTRAINER_HNS	COOLTRAINER	엘리트 트레이너		TRAINER_PIC_COOLTRAINER_F	TRAINER_PIC_COOLTRAINER_F_HGSS_HNS		Male	Female	이름,표시명,그림 ID,성별
TRAINER_CAROL_HNS	배치(맵 오브젝트)	그림 보류(원작 그림 없음)	CAROL	나진	TRAINER_CLASS_COOLTRAINER_HNS	TRAINER_CLASS_COOLTRAINER_HNS	COOLTRAINER	엘리트 트레이너		TRAINER_PIC_COOLTRAINER_F	TRAINER_PIC_COOLTRAINER_F_HGSS_HNS		Male	Female	이름,표시명,그림 ID,성별
TRAINER_QUINN_HNS	배치(맵 오브젝트)	그림 보류(원작 그림 없음)	QUINN	애자	TRAINER_CLASS_COOLTRAINER_HNS	TRAINER_CLASS_COOLTRAINER_HNS	COOLTRAINER	엘리트 트레이너		TRAINER_PIC_COOLTRAINER_F	TRAINER_PIC_COOLTRAINER_F_HGSS_HNS		Male	Female	이름,표시명,그림 ID,성별
TRAINER_EMMA_HNS	배치(맵 오브젝트)	그림 보류(원작 그림 없음)	EMMA	사리나	TRAINER_CLASS_COOLTRAINER_HNS	TRAINER_CLASS_COOLTRAINER_HNS	COOLTRAINER	엘리트 트레이너		TRAINER_PIC_COOLTRAINER_F	TRAINER_PIC_COOLTRAINER_F_HGSS_HNS		Male	Female	이름,표시명,그림 ID,성별
TRAINER_CYBIL_HNS	배치(맵 오브젝트)	그림 보류(원작 그림 없음)	CYBIL	희망	TRAINER_CLASS_COOLTRAINER_HNS	TRAINER_CLASS_COOLTRAINER_HNS	COOLTRAINER	엘리트 트레이너		TRAINER_PIC_COOLTRAINER_F	TRAINER_PIC_COOLTRAINER_F_HGSS_HNS		Male	Female	이름,표시명,그림 ID,성별
TRAINER_JENN_HNS	배치(맵 오브젝트)	그림 보류(원작 그림 없음)	JENN	마리카	TRAINER_CLASS_COOLTRAINER_HNS	TRAINER_CLASS_COOLTRAINER_HNS	COOLTRAINER	엘리트 트레이너		TRAINER_PIC_COOLTRAINER_F	TRAINER_PIC_COOLTRAINER_F_HGSS_HNS		Male	Female	이름,표시명,그림 ID,성별
TRAINER_CARA_HNS	배치(맵 오브젝트)	그림 보류(원작 그림 없음)	CARA	유민	TRAINER_CLASS_COOLTRAINER_HNS	TRAINER_CLASS_COOLTRAINER_HNS	COOLTRAINER	엘리트 트레이너		TRAINER_PIC_COOLTRAINER_F	TRAINER_PIC_COOLTRAINER_F_HGSS_HNS		Male	Female	이름,표시명,그림 ID,성별
TRAINER_VICTORIA_HNS	배치(맵 오브젝트)	변경 없음	VICTORIA	진주	TRAINER_CLASS_BEAUTY_HNS	TRAINER_CLASS_BEAUTY_HNS	BEAUTY	아가씨		TRAINER_PIC_BEAUTY	TRAINER_PIC_BEAUTY		Male	Female	이름,표시명,성별
TRAINER_SAMANTHA_HNS	배치(맵 오브젝트)	변경 없음	SAMANTHA	채린	TRAINER_CLASS_BEAUTY_HNS	TRAINER_CLASS_BEAUTY_HNS	BEAUTY	아가씨		TRAINER_PIC_BEAUTY	TRAINER_PIC_BEAUTY		Male	Female	이름,표시명,성별
TRAINER_JULIE_HNS	미배치(참조 없음)	제외(미배치 — 데이터 유지)	JULIE	JULIE	TRAINER_CLASS_BEAUTY_HNS	TRAINER_CLASS_BEAUTY_HNS	BEAUTY	아가씨		TRAINER_PIC_BEAUTY	TRAINER_PIC_BEAUTY		Male	Male	표시명
TRAINER_JACLYN_HNS	미배치(참조 없음)	제외(미배치 — 데이터 유지)	JACLYN	JACLYN	TRAINER_CLASS_BEAUTY_HNS	TRAINER_CLASS_BEAUTY_HNS	BEAUTY	아가씨		TRAINER_PIC_BEAUTY	TRAINER_PIC_BEAUTY		Male	Male	표시명
TRAINER_BRENDA_HNS	미배치(참조 없음)	제외(미배치 — 데이터 유지)	BRENDA	BRENDA	TRAINER_CLASS_BEAUTY_HNS	TRAINER_CLASS_BEAUTY_HNS	BEAUTY	아가씨		TRAINER_PIC_BEAUTY	TRAINER_PIC_BEAUTY		Male	Male	표시명
TRAINER_CASSIE_HNS	배치(맵 오브젝트)	변경 없음	CASSIE	문옥	TRAINER_CLASS_BEAUTY_HNS	TRAINER_CLASS_BEAUTY_HNS	BEAUTY	아가씨		TRAINER_PIC_BEAUTY	TRAINER_PIC_BEAUTY		Male	Female	이름,표시명,성별
TRAINER_CAROLINE_HNS	미배치(참조 없음)	제외(미배치 — 데이터 유지)	CAROLINE	CAROLINE	TRAINER_CLASS_BEAUTY_HNS	TRAINER_CLASS_BEAUTY_HNS	BEAUTY	아가씨		TRAINER_PIC_BEAUTY	TRAINER_PIC_BEAUTY		Male	Male	표시명
TRAINER_CARLENE_HNS	미배치(참조 없음)	제외(미배치 — 데이터 유지)	CARLENE	CARLENE	TRAINER_CLASS_BEAUTY_HNS	TRAINER_CLASS_BEAUTY_HNS	BEAUTY	아가씨		TRAINER_PIC_BEAUTY	TRAINER_PIC_BEAUTY		Male	Male	표시명
TRAINER_JESSICA_HNS	미배치(참조 없음)	제외(미배치 — 데이터 유지)	JESSICA	JESSICA	TRAINER_CLASS_BEAUTY_HNS	TRAINER_CLASS_BEAUTY_HNS	BEAUTY	아가씨		TRAINER_PIC_BEAUTY	TRAINER_PIC_BEAUTY		Male	Male	표시명
TRAINER_RACHAEL_HNS	미배치(참조 없음)	제외(미배치 — 데이터 유지)	RACHAEL	RACHAEL	TRAINER_CLASS_BEAUTY_HNS	TRAINER_CLASS_BEAUTY_HNS	BEAUTY	아가씨		TRAINER_PIC_BEAUTY	TRAINER_PIC_BEAUTY		Male	Male	표시명
TRAINER_ANGELICA_HNS	미배치(참조 없음)	제외(미배치 — 데이터 유지)	ANGELICA	ANGELICA	TRAINER_CLASS_BEAUTY_HNS	TRAINER_CLASS_BEAUTY_HNS	BEAUTY	아가씨		TRAINER_PIC_BEAUTY	TRAINER_PIC_BEAUTY		Male	Male	표시명
TRAINER_KENDRA_HNS	미배치(참조 없음)	제외(미배치 — 데이터 유지)	KENDRA	KENDRA	TRAINER_CLASS_BEAUTY_HNS	TRAINER_CLASS_BEAUTY_HNS	BEAUTY	아가씨		TRAINER_PIC_BEAUTY	TRAINER_PIC_BEAUTY		Male	Male	표시명
TRAINER_VERONICA_HNS	미배치(참조 없음)	제외(미배치 — 데이터 유지)	VERONICA	VERONICA	TRAINER_CLASS_BEAUTY_HNS	TRAINER_CLASS_BEAUTY_HNS	BEAUTY	아가씨		TRAINER_PIC_BEAUTY	TRAINER_PIC_BEAUTY		Male	Male	표시명
TRAINER_JULIA_HNS	배치(맵 오브젝트)	변경 없음	JULIA	수하	TRAINER_CLASS_BEAUTY_HNS	TRAINER_CLASS_BEAUTY_HNS	BEAUTY	아가씨		TRAINER_PIC_BEAUTY	TRAINER_PIC_BEAUTY		Male	Female	이름,표시명,성별
TRAINER_THERESA_HNS	미배치(참조 없음)	제외(미배치 — 데이터 유지)	THERESA	THERESA	TRAINER_CLASS_BEAUTY_HNS	TRAINER_CLASS_BEAUTY_HNS	BEAUTY	아가씨		TRAINER_PIC_BEAUTY	TRAINER_PIC_BEAUTY		Male	Male	표시명
TRAINER_VALERIE_HNS	배치(맵 오브젝트)	변경 없음	VALERIE	백합	TRAINER_CLASS_BEAUTY_HNS	TRAINER_CLASS_BEAUTY_HNS	BEAUTY	아가씨		TRAINER_PIC_BEAUTY	TRAINER_PIC_BEAUTY		Male	Female	이름,표시명,성별
TRAINER_OLIVIA_HNS	배치(맵 오브젝트)	해당 없음(원작 인물 없음)	OLIVIA	OLIVIA	TRAINER_CLASS_BEAUTY_HNS	TRAINER_CLASS_BEAUTY_HNS	BEAUTY	아가씨		TRAINER_PIC_BEAUTY	TRAINER_PIC_BEAUTY		Male	Male	표시명
TRAINER_LARRY_HNS	배치(맵 오브젝트)	그림 보류(원작 그림 없음)	LARRY	충한	TRAINER_CLASS_POKEMANIAC_HNS	TRAINER_CLASS_POKEMANIAC_HNS	POKéMANIAC	포켓몬 매니아		TRAINER_PIC_POKEMANIAC	TRAINER_PIC_POKEMANIAC		Male	Male	이름,표시명
TRAINER_ANDREW_HNS	배치(맵 오브젝트)	그림 보류(원작 그림 없음)	ANDREW	정명	TRAINER_CLASS_POKEMANIAC_HNS	TRAINER_CLASS_POKEMANIAC_HNS	POKéMANIAC	포켓몬 매니아		TRAINER_PIC_POKEMANIAC	TRAINER_PIC_POKEMANIAC		Male	Male	이름,표시명
TRAINER_CALVIN_HNS	배치(맵 오브젝트)	그림 보류(원작 그림 없음)	CALVIN	나대장	TRAINER_CLASS_POKEMANIAC_HNS	TRAINER_CLASS_POKEMANIAC_HNS	POKéMANIAC	포켓몬 매니아		TRAINER_PIC_POKEMANIAC	TRAINER_PIC_POKEMANIAC		Male	Male	이름,표시명
TRAINER_SHANE_HNS	배치(맵 오브젝트)	그림 보류(원작 그림 없음)	SHANE	준재	TRAINER_CLASS_POKEMANIAC_HNS	TRAINER_CLASS_POKEMANIAC_HNS	POKéMANIAC	포켓몬 매니아		TRAINER_PIC_POKEMANIAC	TRAINER_PIC_POKEMANIAC		Male	Male	이름,표시명
TRAINER_BEN_HNS	배치(맵 오브젝트)	그림 보류(원작 그림 없음)	BEN	우수	TRAINER_CLASS_POKEMANIAC_HNS	TRAINER_CLASS_POKEMANIAC_HNS	POKéMANIAC	포켓몬 매니아		TRAINER_PIC_POKEMANIAC	TRAINER_PIC_POKEMANIAC		Male	Male	이름,표시명
TRAINER_BRENT_HNS	배치(맵 오브젝트)	그림 보류(원작 그림 없음)	BRENT	진진	TRAINER_CLASS_POKEMANIAC_HNS	TRAINER_CLASS_POKEMANIAC_HNS	POKéMANIAC	포켓몬 매니아		TRAINER_PIC_POKEMANIAC	TRAINER_PIC_POKEMANIAC		Male	Male	이름,표시명
TRAINER_RON_HNS	배치(맵 오브젝트)	그림 보류(원작 그림 없음)	RON	일지	TRAINER_CLASS_POKEMANIAC_HNS	TRAINER_CLASS_POKEMANIAC_HNS	POKéMANIAC	포켓몬 매니아		TRAINER_PIC_POKEMANIAC	TRAINER_PIC_POKEMANIAC		Male	Male	이름,표시명
TRAINER_ETHAN_HNS	배치(맵 오브젝트)	그림 보류(원작 그림 없음)	ETHAN	신아	TRAINER_CLASS_POKEMANIAC_HNS	TRAINER_CLASS_POKEMANIAC_HNS	POKéMANIAC	포켓몬 매니아		TRAINER_PIC_POKEMANIAC	TRAINER_PIC_POKEMANIAC		Male	Male	이름,표시명
TRAINER_ISSAC_HNS	배치(맵 오브젝트)	그림 보류(원작 그림 없음)	ISSAC	정웅	TRAINER_CLASS_POKEMANIAC_HNS	TRAINER_CLASS_POKEMANIAC_HNS	POKéMANIAC	포켓몬 매니아		TRAINER_PIC_POKEMANIAC	TRAINER_PIC_POKEMANIAC		Male	Male	이름,표시명
TRAINER_DONALD_HNS	배치(맵 오브젝트)	그림 보류(원작 그림 없음)	DONALD	홍명	TRAINER_CLASS_POKEMANIAC_HNS	TRAINER_CLASS_POKEMANIAC_HNS	POKéMANIAC	포켓몬 매니아		TRAINER_PIC_POKEMANIAC	TRAINER_PIC_POKEMANIAC		Male	Male	이름,표시명
TRAINER_ZACH_HNS	배치(맵 오브젝트)	그림 보류(원작 그림 없음)	ZACH	지현	TRAINER_CLASS_POKEMANIAC_HNS	TRAINER_CLASS_POKEMANIAC_HNS	POKéMANIAC	포켓몬 매니아		TRAINER_PIC_POKEMANIAC	TRAINER_PIC_POKEMANIAC		Male	Male	이름,표시명
TRAINER_MILLER_HNS	배치(맵 오브젝트)	그림 보류(원작 그림 없음)	MILLER	용이	TRAINER_CLASS_POKEMANIAC_HNS	TRAINER_CLASS_POKEMANIAC_HNS	POKéMANIAC	포켓몬 매니아		TRAINER_PIC_POKEMANIAC	TRAINER_PIC_POKEMANIAC		Male	Male	이름,표시명
TRAINER_GRUNT_HNS	미배치(참조 없음)	제외(미배치 — 데이터 유지)	GRUNT	GRUNT	TRAINER_CLASS_TEAM_ROCKET_HNS	TRAINER_CLASS_TEAM_ROCKET_HNS	ROCKET	로켓단		TRAINER_PIC_ROCKET_GRUNT_M_HNS	TRAINER_PIC_ROCKET_GRUNT_M_HNS	FRLG 조무래기 → SoulGold(HGSS) 조무래기	Male	Male	표시명,그림 내용
TRAINER_GRUNT_2_HNS	배치(맵 오브젝트)	그림만 변경(SoulGold 그림 가져온 뒤)	GRUNT	조무래기	TRAINER_CLASS_TEAM_ROCKET_HNS	TRAINER_CLASS_TEAM_ROCKET_HNS	ROCKET	로켓단		TRAINER_PIC_ROCKET_GRUNT_M_HNS	TRAINER_PIC_ROCKET_GRUNT_M_HNS	FRLG 조무래기 → SoulGold(HGSS) 조무래기	Male	Male	이름,표시명,그림 내용
TRAINER_GRUNT_3_HNS	배치(맵 오브젝트)	그림만 변경(SoulGold 그림 가져온 뒤)	GRUNT	조무래기	TRAINER_CLASS_TEAM_ROCKET_HNS	TRAINER_CLASS_TEAM_ROCKET_HNS	ROCKET	로켓단		TRAINER_PIC_ROCKET_GRUNT_M_HNS	TRAINER_PIC_ROCKET_GRUNT_M_HNS	FRLG 조무래기 → SoulGold(HGSS) 조무래기	Male	Male	이름,표시명,그림 내용
TRAINER_GRUNT_4_HNS	배치(맵 오브젝트)	그림만 변경(SoulGold 그림 가져온 뒤)	GRUNT	조무래기	TRAINER_CLASS_TEAM_ROCKET_HNS	TRAINER_CLASS_TEAM_ROCKET_HNS	ROCKET	로켓단		TRAINER_PIC_ROCKET_GRUNT_M_HNS	TRAINER_PIC_ROCKET_GRUNT_M_HNS	FRLG 조무래기 → SoulGold(HGSS) 조무래기	Male	Male	이름,표시명,그림 내용
TRAINER_GRUNT_5_HNS	배치(맵 오브젝트)	그림만 변경(SoulGold 그림 가져온 뒤)	GRUNT	조무래기	TRAINER_CLASS_TEAM_ROCKET_HNS	TRAINER_CLASS_TEAM_ROCKET_HNS	ROCKET	로켓단		TRAINER_PIC_ROCKET_GRUNT_M_HNS	TRAINER_PIC_ROCKET_GRUNT_M_HNS	FRLG 조무래기 → SoulGold(HGSS) 조무래기	Male	Male	이름,표시명,그림 내용
TRAINER_GRUNT_6_HNS	배치(맵 오브젝트)	그림만 변경(SoulGold 그림 가져온 뒤)	GRUNT	조무래기	TRAINER_CLASS_TEAM_ROCKET_HNS	TRAINER_CLASS_TEAM_ROCKET_HNS	ROCKET	로켓단		TRAINER_PIC_ROCKET_GRUNT_M_HNS	TRAINER_PIC_ROCKET_GRUNT_M_HNS	FRLG 조무래기 → SoulGold(HGSS) 조무래기	Male	Male	이름,표시명,그림 내용
TRAINER_GRUNT_7_HNS	배치(맵 오브젝트)	그림만 변경(SoulGold 그림 가져온 뒤)	GRUNT	조무래기	TRAINER_CLASS_TEAM_ROCKET_HNS	TRAINER_CLASS_TEAM_ROCKET_HNS	ROCKET	로켓단		TRAINER_PIC_ROCKET_GRUNT_M_HNS	TRAINER_PIC_ROCKET_GRUNT_M_HNS	FRLG 조무래기 → SoulGold(HGSS) 조무래기	Male	Male	이름,표시명,그림 내용
TRAINER_GRUNT_8_HNS	배치(맵 오브젝트)	그림만 변경(SoulGold 그림 가져온 뒤)	GRUNT	조무래기	TRAINER_CLASS_TEAM_ROCKET_HNS	TRAINER_CLASS_TEAM_ROCKET_HNS	ROCKET	로켓단		TRAINER_PIC_ROCKET_GRUNT_M_HNS	TRAINER_PIC_ROCKET_GRUNT_M_HNS	FRLG 조무래기 → SoulGold(HGSS) 조무래기	Male	Male	이름,표시명,그림 내용
TRAINER_GRUNT_9_HNS	배치(맵 오브젝트)	그림만 변경(SoulGold 그림 가져온 뒤)	GRUNT	조무래기	TRAINER_CLASS_TEAM_ROCKET_HNS	TRAINER_CLASS_TEAM_ROCKET_HNS	ROCKET	로켓단		TRAINER_PIC_ROCKET_GRUNT_M_HNS	TRAINER_PIC_ROCKET_GRUNT_M_HNS	FRLG 조무래기 → SoulGold(HGSS) 조무래기	Male	Male	이름,표시명,그림 내용
TRAINER_GRUNT_10_HNS	배치(맵 오브젝트)	그림만 변경(SoulGold 그림 가져온 뒤)	GRUNT	조무래기	TRAINER_CLASS_TEAM_ROCKET_HNS	TRAINER_CLASS_TEAM_ROCKET_HNS	ROCKET	로켓단		TRAINER_PIC_ROCKET_GRUNT_M_HNS	TRAINER_PIC_ROCKET_GRUNT_M_HNS	FRLG 조무래기 → SoulGold(HGSS) 조무래기	Male	Male	이름,표시명,그림 내용
TRAINER_GRUNT_11_HNS	배치(맵 오브젝트)	그림만 변경(SoulGold 그림 가져온 뒤)	GRUNT	조무래기	TRAINER_CLASS_TEAM_ROCKET_HNS	TRAINER_CLASS_TEAM_ROCKET_HNS	ROCKET	로켓단		TRAINER_PIC_ROCKET_GRUNT_M_HNS	TRAINER_PIC_ROCKET_GRUNT_M_HNS	FRLG 조무래기 → SoulGold(HGSS) 조무래기	Male	Male	이름,표시명,그림 내용
TRAINER_GRUNT_12_HNS	배치(맵 오브젝트)	그림만 변경(SoulGold 그림 가져온 뒤)	GRUNT	조무래기	TRAINER_CLASS_TEAM_ROCKET_HNS	TRAINER_CLASS_TEAM_ROCKET_HNS	ROCKET	로켓단		TRAINER_PIC_ROCKET_GRUNT_M_HNS	TRAINER_PIC_ROCKET_GRUNT_M_HNS	FRLG 조무래기 → SoulGold(HGSS) 조무래기	Male	Male	이름,표시명,그림 내용
TRAINER_GRUNT_13_HNS	배치(맵 오브젝트)	그림만 변경(SoulGold 그림 가져온 뒤)	GRUNT	조무래기	TRAINER_CLASS_TEAM_ROCKET_HNS	TRAINER_CLASS_TEAM_ROCKET_HNS	ROCKET	로켓단		TRAINER_PIC_ROCKET_GRUNT_M_HNS	TRAINER_PIC_ROCKET_GRUNT_M_HNS	FRLG 조무래기 → SoulGold(HGSS) 조무래기	Male	Male	이름,표시명,그림 내용
TRAINER_GRUNT_14_HNS	배치(맵 오브젝트)	그림만 변경(SoulGold 그림 가져온 뒤)	GRUNT	조무래기	TRAINER_CLASS_TEAM_ROCKET_HNS	TRAINER_CLASS_TEAM_ROCKET_HNS	ROCKET	로켓단		TRAINER_PIC_ROCKET_GRUNT_M_HNS	TRAINER_PIC_ROCKET_GRUNT_M_HNS	FRLG 조무래기 → SoulGold(HGSS) 조무래기	Male	Male	이름,표시명,그림 내용
TRAINER_GRUNT_15_HNS	배치(맵 오브젝트)	그림만 변경(SoulGold 그림 가져온 뒤)	GRUNT	조무래기	TRAINER_CLASS_TEAM_ROCKET_HNS	TRAINER_CLASS_TEAM_ROCKET_HNS	ROCKET	로켓단		TRAINER_PIC_ROCKET_GRUNT_M_HNS	TRAINER_PIC_ROCKET_GRUNT_M_HNS	FRLG 조무래기 → SoulGold(HGSS) 조무래기	Male	Male	이름,표시명,그림 내용
TRAINER_GRUNT_16_HNS	배치(맵 오브젝트)	그림만 변경(SoulGold 그림 가져온 뒤)	GRUNT	조무래기	TRAINER_CLASS_TEAM_ROCKET_HNS	TRAINER_CLASS_TEAM_ROCKET_HNS	ROCKET	로켓단		TRAINER_PIC_ROCKET_GRUNT_M_HNS	TRAINER_PIC_ROCKET_GRUNT_M_HNS	FRLG 조무래기 → SoulGold(HGSS) 조무래기	Male	Male	이름,표시명,그림 내용
TRAINER_GRUNT_17_HNS	배치(스크립트 이벤트)	그림만 변경(SoulGold 그림 가져온 뒤)	GRUNT	조무래기	TRAINER_CLASS_TEAM_ROCKET_HNS	TRAINER_CLASS_TEAM_ROCKET_HNS	ROCKET	로켓단		TRAINER_PIC_ROCKET_GRUNT_M_HNS	TRAINER_PIC_ROCKET_GRUNT_M_HNS	FRLG 조무래기 → SoulGold(HGSS) 조무래기	Male	Male	이름,표시명,그림 내용
TRAINER_GRUNT_18_HNS	배치(스크립트 이벤트)	그림만 변경(SoulGold 그림 가져온 뒤)	GRUNT	조무래기	TRAINER_CLASS_TEAM_ROCKET_HNS	TRAINER_CLASS_TEAM_ROCKET_HNS	ROCKET	로켓단		TRAINER_PIC_ROCKET_GRUNT_M_HNS	TRAINER_PIC_ROCKET_GRUNT_M_HNS	FRLG 조무래기 → SoulGold(HGSS) 조무래기	Male	Male	이름,표시명,그림 내용
TRAINER_GRUNT_19_HNS	배치(맵 오브젝트)	그림만 변경(SoulGold 그림 가져온 뒤)	GRUNT	조무래기	TRAINER_CLASS_TEAM_ROCKET_HNS	TRAINER_CLASS_TEAM_ROCKET_HNS	ROCKET	로켓단		TRAINER_PIC_ROCKET_GRUNT_M_HNS	TRAINER_PIC_ROCKET_GRUNT_M_HNS	FRLG 조무래기 → SoulGold(HGSS) 조무래기	Male	Male	이름,표시명,그림 내용
TRAINER_GRUNT_20_HNS	배치(맵 오브젝트)	그림만 변경(SoulGold 그림 가져온 뒤)	GRUNT	조무래기	TRAINER_CLASS_TEAM_ROCKET_HNS	TRAINER_CLASS_TEAM_ROCKET_HNS	ROCKET	로켓단		TRAINER_PIC_ROCKET_GRUNT_M_HNS	TRAINER_PIC_ROCKET_GRUNT_M_HNS	FRLG 조무래기 → SoulGold(HGSS) 조무래기	Male	Male	이름,표시명,그림 내용
TRAINER_GRUNT_21_HNS	배치(맵 오브젝트)	그림만 변경(SoulGold 그림 가져온 뒤)	GRUNT	조무래기	TRAINER_CLASS_TEAM_ROCKET_HNS	TRAINER_CLASS_TEAM_ROCKET_HNS	ROCKET	로켓단		TRAINER_PIC_ROCKET_GRUNT_M_HNS	TRAINER_PIC_ROCKET_GRUNT_M_HNS	FRLG 조무래기 → SoulGold(HGSS) 조무래기	Male	Male	이름,표시명,그림 내용
TRAINER_GRUNT_22_HNS	배치(맵 오브젝트)	그림만 변경(SoulGold 그림 가져온 뒤)	GRUNT	조무래기	TRAINER_CLASS_TEAM_ROCKET_HNS	TRAINER_CLASS_TEAM_ROCKET_HNS	ROCKET	로켓단		TRAINER_PIC_ROCKET_GRUNT_F_HNS	TRAINER_PIC_ROCKET_GRUNT_F_HNS	FRLG 조무래기 → SoulGold(HGSS) 조무래기	Male	Male	이름,표시명,그림 내용
TRAINER_GRUNT_23_HNS	배치(맵 오브젝트)	해당 없음(원작 인물 없음)	GRUNT	조무래기	TRAINER_CLASS_TEAM_ROCKET_HNS	TRAINER_CLASS_TEAM_ROCKET_HNS	ROCKET	로켓단		TRAINER_PIC_ROCKET_GRUNT_M_HNS	TRAINER_PIC_ROCKET_GRUNT_M_HNS	FRLG 조무래기 → SoulGold(HGSS) 조무래기	Male	Male	이름,표시명,그림 내용
TRAINER_GRUNT_24_HNS	미배치(참조 없음)	제외(미배치 — 데이터 유지)	GRUNT	GRUNT	TRAINER_CLASS_TEAM_ROCKET_HNS	TRAINER_CLASS_TEAM_ROCKET_HNS	ROCKET	로켓단		TRAINER_PIC_ROCKET_GRUNT_M_HNS	TRAINER_PIC_ROCKET_GRUNT_M_HNS	FRLG 조무래기 → SoulGold(HGSS) 조무래기	Male	Male	표시명,그림 내용
TRAINER_GRUNT_25_HNS	미배치(참조 없음)	제외(미배치 — 데이터 유지)	GRUNT	GRUNT	TRAINER_CLASS_TEAM_ROCKET_HNS	TRAINER_CLASS_TEAM_ROCKET_HNS	ROCKET	로켓단		TRAINER_PIC_ROCKET_GRUNT_M_HNS	TRAINER_PIC_ROCKET_GRUNT_M_HNS	FRLG 조무래기 → SoulGold(HGSS) 조무래기	Male	Male	표시명,그림 내용
TRAINER_GRUNT_26_HNS	배치(맵 오브젝트)	그림만 변경(SoulGold 그림 가져온 뒤)	GRUNT	조무래기	TRAINER_CLASS_TEAM_ROCKET_HNS	TRAINER_CLASS_TEAM_ROCKET_HNS	ROCKET	로켓단		TRAINER_PIC_ROCKET_GRUNT_F_HNS	TRAINER_PIC_ROCKET_GRUNT_F_HNS	FRLG 조무래기 → SoulGold(HGSS) 조무래기	Male	Male	이름,표시명,그림 내용
TRAINER_GRUNT_27_HNS	배치(맵 오브젝트)	그림만 변경(바로 가능)	GRUNT	조무래기	TRAINER_CLASS_TEAM_ROCKET_HNS	TRAINER_CLASS_TEAM_ROCKET_HNS	ROCKET	로켓단		TRAINER_PIC_ROCKET_GRUNT_M_HNS	TRAINER_PIC_ROCKET_GRUNT_M_HNS	FRLG 조무래기 → SoulGold(HGSS) 조무래기	Male	Male	이름,표시명,그림 내용
TRAINER_GRUNT_28_HNS	배치(맵 오브젝트)	그림만 변경(SoulGold 그림 가져온 뒤)	GRUNT	조무래기	TRAINER_CLASS_TEAM_ROCKET_HNS	TRAINER_CLASS_TEAM_ROCKET_HNS	ROCKET	로켓단		TRAINER_PIC_ROCKET_GRUNT_F_HNS	TRAINER_PIC_ROCKET_GRUNT_F_HNS	FRLG 조무래기 → SoulGold(HGSS) 조무래기	Male	Male	이름,표시명,그림 내용
TRAINER_GRUNT_29_HNS	배치(맵 오브젝트)	그림만 변경(SoulGold 그림 가져온 뒤)	GRUNT	조무래기	TRAINER_CLASS_TEAM_ROCKET_HNS	TRAINER_CLASS_TEAM_ROCKET_HNS	ROCKET	로켓단		TRAINER_PIC_ROCKET_GRUNT_F_HNS	TRAINER_PIC_ROCKET_GRUNT_F_HNS	FRLG 조무래기 → SoulGold(HGSS) 조무래기	Male	Male	이름,표시명,그림 내용
TRAINER_GRUNT_30_HNS	미배치(참조 없음)	제외(미배치 — 데이터 유지)	GRUNT	GRUNT	TRAINER_CLASS_TEAM_ROCKET_HNS	TRAINER_CLASS_TEAM_ROCKET_HNS	ROCKET	로켓단		TRAINER_PIC_ROCKET_GRUNT_M_HNS	TRAINER_PIC_ROCKET_GRUNT_M_HNS	FRLG 조무래기 → SoulGold(HGSS) 조무래기	Male	Male	표시명,그림 내용
TRAINER_GRUNT_31_HNS	배치(맵 오브젝트)	그림만 변경(SoulGold 그림 가져온 뒤)	GRUNT	조무래기	TRAINER_CLASS_TEAM_ROCKET_HNS	TRAINER_CLASS_TEAM_ROCKET_HNS	ROCKET	로켓단		TRAINER_PIC_ROCKET_GRUNT_M_HNS	TRAINER_PIC_ROCKET_GRUNT_M_HNS	FRLG 조무래기 → SoulGold(HGSS) 조무래기	Male	Male	이름,표시명,그림 내용
TRAINER_GRUNT_32_HNS	미배치(참조 없음)	제외(미배치 — 데이터 유지)	GRUNT	GRUNT	TRAINER_CLASS_TEAM_ROCKET_HNS	TRAINER_CLASS_TEAM_ROCKET_HNS	ROCKET	로켓단		TRAINER_PIC_ROCKET_GRUNT_M_HNS	TRAINER_PIC_ROCKET_GRUNT_M_HNS	FRLG 조무래기 → SoulGold(HGSS) 조무래기	Male	Male	표시명,그림 내용
TRAINER_GRUNT_33_HNS	배치(맵 오브젝트)	그림만 변경(SoulGold 그림 가져온 뒤)	GRUNT	조무래기	TRAINER_CLASS_TEAM_ROCKET_HNS	TRAINER_CLASS_TEAM_ROCKET_HNS	ROCKET	로켓단		TRAINER_PIC_ROCKET_GRUNT_M_HNS	TRAINER_PIC_ROCKET_GRUNT_M_HNS	FRLG 조무래기 → SoulGold(HGSS) 조무래기	Male	Male	이름,표시명,그림 내용
TRAINER_ETO_HNS	배치(맵 오브젝트)	해당 없음(원작 인물 없음)	ETO	ETO	TRAINER_CLASS_TEAM_ROCKET_HNS	TRAINER_CLASS_TEAM_ROCKET_HNS	ROCKET	로켓단		TRAINER_PIC_ROCKET_GRUNT_M_HNS	TRAINER_PIC_ROCKET_GRUNT_M_HNS	FRLG 조무래기 → SoulGold(HGSS) 조무래기	Male	Male	표시명,그림 내용
TRAINER_ETO_2_HNS	배치(맵 오브젝트)	해당 없음(원작 인물 없음)	ETO	ETO	TRAINER_CLASS_TEAM_ROCKET_HNS	TRAINER_CLASS_TEAM_ROCKET_HNS	ROCKET	로켓단		TRAINER_PIC_ROCKET_GRUNT_M_HNS	TRAINER_PIC_ROCKET_GRUNT_M_HNS	FRLG 조무래기 → SoulGold(HGSS) 조무래기	Male	Male	표시명,그림 내용
TRAINER_ETO_3_HNS	배치(맵 오브젝트)	해당 없음(원작 인물 없음)	ETO	ETO	TRAINER_CLASS_TEAM_ROCKET_HNS	TRAINER_CLASS_TEAM_ROCKET_HNS	ROCKET	로켓단		TRAINER_PIC_ROCKET_GRUNT_M_HNS	TRAINER_PIC_ROCKET_GRUNT_M_HNS	FRLG 조무래기 → SoulGold(HGSS) 조무래기	Male	Male	표시명,그림 내용
TRAINER_PRESTON_HNS	배치(맵 오브젝트)	변경 없음	PRESTON	죠우지	TRAINER_CLASS_GENTLEMAN_HNS	TRAINER_CLASS_GENTLEMAN_HNS	GENTLEMAN	신사		TRAINER_PIC_GENTLEMAN	TRAINER_PIC_GENTLEMAN		Male	Male	이름,표시명
TRAINER_EDWARD_HNS	배치(맵 오브젝트)	변경 없음	EDWARD	에드워드	TRAINER_CLASS_GENTLEMAN_HNS	TRAINER_CLASS_GENTLEMAN_HNS	GENTLEMAN	신사		TRAINER_PIC_GENTLEMAN	TRAINER_PIC_GENTLEMAN		Male	Male	이름,표시명
TRAINER_GREGORY_HNS	배치(맵 오브젝트)	변경 없음	GREGORY	안소니	TRAINER_CLASS_GENTLEMAN_HNS	TRAINER_CLASS_GENTLEMAN_HNS	GENTLEMAN	신사		TRAINER_PIC_GENTLEMAN	TRAINER_PIC_GENTLEMAN		Male	Male	이름,표시명
TRAINER_VIRGIL_HNS	미배치(참조 없음)	제외(미배치 — 데이터 유지)	VIRGIL	VIRGIL	TRAINER_CLASS_GENTLEMAN_HNS	TRAINER_CLASS_GENTLEMAN_HNS	GENTLEMAN	신사		TRAINER_PIC_GENTLEMAN	TRAINER_PIC_GENTLEMAN		Male	Male	표시명
TRAINER_ALFRED_HNS	배치(맵 오브젝트)	변경 없음	ALFRED	카넬	TRAINER_CLASS_GENTLEMAN_HNS	TRAINER_CLASS_GENTLEMAN_HNS	GENTLEMAN	신사		TRAINER_PIC_GENTLEMAN	TRAINER_PIC_GENTLEMAN		Male	Male	이름,표시명
TRAINER_ROXANNE_HNS	배치(맵 오브젝트)	변경 없음	ROXANNE	지은	TRAINER_CLASS_SKIER_HNS	TRAINER_CLASS_SKIER_HNS	SKIER	스키선수		TRAINER_PIC_SKIER_F_HNS	TRAINER_PIC_SKIER_F_HNS		Female	Female	이름,표시명
TRAINER_CLARISSA_HNS	배치(맵 오브젝트)	변경 없음	CLARISSA	이유미	TRAINER_CLASS_SKIER_HNS	TRAINER_CLASS_SKIER_HNS	SKIER	스키선수		TRAINER_PIC_SKIER_F_HNS	TRAINER_PIC_SKIER_F_HNS		Female	Female	이름,표시명
TRAINER_COLETTE_HNS	배치(맵 오브젝트)	클래스+그림 변경(바로 가능)	COLETTE	희선	TRAINER_CLASS_EXPERT_HNS	TRAINER_CLASS_TEACHER_HNS	EXPERT	선생님	TRAINER_CLASS_EXPERT_HNS	TRAINER_PIC_EXPERT_F	TRAINER_PIC_TEACHER_HNS		Female	Female	이름,클래스,표시명,그림 ID
TRAINER_HILLARY_HNS	배치(맵 오브젝트)	클래스+그림 변경(바로 가능)	HILLARY	은영	TRAINER_CLASS_LASS_HNS	TRAINER_CLASS_TEACHER_HNS	LASS	선생님	TRAINER_CLASS_LASS_HNS	TRAINER_PIC_LASS	TRAINER_PIC_TEACHER_HNS		Female	Female	이름,클래스,표시명,그림 ID
TRAINER_SHIRLEY_HNS	배치(맵 오브젝트)	클래스+그림 변경(바로 가능)	SHIRLEY	홍선	TRAINER_CLASS_EXPERT_HNS	TRAINER_CLASS_TEACHER_HNS	EXPERT	선생님	TRAINER_CLASS_EXPERT_HNS	TRAINER_PIC_EXPERT_F	TRAINER_PIC_TEACHER_HNS		Male	Female	이름,클래스,표시명,그림 ID,성별
TRAINER_DON_HNS	배치(맵 오브젝트)	변경 없음	DON	미키	TRAINER_CLASS_BUG_CATCHER_HNS	TRAINER_CLASS_BUG_CATCHER_HNS	BUG CATCHER	곤충채집소년		TRAINER_PIC_BUG_CATCHER	TRAINER_PIC_BUG_CATCHER		Male	Male	이름,표시명
TRAINER_ROB_HNS	배치(맵 오브젝트)	변경 없음	ROB	ROB	TRAINER_CLASS_BUG_CATCHER_HNS	TRAINER_CLASS_BUG_CATCHER_HNS	BUG CATCHER	곤충채집소년		TRAINER_PIC_BUG_CATCHER	TRAINER_PIC_BUG_CATCHER		Male	Male	표시명
TRAINER_ED_HNS	배치(맵 오브젝트)	변경 없음	ED	ED	TRAINER_CLASS_BUG_CATCHER_HNS	TRAINER_CLASS_BUG_CATCHER_HNS	BUG CATCHER	곤충채집소년		TRAINER_PIC_BUG_CATCHER	TRAINER_PIC_BUG_CATCHER		Male	Male	표시명
TRAINER_WADE_HNS	배치(맵 오브젝트)	변경 없음	WADE	광일	TRAINER_CLASS_BUG_CATCHER_HNS	TRAINER_CLASS_BUG_CATCHER_HNS	BUG CATCHER	곤충채집소년		TRAINER_PIC_BUG_CATCHER	TRAINER_PIC_BUG_CATCHER		Male	Male	이름,표시명
TRAINER_BENNY_HNS	배치(맵 오브젝트)	변경 없음	BENNY	정남	TRAINER_CLASS_BUG_CATCHER_HNS	TRAINER_CLASS_BUG_CATCHER_HNS	BUG CATCHER	곤충채집소년		TRAINER_PIC_BUG_CATCHER	TRAINER_PIC_BUG_CATCHER		Male	Male	이름,표시명
TRAINER_AL_HNS	배치(맵 오브젝트)	변경 없음	AL	기지	TRAINER_CLASS_BUG_CATCHER_HNS	TRAINER_CLASS_BUG_CATCHER_HNS	BUG CATCHER	곤충채집소년		TRAINER_PIC_BUG_CATCHER	TRAINER_PIC_BUG_CATCHER		Male	Male	이름,표시명
TRAINER_JOSH_HNS	배치(맵 오브젝트)	변경 없음	JOSH	희주	TRAINER_CLASS_BUG_CATCHER_HNS	TRAINER_CLASS_BUG_CATCHER_HNS	BUG CATCHER	곤충채집소년		TRAINER_PIC_BUG_CATCHER	TRAINER_PIC_BUG_CATCHER		Male	Male	이름,표시명
TRAINER_ARNIE_HNS	배치(맵 오브젝트)	변경 없음	ARNIE	경수	TRAINER_CLASS_BUG_CATCHER_HNS	TRAINER_CLASS_BUG_CATCHER_HNS	BUG CATCHER	곤충채집소년		TRAINER_PIC_BUG_CATCHER	TRAINER_PIC_BUG_CATCHER		Male	Male	이름,표시명
TRAINER_KEN_HNS	배치(맵 오브젝트)	변경 없음	KEN	무웅	TRAINER_CLASS_BUG_CATCHER_HNS	TRAINER_CLASS_BUG_CATCHER_HNS	BUG CATCHER	곤충채집소년		TRAINER_PIC_BUG_CATCHER	TRAINER_PIC_BUG_CATCHER		Male	Male	이름,표시명
TRAINER_DOUG_HNS	배치(맵 오브젝트)	변경 없음	DOUG	DOUG	TRAINER_CLASS_BUG_CATCHER_HNS	TRAINER_CLASS_BUG_CATCHER_HNS	BUG CATCHER	곤충채집소년		TRAINER_PIC_BUG_CATCHER	TRAINER_PIC_BUG_CATCHER		Male	Male	표시명
TRAINER_WAYNE_HNS	배치(맵 오브젝트)	변경 없음	WAYNE	WAYNE	TRAINER_CLASS_BUG_CATCHER_HNS	TRAINER_CLASS_BUG_CATCHER_HNS	BUG CATCHER	곤충채집소년		TRAINER_PIC_BUG_CATCHER	TRAINER_PIC_BUG_CATCHER		Male	Male	표시명
TRAINER_JUSTIN_HNS	배치(맵 오브젝트)	변경 없음	JUSTIN	주원	TRAINER_CLASS_FISHERMAN_HNS	TRAINER_CLASS_FISHERMAN_HNS	FISHERMAN	낚시꾼		TRAINER_PIC_FISHERMAN	TRAINER_PIC_FISHERMAN		Male	Male	이름,표시명
TRAINER_RALPH_HNS	배치(맵 오브젝트)	변경 없음	RALPH	태명	TRAINER_CLASS_FISHERMAN_HNS	TRAINER_CLASS_FISHERMAN_HNS	FISHERMAN	낚시꾼		TRAINER_PIC_FISHERMAN	TRAINER_PIC_FISHERMAN		Male	Male	이름,표시명
TRAINER_ARNOLD_HNS	배치(맵 오브젝트)	변경 없음	ARNOLD	철심	TRAINER_CLASS_FISHERMAN_HNS	TRAINER_CLASS_FISHERMAN_HNS	FISHERMAN	낚시꾼		TRAINER_PIC_FISHERMAN	TRAINER_PIC_FISHERMAN		Male	Male	이름,표시명
TRAINER_KYLE_HNS	배치(맵 오브젝트)	변경 없음	KYLE	상문	TRAINER_CLASS_FISHERMAN_HNS	TRAINER_CLASS_FISHERMAN_HNS	FISHERMAN	낚시꾼		TRAINER_PIC_FISHERMAN	TRAINER_PIC_FISHERMAN		Male	Male	이름,표시명
TRAINER_HENRY_HNS	배치(맵 오브젝트)	변경 없음	HENRY	세형	TRAINER_CLASS_FISHERMAN_HNS	TRAINER_CLASS_FISHERMAN_HNS	FISHERMAN	낚시꾼		TRAINER_PIC_FISHERMAN	TRAINER_PIC_FISHERMAN		Male	Male	이름,표시명
TRAINER_MARVIN_HNS	배치(맵 오브젝트)	변경 없음	MARVIN	의인	TRAINER_CLASS_FISHERMAN_HNS	TRAINER_CLASS_FISHERMAN_HNS	FISHERMAN	낚시꾼		TRAINER_PIC_FISHERMAN	TRAINER_PIC_FISHERMAN		Male	Male	이름,표시명
TRAINER_TULLY_HNS	배치(맵 오브젝트)	변경 없음	TULLY	수연	TRAINER_CLASS_FISHERMAN_HNS	TRAINER_CLASS_FISHERMAN_HNS	FISHERMAN	낚시꾼		TRAINER_PIC_FISHERMAN	TRAINER_PIC_FISHERMAN		Male	Male	이름,표시명
TRAINER_ANDRE_HNS	배치(맵 오브젝트)	변경 없음	ANDRE	정인	TRAINER_CLASS_FISHERMAN_HNS	TRAINER_CLASS_FISHERMAN_HNS	FISHERMAN	낚시꾼		TRAINER_PIC_FISHERMAN	TRAINER_PIC_FISHERMAN		Male	Male	이름,표시명
TRAINER_RAYMOND_HNS	배치(맵 오브젝트)	변경 없음	RAYMOND	명준	TRAINER_CLASS_FISHERMAN_HNS	TRAINER_CLASS_FISHERMAN_HNS	FISHERMAN	낚시꾼		TRAINER_PIC_FISHERMAN	TRAINER_PIC_FISHERMAN		Male	Male	이름,표시명
TRAINER_WILTON_HNS	배치(맵 오브젝트)	변경 없음	WILTON	광선	TRAINER_CLASS_FISHERMAN_HNS	TRAINER_CLASS_FISHERMAN_HNS	FISHERMAN	낚시꾼		TRAINER_PIC_FISHERMAN	TRAINER_PIC_FISHERMAN		Male	Male	이름,표시명
TRAINER_EDGAR_HNS	배치(맵 오브젝트)	변경 없음	EDGAR	정평	TRAINER_CLASS_FISHERMAN_HNS	TRAINER_CLASS_FISHERMAN_HNS	FISHERMAN	낚시꾼		TRAINER_PIC_FISHERMAN	TRAINER_PIC_FISHERMAN		Male	Male	이름,표시명
TRAINER_JONAH_HNS	배치(맵 오브젝트)	변경 없음	JONAH	영석	TRAINER_CLASS_FISHERMAN_HNS	TRAINER_CLASS_FISHERMAN_HNS	FISHERMAN	낚시꾼		TRAINER_PIC_FISHERMAN	TRAINER_PIC_FISHERMAN		Male	Male	이름,표시명
TRAINER_MARTIN_HNS	배치(맵 오브젝트)	변경 없음	MARTIN	우석	TRAINER_CLASS_FISHERMAN_HNS	TRAINER_CLASS_FISHERMAN_HNS	FISHERMAN	낚시꾼		TRAINER_PIC_FISHERMAN	TRAINER_PIC_FISHERMAN		Male	Male	이름,표시명
TRAINER_STEPHEN_HNS	배치(맵 오브젝트)	변경 없음	STEPHEN	찬문	TRAINER_CLASS_FISHERMAN_HNS	TRAINER_CLASS_FISHERMAN_HNS	FISHERMAN	낚시꾼		TRAINER_PIC_FISHERMAN	TRAINER_PIC_FISHERMAN		Male	Male	이름,표시명
TRAINER_BARNEY_HNS	배치(맵 오브젝트)	변경 없음	BARNEY	영목	TRAINER_CLASS_FISHERMAN_HNS	TRAINER_CLASS_FISHERMAN_HNS	FISHERMAN	낚시꾼		TRAINER_PIC_FISHERMAN	TRAINER_PIC_FISHERMAN		Male	Male	이름,표시명
TRAINER_SCOTT_HNS	배치(맵 오브젝트)	변경 없음	SCOTT	SCOTT	TRAINER_CLASS_FISHERMAN_HNS	TRAINER_CLASS_FISHERMAN_HNS	FISHERMAN	낚시꾼		TRAINER_PIC_FISHERMAN	TRAINER_PIC_FISHERMAN		Male	Male	표시명
TRAINER_HAROLD_HNS	배치(맵 오브젝트)	그림 보류(원작 그림 없음)	HAROLD	주영	TRAINER_CLASS_SWIMMER_M_HNS	TRAINER_CLASS_SWIMMER_M_HNS	SWIMMER♂	수영팬티소년		TRAINER_PIC_SWIMMER_M	TRAINER_PIC_SWIMMER_M		Male	Male	이름,표시명
TRAINER_SIMON_HNS	배치(맵 오브젝트)	그림 보류(원작 그림 없음)	SIMON	신남	TRAINER_CLASS_SWIMMER_M_HNS	TRAINER_CLASS_SWIMMER_M_HNS	SWIMMER♂	수영팬티소년		TRAINER_PIC_SWIMMER_M	TRAINER_PIC_SWIMMER_M		Male	Male	이름,표시명
TRAINER_RANDALL_HNS	배치(맵 오브젝트)	그림 보류(원작 그림 없음)	RANDALL	철진	TRAINER_CLASS_SWIMMER_M_HNS	TRAINER_CLASS_SWIMMER_M_HNS	SWIMMER♂	수영팬티소년		TRAINER_PIC_SWIMMER_M	TRAINER_PIC_SWIMMER_M		Male	Male	이름,표시명
TRAINER_CHARLIE_HNS	배치(맵 오브젝트)	그림 보류(원작 그림 없음)	CHARLIE	영토	TRAINER_CLASS_SWIMMER_M_HNS	TRAINER_CLASS_SWIMMER_M_HNS	SWIMMER♂	수영팬티소년		TRAINER_PIC_SWIMMER_M	TRAINER_PIC_SWIMMER_M		Male	Male	이름,표시명
TRAINER_GEORGE_HNS	배치(맵 오브젝트)	그림 보류(원작 그림 없음)	GEORGE	종남	TRAINER_CLASS_SWIMMER_M_HNS	TRAINER_CLASS_SWIMMER_M_HNS	SWIMMER♂	수영팬티소년		TRAINER_PIC_SWIMMER_M	TRAINER_PIC_SWIMMER_M		Male	Male	이름,표시명
TRAINER_BERKE_HNS	배치(맵 오브젝트)	그림 보류(원작 그림 없음)	BERKE	정규	TRAINER_CLASS_SWIMMER_M_HNS	TRAINER_CLASS_SWIMMER_M_HNS	SWIMMER♂	수영팬티소년		TRAINER_PIC_SWIMMER_M	TRAINER_PIC_SWIMMER_M		Male	Male	이름,표시명
TRAINER_KIRK_HNS	배치(맵 오브젝트)	그림 보류(원작 그림 없음)	KIRK	영하	TRAINER_CLASS_SWIMMER_M_HNS	TRAINER_CLASS_SWIMMER_M_HNS	SWIMMER♂	수영팬티소년		TRAINER_PIC_SWIMMER_M	TRAINER_PIC_SWIMMER_M		Male	Male	이름,표시명
TRAINER_MATHEW_HNS	배치(맵 오브젝트)	그림 보류(원작 그림 없음)	MATHEW	길수	TRAINER_CLASS_SWIMMER_M_HNS	TRAINER_CLASS_SWIMMER_M_HNS	SWIMMER♂	수영팬티소년		TRAINER_PIC_SWIMMER_M	TRAINER_PIC_SWIMMER_M		Male	Male	이름,표시명
TRAINER_HAL_HNS	미배치(참조 없음)	제외(미배치 — 데이터 유지)	HAL	HAL	TRAINER_CLASS_SWIMMER_M_HNS	TRAINER_CLASS_SWIMMER_M_HNS	SWIMMER♂	수영팬티소년		TRAINER_PIC_SWIMMER_M	TRAINER_PIC_SWIMMER_M		Male	Male	표시명
TRAINER_PATON_HNS	미배치(참조 없음)	제외(미배치 — 데이터 유지)	PATON	PATON	TRAINER_CLASS_SWIMMER_M_HNS	TRAINER_CLASS_SWIMMER_M_HNS	SWIMMER♂	수영팬티소년		TRAINER_PIC_SWIMMER_M	TRAINER_PIC_SWIMMER_M		Male	Male	표시명
TRAINER_DARYL_HNS	미배치(참조 없음)	제외(미배치 — 데이터 유지)	DARYL	DARYL	TRAINER_CLASS_SWIMMER_M_HNS	TRAINER_CLASS_SWIMMER_M_HNS	SWIMMER♂	수영팬티소년		TRAINER_PIC_SWIMMER_M	TRAINER_PIC_SWIMMER_M		Male	Male	표시명
TRAINER_WALTER_HNS	미배치(참조 없음)	제외(미배치 — 데이터 유지)	WALTER	WALTER	TRAINER_CLASS_SWIMMER_M_HNS	TRAINER_CLASS_SWIMMER_M_HNS	SWIMMER♂	수영팬티소년		TRAINER_PIC_SWIMMER_M	TRAINER_PIC_SWIMMER_M		Male	Male	표시명
TRAINER_TONY_HNS	미배치(참조 없음)	제외(미배치 — 데이터 유지)	TONY	TONY	TRAINER_CLASS_SWIMMER_M_HNS	TRAINER_CLASS_SWIMMER_M_HNS	SWIMMER♂	수영팬티소년		TRAINER_PIC_SWIMMER_M	TRAINER_PIC_SWIMMER_M		Male	Male	표시명
TRAINER_JEROME_HNS	배치(맵 오브젝트)	그림 보류(원작 그림 없음)	JEROME	진표	TRAINER_CLASS_SWIMMER_M_HNS	TRAINER_CLASS_SWIMMER_M_HNS	SWIMMER♂	수영팬티소년		TRAINER_PIC_SWIMMER_M	TRAINER_PIC_SWIMMER_M		Male	Male	이름,표시명
TRAINER_TUCKER_HNS	배치(맵 오브젝트)	그림 보류(원작 그림 없음)	TUCKER	유식	TRAINER_CLASS_SWIMMER_M_HNS	TRAINER_CLASS_SWIMMER_M_HNS	SWIMMER♂	수영팬티소년		TRAINER_PIC_SWIMMER_M	TRAINER_PIC_SWIMMER_M		Male	Male	이름,표시명
TRAINER_RICK_HNS	미배치(참조 없음)	제외(미배치 — 데이터 유지)	RICK	RICK	TRAINER_CLASS_SWIMMER_M_HNS	TRAINER_CLASS_SWIMMER_M_HNS	SWIMMER♂	수영팬티소년		TRAINER_PIC_SWIMMER_M	TRAINER_PIC_SWIMMER_M		Male	Male	표시명
TRAINER_CAMERON_HNS	배치(맵 오브젝트)	그림 보류(원작 그림 없음)	CAMERON	CAMERON	TRAINER_CLASS_SWIMMER_M_HNS	TRAINER_CLASS_SWIMMER_M_HNS	SWIMMER♂	수영팬티소년		TRAINER_PIC_SWIMMER_M	TRAINER_PIC_SWIMMER_M		Male	Male	표시명
TRAINER_SETH_HNS	배치(맵 오브젝트)	그림 보류(원작 그림 없음)	SETH	연남	TRAINER_CLASS_SWIMMER_M_HNS	TRAINER_CLASS_SWIMMER_M_HNS	SWIMMER♂	수영팬티소년		TRAINER_PIC_SWIMMER_M	TRAINER_PIC_SWIMMER_M		Male	Male	이름,표시명
TRAINER_JAMES_HNS	미배치(참조 없음)	제외(미배치 — 데이터 유지)	JAMES	JAMES	TRAINER_CLASS_SWIMMER_M_HNS	TRAINER_CLASS_SWIMMER_M_HNS	SWIMMER♂	수영팬티소년		TRAINER_PIC_SWIMMER_M	TRAINER_PIC_SWIMMER_M		Male	Male	표시명
TRAINER_LEWIS_HNS	미배치(참조 없음)	제외(미배치 — 데이터 유지)	LEWIS	LEWIS	TRAINER_CLASS_SWIMMER_M_HNS	TRAINER_CLASS_SWIMMER_M_HNS	SWIMMER♂	수영팬티소년		TRAINER_PIC_SWIMMER_M	TRAINER_PIC_SWIMMER_M		Male	Male	표시명
TRAINER_PARKER_HNS	배치(맵 오브젝트)	클래스+그림 변경(바로 가능)	PARKER	지광	TRAINER_CLASS_SWIMMER_M_HNS	TRAINER_CLASS_SAILOR_HNS	SWIMMER♂	선원	TRAINER_CLASS_SWIMMER_M_HNS	TRAINER_PIC_SWIMMER_M	TRAINER_PIC_SAILOR		Male	Male	이름,클래스,표시명,그림 ID
TRAINER_ELAINE_HNS	배치(맵 오브젝트)	변경 없음	ELAINE	리사	TRAINER_CLASS_SWIMMER_F_HNS	TRAINER_CLASS_SWIMMER_F_HNS	SWIMMER♀	비키니 아가씨		TRAINER_PIC_SWIMMER_F	TRAINER_PIC_SWIMMER_F		Male	Female	이름,표시명,성별
TRAINER_PAULA_HNS	배치(맵 오브젝트)	변경 없음	PAULA	미지	TRAINER_CLASS_SWIMMER_F_HNS	TRAINER_CLASS_SWIMMER_F_HNS	SWIMMER♀	비키니 아가씨		TRAINER_PIC_SWIMMER_F	TRAINER_PIC_SWIMMER_F		Male	Female	이름,표시명,성별
TRAINER_KAYLEE_HNS	배치(맵 오브젝트)	변경 없음	KAYLEE	수현	TRAINER_CLASS_SWIMMER_F_HNS	TRAINER_CLASS_SWIMMER_F_HNS	SWIMMER♀	비키니 아가씨		TRAINER_PIC_SWIMMER_F	TRAINER_PIC_SWIMMER_F		Male	Female	이름,표시명,성별
TRAINER_SUSIE_HNS	배치(맵 오브젝트)	변경 없음	SUSIE	하미	TRAINER_CLASS_SWIMMER_F_HNS	TRAINER_CLASS_SWIMMER_F_HNS	SWIMMER♀	비키니 아가씨		TRAINER_PIC_SWIMMER_F	TRAINER_PIC_SWIMMER_F		Male	Female	이름,표시명,성별
TRAINER_DENISE_HNS	배치(맵 오브젝트)	변경 없음	DENISE	현지	TRAINER_CLASS_SWIMMER_F_HNS	TRAINER_CLASS_SWIMMER_F_HNS	SWIMMER♀	비키니 아가씨		TRAINER_PIC_SWIMMER_F	TRAINER_PIC_SWIMMER_F		Male	Female	이름,표시명,성별
TRAINER_KARA_HNS	배치(맵 오브젝트)	변경 없음	KARA	연아	TRAINER_CLASS_SWIMMER_F_HNS	TRAINER_CLASS_SWIMMER_F_HNS	SWIMMER♀	비키니 아가씨		TRAINER_PIC_SWIMMER_F	TRAINER_PIC_SWIMMER_F		Male	Female	이름,표시명,성별
TRAINER_WENDY_HNS	배치(맵 오브젝트)	변경 없음	WENDY	진화	TRAINER_CLASS_SWIMMER_F_HNS	TRAINER_CLASS_SWIMMER_F_HNS	SWIMMER♀	비키니 아가씨		TRAINER_PIC_SWIMMER_F	TRAINER_PIC_SWIMMER_F		Male	Female	이름,표시명,성별
TRAINER_LISA_HNS	미배치(참조 없음)	제외(미배치 — 데이터 유지)	LISA	LISA	TRAINER_CLASS_SWIMMER_F_HNS	TRAINER_CLASS_SWIMMER_F_HNS	SWIMMER♀	비키니 아가씨		TRAINER_PIC_SWIMMER_F	TRAINER_PIC_SWIMMER_F		Male	Male	표시명
TRAINER_JILL_HNS	미배치(참조 없음)	제외(미배치 — 데이터 유지)	JILL	JILL	TRAINER_CLASS_SWIMMER_F_HNS	TRAINER_CLASS_SWIMMER_F_HNS	SWIMMER♀	비키니 아가씨		TRAINER_PIC_SWIMMER_F	TRAINER_PIC_SWIMMER_F		Male	Male	표시명
TRAINER_MARY_HNS	미배치(참조 없음)	제외(미배치 — 데이터 유지)	MARY	MARY	TRAINER_CLASS_SWIMMER_F_HNS	TRAINER_CLASS_SWIMMER_F_HNS	SWIMMER♀	비키니 아가씨		TRAINER_PIC_SWIMMER_F	TRAINER_PIC_SWIMMER_F		Male	Male	표시명
TRAINER_KATIE_HNS	미배치(참조 없음)	제외(미배치 — 데이터 유지)	KATIE	KATIE	TRAINER_CLASS_SWIMMER_F_HNS	TRAINER_CLASS_SWIMMER_F_HNS	SWIMMER♀	비키니 아가씨		TRAINER_PIC_SWIMMER_F	TRAINER_PIC_SWIMMER_F		Male	Male	표시명
TRAINER_DAWN_HNS	배치(맵 오브젝트)	변경 없음	DAWN	DAWN	TRAINER_CLASS_SWIMMER_F_HNS	TRAINER_CLASS_SWIMMER_F_HNS	SWIMMER♀	비키니 아가씨		TRAINER_PIC_SWIMMER_F	TRAINER_PIC_SWIMMER_F		Male	Male	표시명
TRAINER_TARA_HNS	미배치(참조 없음)	제외(미배치 — 데이터 유지)	TARA	TARA	TRAINER_CLASS_SWIMMER_F_HNS	TRAINER_CLASS_SWIMMER_F_HNS	SWIMMER♀	비키니 아가씨		TRAINER_PIC_SWIMMER_F	TRAINER_PIC_SWIMMER_F		Male	Male	표시명
TRAINER_NICOLE_HNS	배치(맵 오브젝트)	변경 없음	NICOLE	보미	TRAINER_CLASS_SWIMMER_F_HNS	TRAINER_CLASS_SWIMMER_F_HNS	SWIMMER♀	비키니 아가씨		TRAINER_PIC_SWIMMER_F	TRAINER_PIC_SWIMMER_F		Male	Female	이름,표시명,성별
TRAINER_LORI_HNS	배치(맵 오브젝트)	변경 없음	LORI	미향	TRAINER_CLASS_SWIMMER_F_HNS	TRAINER_CLASS_SWIMMER_F_HNS	SWIMMER♀	비키니 아가씨		TRAINER_PIC_SWIMMER_F	TRAINER_PIC_SWIMMER_F		Male	Female	이름,표시명,성별
TRAINER_JODY_HNS	미배치(참조 없음)	제외(미배치 — 데이터 유지)	JODY	JODY	TRAINER_CLASS_SWIMMER_F_HNS	TRAINER_CLASS_SWIMMER_F_HNS	SWIMMER♀	비키니 아가씨		TRAINER_PIC_SWIMMER_F	TRAINER_PIC_SWIMMER_F		Male	Male	표시명
TRAINER_NIKKI_HNS	배치(맵 오브젝트)	변경 없음	NIKKI	신희	TRAINER_CLASS_SWIMMER_F_HNS	TRAINER_CLASS_SWIMMER_F_HNS	SWIMMER♀	비키니 아가씨		TRAINER_PIC_SWIMMER_F	TRAINER_PIC_SWIMMER_F		Male	Female	이름,표시명,성별
TRAINER_DIANA_HNS	배치(맵 오브젝트)	변경 없음	DIANA	나미	TRAINER_CLASS_SWIMMER_F_HNS	TRAINER_CLASS_SWIMMER_F_HNS	SWIMMER♀	비키니 아가씨		TRAINER_PIC_SWIMMER_F	TRAINER_PIC_SWIMMER_F		Male	Female	이름,표시명,성별
TRAINER_BRIANA_HNS	배치(맵 오브젝트)	변경 없음	BRIANA	보라	TRAINER_CLASS_SWIMMER_F_HNS	TRAINER_CLASS_SWIMMER_F_HNS	SWIMMER♀	비키니 아가씨		TRAINER_PIC_SWIMMER_F	TRAINER_PIC_SWIMMER_F		Male	Female	이름,표시명,성별
TRAINER_EUGENE_HNS	배치(맵 오브젝트)	변경 없음	EUGENE	석진	TRAINER_CLASS_SAILOR_HNS	TRAINER_CLASS_SAILOR_HNS	SAILOR	선원		TRAINER_PIC_SAILOR	TRAINER_PIC_SAILOR		Male	Male	이름,표시명
TRAINER_HUEY_HNS	배치(맵 오브젝트)	변경 없음	HUEY	건강	TRAINER_CLASS_SAILOR_HNS	TRAINER_CLASS_SAILOR_HNS	SAILOR	선원		TRAINER_PIC_SAILOR	TRAINER_PIC_SAILOR		Male	Male	이름,표시명
TRAINER_TERRELL_HNS	배치(맵 오브젝트)	변경 없음	TERRELL	수종	TRAINER_CLASS_SAILOR_HNS	TRAINER_CLASS_SAILOR_HNS	SAILOR	선원		TRAINER_PIC_SAILOR	TRAINER_PIC_SAILOR		Male	Male	이름,표시명
TRAINER_KENT_HNS	배치(맵 오브젝트)	변경 없음	KENT	우정	TRAINER_CLASS_SAILOR_HNS	TRAINER_CLASS_SAILOR_HNS	SAILOR	선원		TRAINER_PIC_SAILOR	TRAINER_PIC_SAILOR		Male	Male	이름,표시명
TRAINER_ERNEST_HNS	배치(맵 오브젝트)	변경 없음	ERNEST	설정	TRAINER_CLASS_SAILOR_HNS	TRAINER_CLASS_SAILOR_HNS	SAILOR	선원		TRAINER_PIC_SAILOR	TRAINER_PIC_SAILOR		Male	Male	이름,표시명
TRAINER_JEFF_HNS	배치(맵 오브젝트)	변경 없음	JEFF	남준	TRAINER_CLASS_SAILOR_HNS	TRAINER_CLASS_SAILOR_HNS	SAILOR	선원		TRAINER_PIC_SAILOR	TRAINER_PIC_SAILOR		Male	Male	이름,표시명
TRAINER_GARRETT_HNS	배치(맵 오브젝트)	변경 없음	GARRETT	효리	TRAINER_CLASS_SAILOR_HNS	TRAINER_CLASS_SAILOR_HNS	SAILOR	선원		TRAINER_PIC_SAILOR	TRAINER_PIC_SAILOR		Male	Male	이름,표시명
TRAINER_KENNETH_HNS	배치(맵 오브젝트)	변경 없음	KENNETH	강평	TRAINER_CLASS_SAILOR_HNS	TRAINER_CLASS_SAILOR_HNS	SAILOR	선원		TRAINER_PIC_SAILOR	TRAINER_PIC_SAILOR		Male	Male	이름,표시명
TRAINER_STANLY_HNS	배치(맵 오브젝트)	변경 없음	STANLY	시현	TRAINER_CLASS_SAILOR_HNS	TRAINER_CLASS_SAILOR_HNS	SAILOR	선원		TRAINER_PIC_SAILOR	TRAINER_PIC_SAILOR		Male	Male	이름,표시명
TRAINER_HARRY_HNS	배치(맵 오브젝트)	변경 없음	HARRY	창공	TRAINER_CLASS_SAILOR_HNS	TRAINER_CLASS_SAILOR_HNS	SAILOR	선원		TRAINER_PIC_SAILOR	TRAINER_PIC_SAILOR		Male	Male	이름,표시명
TRAINER_STAN_HNS	배치(맵 오브젝트)	해당 없음(원작 인물 없음)	STAN	STAN	TRAINER_CLASS_SUPER_NERD_HNS	TRAINER_CLASS_SUPER_NERD_HNS	SUPER NERD	이과계의 남자		TRAINER_PIC_SUPER_NERD_HNS	TRAINER_PIC_SUPER_NERD_HNS		Male	Male	표시명
TRAINER_ERIC_HNS	배치(맵 오브젝트)	그림만 변경(바로 가능)	ERIC	무영	TRAINER_CLASS_SUPER_NERD_HNS	TRAINER_CLASS_SUPER_NERD_HNS	SUPER NERD	이과계의 남자		TRAINER_PIC_SUPER_NERD_HNS	TRAINER_PIC_SUPER_NERD_HNS		Male	Male	이름,표시명
TRAINER_GREGG_HNS	미배치(참조 없음)	제외(미배치 — 데이터 유지)	GREGG	GREGG	TRAINER_CLASS_SUPER_NERD_HNS	TRAINER_CLASS_SUPER_NERD_HNS	SUPER NERD	이과계의 남자		TRAINER_PIC_SUPER_NERD_HNS	TRAINER_PIC_SUPER_NERD_HNS		Male	Male	표시명
TRAINER_JAY_HNS	미배치(참조 없음)	제외(미배치 — 데이터 유지)	JAY	JAY	TRAINER_CLASS_SUPER_NERD_HNS	TRAINER_CLASS_SUPER_NERD_HNS	SUPER NERD	이과계의 남자		TRAINER_PIC_SUPER_NERD_HNS	TRAINER_PIC_SUPER_NERD_HNS		Male	Male	표시명
TRAINER_DAVE_HNS	미배치(참조 없음)	제외(미배치 — 데이터 유지)	DAVE	DAVE	TRAINER_CLASS_SUPER_NERD_HNS	TRAINER_CLASS_SUPER_NERD_HNS	SUPER NERD	이과계의 남자		TRAINER_PIC_SUPER_NERD_HNS	TRAINER_PIC_SUPER_NERD_HNS		Male	Male	표시명
TRAINER_SAM_HNS	배치(맵 오브젝트)	그림만 변경(바로 가능)	SAM	중철	TRAINER_CLASS_SUPER_NERD_HNS	TRAINER_CLASS_SUPER_NERD_HNS	SUPER NERD	이과계의 남자		TRAINER_PIC_SUPER_NERD_HNS	TRAINER_PIC_SUPER_NERD_HNS		Male	Male	이름,표시명
TRAINER_TOM_HNS	배치(맵 오브젝트)	그림만 변경(바로 가능)	TOM	단	TRAINER_CLASS_SUPER_NERD_HNS	TRAINER_CLASS_SUPER_NERD_HNS	SUPER NERD	이과계의 남자		TRAINER_PIC_SUPER_NERD_HNS	TRAINER_PIC_SUPER_NERD_HNS		Male	Male	이름,표시명
TRAINER_PAT_HNS	배치(맵 오브젝트)	그림만 변경(바로 가능)	PAT	명준	TRAINER_CLASS_SUPER_NERD_HNS	TRAINER_CLASS_SUPER_NERD_HNS	SUPER NERD	이과계의 남자		TRAINER_PIC_SUPER_NERD_HNS	TRAINER_PIC_SUPER_NERD_HNS		Male	Male	이름,표시명
TRAINER_SHAWN_HNS	미배치(참조 없음)	제외(미배치 — 데이터 유지)	SHAWN	SHAWN	TRAINER_CLASS_SUPER_NERD_HNS	TRAINER_CLASS_SUPER_NERD_HNS	SUPER NERD	이과계의 남자		TRAINER_PIC_SUPER_NERD_HNS	TRAINER_PIC_SUPER_NERD_HNS		Male	Male	표시명
TRAINER_TERU_HNS	배치(맵 오브젝트)	그림만 변경(바로 가능)	TERU	철우	TRAINER_CLASS_SUPER_NERD_HNS	TRAINER_CLASS_SUPER_NERD_HNS	SUPER NERD	이과계의 남자		TRAINER_PIC_SUPER_NERD_HNS	TRAINER_PIC_SUPER_NERD_HNS		Male	Male	이름,표시명
TRAINER_RUSS_HNS	미배치(참조 없음)	제외(미배치 — 데이터 유지)	RUSS	RUSS	TRAINER_CLASS_SUPER_NERD_HNS	TRAINER_CLASS_SUPER_NERD_HNS	SUPER NERD	이과계의 남자		TRAINER_PIC_SUPER_NERD_HNS	TRAINER_PIC_SUPER_NERD_HNS		Male	Male	표시명
TRAINER_NORTON_HNS	미배치(참조 없음)	제외(미배치 — 데이터 유지)	NORTON	NORTON	TRAINER_CLASS_SUPER_NERD_HNS	TRAINER_CLASS_SUPER_NERD_HNS	SUPER NERD	이과계의 남자		TRAINER_PIC_SUPER_NERD_HNS	TRAINER_PIC_SUPER_NERD_HNS		Male	Male	표시명
TRAINER_HUGH_HNS	배치(맵 오브젝트)	그림만 변경(바로 가능)	HUGH	효문	TRAINER_CLASS_SUPER_NERD_HNS	TRAINER_CLASS_SUPER_NERD_HNS	SUPER NERD	이과계의 남자		TRAINER_PIC_SUPER_NERD_HNS	TRAINER_PIC_SUPER_NERD_HNS		Male	Male	이름,표시명
TRAINER_MARKUS_HNS	배치(맵 오브젝트)	그림만 변경(바로 가능)	MARKUS	학사	TRAINER_CLASS_SUPER_NERD_HNS	TRAINER_CLASS_SUPER_NERD_HNS	SUPER NERD	이과계의 남자		TRAINER_PIC_SUPER_NERD_HNS	TRAINER_PIC_SUPER_NERD_HNS		Male	Male	이름,표시명
TRAINER_CLYDE_HNS	배치(맵 오브젝트)	변경 없음	CLYDE	강병	TRAINER_CLASS_GUITARIST_HNS	TRAINER_CLASS_GUITARIST_HNS	GUITARIST	기타리스트		TRAINER_PIC_GUITARIST	TRAINER_PIC_GUITARIST		Male	Male	이름,표시명
TRAINER_VINCENT_HNS	배치(맵 오브젝트)	변경 없음	VINCENT	순호	TRAINER_CLASS_GUITARIST_HNS	TRAINER_CLASS_GUITARIST_HNS	GUITARIST	기타리스트		TRAINER_PIC_GUITARIST	TRAINER_PIC_GUITARIST		Male	Male	이름,표시명
TRAINER_ANTHONY_HNS	배치(맵 오브젝트)	변경 없음	ANTHONY	스톰	TRAINER_CLASS_HIKER_HNS	TRAINER_CLASS_HIKER_HNS	HIKER	등산가		TRAINER_PIC_HIKER	TRAINER_PIC_HIKER		Male	Male	이름,표시명
TRAINER_RUSSELL_HNS	배치(맵 오브젝트)	변경 없음	RUSSELL	대운	TRAINER_CLASS_HIKER_HNS	TRAINER_CLASS_HIKER_HNS	HIKER	등산가		TRAINER_PIC_HIKER	TRAINER_PIC_HIKER		Male	Male	이름,표시명
TRAINER_PHILLIP_HNS	배치(맵 오브젝트)	변경 없음	PHILLIP	검후	TRAINER_CLASS_HIKER_HNS	TRAINER_CLASS_HIKER_HNS	HIKER	등산가		TRAINER_PIC_HIKER	TRAINER_PIC_HIKER		Male	Male	이름,표시명
TRAINER_LEONARD_HNS	배치(맵 오브젝트)	변경 없음	LEONARD	정문	TRAINER_CLASS_HIKER_HNS	TRAINER_CLASS_HIKER_HNS	HIKER	등산가		TRAINER_PIC_HIKER	TRAINER_PIC_HIKER		Male	Male	이름,표시명
TRAINER_BENJAMIN_HNS	배치(맵 오브젝트)	변경 없음	BENJAMIN	해원	TRAINER_CLASS_HIKER_HNS	TRAINER_CLASS_HIKER_HNS	HIKER	등산가		TRAINER_PIC_HIKER	TRAINER_PIC_HIKER		Male	Male	이름,표시명
TRAINER_ERIK_HNS	배치(맵 오브젝트)	변경 없음	ERIK	해원	TRAINER_CLASS_HIKER_HNS	TRAINER_CLASS_HIKER_HNS	HIKER	등산가		TRAINER_PIC_HIKER	TRAINER_PIC_HIKER		Male	Male	이름,표시명
TRAINER_MICHAEL_HNS	배치(맵 오브젝트)	변경 없음	MICHAEL	명남	TRAINER_CLASS_HIKER_HNS	TRAINER_CLASS_HIKER_HNS	HIKER	등산가		TRAINER_PIC_HIKER	TRAINER_PIC_HIKER		Male	Male	이름,표시명
TRAINER_PARRY_HNS	배치(맵 오브젝트)	변경 없음	PARRY	도선	TRAINER_CLASS_HIKER_HNS	TRAINER_CLASS_HIKER_HNS	HIKER	등산가		TRAINER_PIC_HIKER	TRAINER_PIC_HIKER		Male	Male	이름,표시명
TRAINER_TIMOTHY_HNS	배치(맵 오브젝트)	변경 없음	TIMOTHY	창비	TRAINER_CLASS_HIKER_HNS	TRAINER_CLASS_HIKER_HNS	HIKER	등산가		TRAINER_PIC_HIKER	TRAINER_PIC_HIKER		Male	Male	이름,표시명
TRAINER_BAILEY_HNS	배치(맵 오브젝트)	변경 없음	BAILEY	정인	TRAINER_CLASS_HIKER_HNS	TRAINER_CLASS_HIKER_HNS	HIKER	등산가		TRAINER_PIC_HIKER	TRAINER_PIC_HIKER		Male	Male	이름,표시명
TRAINER_TIM_HNS	배치(맵 오브젝트)	변경 없음	TIM	정도	TRAINER_CLASS_HIKER_HNS	TRAINER_CLASS_HIKER_HNS	HIKER	등산가		TRAINER_PIC_HIKER	TRAINER_PIC_HIKER		Male	Male	이름,표시명
TRAINER_NOLAND_HNS	배치(맵 오브젝트)	변경 없음	NOLAND	광일	TRAINER_CLASS_HIKER_HNS	TRAINER_CLASS_HIKER_HNS	HIKER	등산가		TRAINER_PIC_HIKER	TRAINER_PIC_HIKER		Male	Male	이름,표시명
TRAINER_SIDNEY_HNS	배치(맵 오브젝트)	변경 없음	SIDNEY	효명	TRAINER_CLASS_HIKER_HNS	TRAINER_CLASS_HIKER_HNS	HIKER	등산가		TRAINER_PIC_HIKER	TRAINER_PIC_HIKER		Male	Male	이름,표시명
TRAINER_KENNY_HNS	배치(맵 오브젝트)	변경 없음	KENNY	지찬	TRAINER_CLASS_HIKER_HNS	TRAINER_CLASS_HIKER_HNS	HIKER	등산가		TRAINER_PIC_HIKER	TRAINER_PIC_HIKER		Male	Male	이름,표시명
TRAINER_JIM_HNS	배치(맵 오브젝트)	변경 없음	JIM	돌석	TRAINER_CLASS_HIKER_HNS	TRAINER_CLASS_HIKER_HNS	HIKER	등산가		TRAINER_PIC_HIKER	TRAINER_PIC_HIKER		Male	Male	이름,표시명
TRAINER_DEVIN_HNS	배치(맵 오브젝트)	변경 없음	DEVIN	대산	TRAINER_CLASS_HIKER_HNS	TRAINER_CLASS_HIKER_HNS	HIKER	등산가		TRAINER_PIC_HIKER	TRAINER_PIC_HIKER		Male	Male	이름,표시명
TRAINER_DANIEL_HNS	배치(맵 오브젝트)	변경 없음	DANIEL	석후	TRAINER_CLASS_HIKER_HNS	TRAINER_CLASS_HIKER_HNS	HIKER	등산가		TRAINER_PIC_HIKER	TRAINER_PIC_HIKER		Male	Male	이름,표시명
TRAINER_KAZU_HNS	미배치(참조 없음)	제외(미배치 — 데이터 유지)	KAZU	KAZU	TRAINER_CLASS_BIKER_HNS	TRAINER_CLASS_BIKER_HNS	BIKER	폭주족		TRAINER_PIC_BIKER_HNS	TRAINER_PIC_BIKER_HNS		Male	Male	표시명
TRAINER_DWAYNE_HNS	배치(맵 오브젝트)	그림 보류(원작 그림 없음)	DWAYNE	성무	TRAINER_CLASS_BIKER_HNS	TRAINER_CLASS_BIKER_HNS	BIKER	폭주족		TRAINER_PIC_BIKER_HNS	TRAINER_PIC_BIKER_HNS		Male	Male	이름,표시명
TRAINER_HARRIS_HNS	배치(맵 오브젝트)	그림 보류(원작 그림 없음)	HARRIS	한수	TRAINER_CLASS_BIKER_HNS	TRAINER_CLASS_BIKER_HNS	BIKER	폭주족		TRAINER_PIC_BIKER_HNS	TRAINER_PIC_BIKER_HNS		Male	Male	이름,표시명
TRAINER_ZEKE_HNS	배치(맵 오브젝트)	그림 보류(원작 그림 없음)	ZEKE	금현	TRAINER_CLASS_BIKER_HNS	TRAINER_CLASS_BIKER_HNS	BIKER	폭주족		TRAINER_PIC_BIKER_HNS	TRAINER_PIC_BIKER_HNS		Male	Male	이름,표시명
TRAINER_CHARLES_HNS	배치(맵 오브젝트)	그림 보류(원작 그림 없음)	CHARLES	CHARLES	TRAINER_CLASS_BIKER_HNS	TRAINER_CLASS_BIKER_HNS	BIKER	폭주족		TRAINER_PIC_BIKER_HNS	TRAINER_PIC_BIKER_HNS		Male	Male	표시명
TRAINER_RILEY_HNS	배치(맵 오브젝트)	그림 보류(원작 그림 없음)	RILEY	용아	TRAINER_CLASS_BIKER_HNS	TRAINER_CLASS_BIKER_HNS	BIKER	폭주족		TRAINER_PIC_BIKER_HNS	TRAINER_PIC_BIKER_HNS		Male	Male	이름,표시명
TRAINER_JOEL_HNS	배치(맵 오브젝트)	그림 보류(원작 그림 없음)	JOEL	주성	TRAINER_CLASS_BIKER_HNS	TRAINER_CLASS_BIKER_HNS	BIKER	폭주족		TRAINER_PIC_BIKER_HNS	TRAINER_PIC_BIKER_HNS		Male	Male	이름,표시명
TRAINER_GLENN_HNS	배치(맵 오브젝트)	그림 보류(원작 그림 없음)	GLENN	수인	TRAINER_CLASS_BIKER_HNS	TRAINER_CLASS_BIKER_HNS	BIKER	폭주족		TRAINER_PIC_BIKER_HNS	TRAINER_PIC_BIKER_HNS		Male	Male	이름,표시명
TRAINER_DUNCAN_HNS	배치(맵 오브젝트)	변경 없음	DUNCAN	보성	TRAINER_CLASS_BURGLAR_HNS	TRAINER_CLASS_BURGLAR_HNS	BURGLAR	불난집 전문털이범		TRAINER_PIC_BURGLAR_HNS	TRAINER_PIC_BURGLAR_HNS		Male	Male	이름,표시명
TRAINER_EDDIE_HNS	배치(맵 오브젝트)	변경 없음	EDDIE	중경	TRAINER_CLASS_BURGLAR_HNS	TRAINER_CLASS_BURGLAR_HNS	BURGLAR	불난집 전문털이범		TRAINER_PIC_BURGLAR_HNS	TRAINER_PIC_BURGLAR_HNS		Male	Male	이름,표시명
TRAINER_RICHARDO_HNS	배치(맵 오브젝트)	보류(동일 인물 불확실)	RICHARDO	RICHARDO	TRAINER_CLASS_BURGLAR_HNS	TRAINER_CLASS_BURGLAR_HNS	BURGLAR	불난집 전문털이범		TRAINER_PIC_BURGLAR_HNS	TRAINER_PIC_BURGLAR_HNS		Male	Male	표시명
TRAINER_NARD_HNS	배치(맵 오브젝트)	보류(동일 인물 불확실)	NARD	NARD	TRAINER_CLASS_FIREBREATHER_HNS	TRAINER_CLASS_FIREBREATHER_HNS	FIREBREATHER	불놀이꾼		TRAINER_PIC_FIREBREATHER_HNS	TRAINER_PIC_FIREBREATHER_HNS		Male	Male	표시명
TRAINER_COREY_HNS	배치(맵 오브젝트)	클래스+그림 변경(바로 가능)	COREY	강남	TRAINER_CLASS_FIREBREATHER_HNS	TRAINER_CLASS_BURGLAR_HNS	FIREBREATHER	불난집 전문털이범	TRAINER_CLASS_FIREBREATHER_HNS	TRAINER_PIC_FIREBREATHER_HNS	TRAINER_PIC_BURGLAR_HNS		Male	Male	이름,클래스,표시명,그림 ID
TRAINER_OTIS_HNS	배치(맵 오브젝트)	변경 없음	OTIS	명인	TRAINER_CLASS_FIREBREATHER_HNS	TRAINER_CLASS_FIREBREATHER_HNS	FIREBREATHER	불놀이꾼		TRAINER_PIC_FIREBREATHER_HNS	TRAINER_PIC_FIREBREATHER_HNS		Male	Male	이름,표시명
TRAINER_DICK_HNS	미배치(참조 없음)	제외(미배치 — 데이터 유지)	DICK	DICK	TRAINER_CLASS_FIREBREATHER_HNS	TRAINER_CLASS_FIREBREATHER_HNS	FIREBREATHER	불놀이꾼		TRAINER_PIC_FIREBREATHER_HNS	TRAINER_PIC_FIREBREATHER_HNS		Male	Male	표시명
TRAINER_NED_HNS	미배치(참조 없음)	제외(미배치 — 데이터 유지)	NED	NED	TRAINER_CLASS_FIREBREATHER_HNS	TRAINER_CLASS_FIREBREATHER_HNS	FIREBREATHER	불놀이꾼		TRAINER_PIC_FIREBREATHER_HNS	TRAINER_PIC_FIREBREATHER_HNS		Male	Male	표시명
TRAINER_BURT_HNS	배치(맵 오브젝트)	변경 없음	BURT	신명	TRAINER_CLASS_FIREBREATHER_HNS	TRAINER_CLASS_FIREBREATHER_HNS	FIREBREATHER	불놀이꾼		TRAINER_PIC_FIREBREATHER_HNS	TRAINER_PIC_FIREBREATHER_HNS		Male	Male	이름,표시명
TRAINER_BILL_HNS	배치(맵 오브젝트)	변경 없음	BILL	복남	TRAINER_CLASS_FIREBREATHER_HNS	TRAINER_CLASS_FIREBREATHER_HNS	FIREBREATHER	불놀이꾼		TRAINER_PIC_FIREBREATHER_HNS	TRAINER_PIC_FIREBREATHER_HNS		Male	Male	이름,표시명
TRAINER_WALT_HNS	배치(맵 오브젝트)	변경 없음	WALT	준청	TRAINER_CLASS_FIREBREATHER_HNS	TRAINER_CLASS_FIREBREATHER_HNS	FIREBREATHER	불놀이꾼		TRAINER_PIC_FIREBREATHER_HNS	TRAINER_PIC_FIREBREATHER_HNS		Male	Male	이름,표시명
TRAINER_RAY_HNS	배치(맵 오브젝트)	변경 없음	RAY	태안	TRAINER_CLASS_FIREBREATHER_HNS	TRAINER_CLASS_FIREBREATHER_HNS	FIREBREATHER	불놀이꾼		TRAINER_PIC_FIREBREATHER_HNS	TRAINER_PIC_FIREBREATHER_HNS		Male	Male	이름,표시명
TRAINER_LYLE_HNS	배치(맵 오브젝트)	변경 없음	LYLE	다인	TRAINER_CLASS_FIREBREATHER_HNS	TRAINER_CLASS_FIREBREATHER_HNS	FIREBREATHER	불놀이꾼		TRAINER_PIC_FIREBREATHER_HNS	TRAINER_PIC_FIREBREATHER_HNS		Male	Male	이름,표시명
TRAINER_IRWIN_HNS	배치(맵 오브젝트)	변경 없음	IRWIN	마이크	TRAINER_CLASS_JUGGLER_HNS	TRAINER_CLASS_JUGGLER_HNS	JUGGLER	저글러		TRAINER_PIC_JUGGLER_HNS	TRAINER_PIC_JUGGLER_HNS		Male	Male	이름,표시명
TRAINER_FRITZ_HNS	배치(맵 오브젝트)	변경 없음	FRITZ	죤	TRAINER_CLASS_JUGGLER_HNS	TRAINER_CLASS_JUGGLER_HNS	JUGGLER	저글러		TRAINER_PIC_JUGGLER_HNS	TRAINER_PIC_JUGGLER_HNS		Male	Male	이름,표시명
TRAINER_HORTON_HNS	배치(맵 오브젝트)	변경 없음	HORTON	죠나단	TRAINER_CLASS_JUGGLER_HNS	TRAINER_CLASS_JUGGLER_HNS	JUGGLER	저글러		TRAINER_PIC_JUGGLER_HNS	TRAINER_PIC_JUGGLER_HNS		Male	Male	이름,표시명
TRAINER_KENJI_HNS	배치(맵 오브젝트)	그림 보류(원작 그림 없음)	KENJI	무덕	TRAINER_CLASS_BLACK_BELT_HNS	TRAINER_CLASS_BLACK_BELT_HNS	BLACK BELT	태권왕		TRAINER_PIC_BLACK_BELT	TRAINER_PIC_BLACK_BELT		Male	Male	이름,표시명
TRAINER_YOSHI_HNS	배치(맵 오브젝트)	그림 보류(원작 그림 없음)	YOSHI	경중	TRAINER_CLASS_BLACK_BELT_HNS	TRAINER_CLASS_BLACK_BELT_HNS	BLACK BELT	태권왕		TRAINER_PIC_BLACK_BELT	TRAINER_PIC_BLACK_BELT		Male	Male	이름,표시명
TRAINER_LAO_HNS	배치(맵 오브젝트)	그림 보류(원작 그림 없음)	LAO	주원	TRAINER_CLASS_BLACK_BELT_HNS	TRAINER_CLASS_BLACK_BELT_HNS	BLACK BELT	태권왕		TRAINER_PIC_BLACK_BELT	TRAINER_PIC_BLACK_BELT		Male	Male	이름,표시명
TRAINER_NOB_HNS	배치(맵 오브젝트)	그림 보류(원작 그림 없음)	NOB	봉주	TRAINER_CLASS_BLACK_BELT_HNS	TRAINER_CLASS_BLACK_BELT_HNS	BLACK BELT	태권왕		TRAINER_PIC_BLACK_BELT	TRAINER_PIC_BLACK_BELT		Male	Male	이름,표시명
TRAINER_KIYO_HNS	배치(맵 오브젝트)	그림 보류(원작 그림 없음)	KIYO	노현	TRAINER_CLASS_BLACK_BELT_HNS	TRAINER_CLASS_BLACK_BELT_HNS	BLACK BELT	태권왕		TRAINER_PIC_BLACK_BELT	TRAINER_PIC_BLACK_BELT		Male	Male	이름,표시명
TRAINER_LUNG_HNS	배치(맵 오브젝트)	그림 보류(원작 그림 없음)	LUNG	삼화	TRAINER_CLASS_BLACK_BELT_HNS	TRAINER_CLASS_BLACK_BELT_HNS	BLACK BELT	태권왕		TRAINER_PIC_BLACK_BELT	TRAINER_PIC_BLACK_BELT		Male	Male	이름,표시명
TRAINER_WAI_HNS	배치(맵 오브젝트)	그림 보류(원작 그림 없음)	WAI	웅대	TRAINER_CLASS_BLACK_BELT_HNS	TRAINER_CLASS_BLACK_BELT_HNS	BLACK BELT	태권왕		TRAINER_PIC_BLACK_BELT	TRAINER_PIC_BLACK_BELT		Male	Male	이름,표시명
TRAINER_NATHAN_HNS	배치(맵 오브젝트)	그림 보류(원작 그림 없음)	NATHAN	상아	TRAINER_CLASS_PSYCHIC_M_HNS	TRAINER_CLASS_PSYCHIC_M_HNS	PSYCHIC	초능력자		TRAINER_PIC_PSYCHIC_M_HNS	TRAINER_PIC_PSYCHIC_M_HGSS_HNS		Male	Male	이름,표시명,그림 ID
TRAINER_FRANKLIN_HNS	배치(맵 오브젝트)	그림 보류(원작 그림 없음)	FRANKLIN	능산	TRAINER_CLASS_PSYCHIC_M_HNS	TRAINER_CLASS_PSYCHIC_M_HNS	PSYCHIC	초능력자		TRAINER_PIC_PSYCHIC_M_HNS	TRAINER_PIC_PSYCHIC_M_HGSS_HNS		Male	Male	이름,표시명,그림 ID
TRAINER_HERMAN_HNS	배치(맵 오브젝트)	그림 보류(원작 그림 없음)	HERMAN	데이빗	TRAINER_CLASS_PSYCHIC_M_HNS	TRAINER_CLASS_PSYCHIC_M_HNS	PSYCHIC	초능력자		TRAINER_PIC_PSYCHIC_M_HNS	TRAINER_PIC_PSYCHIC_M_HGSS_HNS		Male	Male	이름,표시명,그림 ID
TRAINER_FIDEL_HNS	배치(맵 오브젝트)	그림 보류(원작 그림 없음)	FIDEL	강정	TRAINER_CLASS_PSYCHIC_M_HNS	TRAINER_CLASS_PSYCHIC_M_HNS	PSYCHIC	초능력자		TRAINER_PIC_PSYCHIC_M_HNS	TRAINER_PIC_PSYCHIC_M_HGSS_HNS		Male	Male	이름,표시명,그림 ID
TRAINER_GREG_HNS	배치(맵 오브젝트)	그림 보류(원작 그림 없음)	GREG	도제	TRAINER_CLASS_PSYCHIC_M_HNS	TRAINER_CLASS_PSYCHIC_M_HNS	PSYCHIC	초능력자		TRAINER_PIC_PSYCHIC_M_HNS	TRAINER_PIC_PSYCHIC_M_HGSS_HNS		Male	Male	이름,표시명,그림 ID
TRAINER_NORMAN_HNS	배치(맵 오브젝트)	그림 보류(원작 그림 없음)	NORMAN	가인	TRAINER_CLASS_PSYCHIC_M_HNS	TRAINER_CLASS_PSYCHIC_M_HNS	PSYCHIC	초능력자		TRAINER_PIC_PSYCHIC_M_HNS	TRAINER_PIC_PSYCHIC_M_HGSS_HNS		Male	Male	이름,표시명,그림 ID
TRAINER_MARK_HNS	배치(맵 오브젝트)	그림 보류(원작 그림 없음)	MARK	빈	TRAINER_CLASS_PSYCHIC_M_HNS	TRAINER_CLASS_PSYCHIC_M_HNS	PSYCHIC	초능력자		TRAINER_PIC_PSYCHIC_M_HNS	TRAINER_PIC_PSYCHIC_M_HGSS_HNS		Male	Male	이름,표시명,그림 ID
TRAINER_PHIL_HNS	배치(맵 오브젝트)	그림 보류(원작 그림 없음)	PHIL	준	TRAINER_CLASS_PSYCHIC_M_HNS	TRAINER_CLASS_PSYCHIC_M_HNS	PSYCHIC	초능력자		TRAINER_PIC_PSYCHIC_M_HNS	TRAINER_PIC_PSYCHIC_M_HGSS_HNS		Male	Male	이름,표시명,그림 ID
TRAINER_RICHARD_HNS	배치(맵 오브젝트)	그림 보류(원작 그림 없음)	RICHARD	연광	TRAINER_CLASS_PSYCHIC_M_HNS	TRAINER_CLASS_PSYCHIC_M_HNS	PSYCHIC	초능력자		TRAINER_PIC_PSYCHIC_M_HNS	TRAINER_PIC_PSYCHIC_M_HGSS_HNS		Male	Male	이름,표시명,그림 ID
TRAINER_GILBERT_HNS	배치(맵 오브젝트)	그림 보류(원작 그림 없음)	GILBERT	박제	TRAINER_CLASS_PSYCHIC_M_HNS	TRAINER_CLASS_PSYCHIC_M_HNS	PSYCHIC	초능력자		TRAINER_PIC_PSYCHIC_M_HNS	TRAINER_PIC_PSYCHIC_M_HGSS_HNS		Male	Male	이름,표시명,그림 ID
TRAINER_JARED_HNS	배치(맵 오브젝트)	그림 보류(원작 그림 없음)	JARED	민철	TRAINER_CLASS_PSYCHIC_M_HNS	TRAINER_CLASS_PSYCHIC_M_HNS	PSYCHIC	초능력자		TRAINER_PIC_PSYCHIC_M_HNS	TRAINER_PIC_PSYCHIC_M_HGSS_HNS		Male	Male	이름,표시명,그림 ID
TRAINER_RODNEY_HNS	미배치(참조 없음)	제외(미배치 — 데이터 유지)	RODNEY	RODNEY	TRAINER_CLASS_PSYCHIC_M_HNS	TRAINER_CLASS_PSYCHIC_M_HNS	PSYCHIC	초능력자		TRAINER_PIC_PSYCHIC_M_HNS	TRAINER_PIC_PSYCHIC_M_HNS		Male	Male	표시명
TRAINER_LIZ_HNS	배치(맵 오브젝트)	그림 보류(원작 그림 없음)	LIZ	은향	TRAINER_CLASS_PICNICKER_HNS	TRAINER_CLASS_PICNICKER_HNS	PICNICKER	피크닉걸		TRAINER_PIC_PICNICKER	TRAINER_PIC_PICNICKER_HGSS_HNS		Male	Female	이름,표시명,그림 ID,성별
TRAINER_GINA_HNS	배치(맵 오브젝트)	그림 보류(원작 그림 없음)	GINA	수수	TRAINER_CLASS_PICNICKER_HNS	TRAINER_CLASS_PICNICKER_HNS	PICNICKER	피크닉걸		TRAINER_PIC_PICNICKER	TRAINER_PIC_PICNICKER_HGSS_HNS		Male	Female	이름,표시명,그림 ID,성별
TRAINER_BROOKE_HNS	배치(맵 오브젝트)	그림 보류(원작 그림 없음)	BROOKE	도혜	TRAINER_CLASS_PICNICKER_HNS	TRAINER_CLASS_PICNICKER_HNS	PICNICKER	피크닉걸		TRAINER_PIC_PICNICKER	TRAINER_PIC_PICNICKER_HGSS_HNS		Male	Female	이름,표시명,그림 ID,성별
TRAINER_KIM_HNS	배치(맵 오브젝트)	그림 보류(원작 그림 없음)	KIM	연화	TRAINER_CLASS_PICNICKER_HNS	TRAINER_CLASS_PICNICKER_HNS	PICNICKER	피크닉걸		TRAINER_PIC_PICNICKER	TRAINER_PIC_PICNICKER_HGSS_HNS		Male	Female	이름,표시명,그림 ID,성별
TRAINER_CINDY_HNS	배치(맵 오브젝트)	그림 보류(원작 그림 없음)	CINDY	미지	TRAINER_CLASS_PICNICKER_HNS	TRAINER_CLASS_PICNICKER_HNS	PICNICKER	피크닉걸		TRAINER_PIC_PICNICKER	TRAINER_PIC_PICNICKER_HGSS_HNS		Male	Female	이름,표시명,그림 ID,성별
TRAINER_HOPE_HNS	배치(맵 오브젝트)	그림 보류(원작 그림 없음)	HOPE	민지	TRAINER_CLASS_PICNICKER_HNS	TRAINER_CLASS_PICNICKER_HNS	PICNICKER	피크닉걸		TRAINER_PIC_PICNICKER	TRAINER_PIC_PICNICKER_HGSS_HNS		Male	Female	이름,표시명,그림 ID,성별
TRAINER_SHARON_HNS	배치(맵 오브젝트)	그림 보류(원작 그림 없음)	SHARON	미정	TRAINER_CLASS_PICNICKER_HNS	TRAINER_CLASS_PICNICKER_HNS	PICNICKER	피크닉걸		TRAINER_PIC_PICNICKER	TRAINER_PIC_PICNICKER_HGSS_HNS		Male	Female	이름,표시명,그림 ID,성별
TRAINER_DEBRA_HNS	배치(맵 오브젝트)	그림 보류(원작 그림 없음)	DEBRA	진미	TRAINER_CLASS_PICNICKER_HNS	TRAINER_CLASS_PICNICKER_HNS	PICNICKER	피크닉걸		TRAINER_PIC_PICNICKER	TRAINER_PIC_PICNICKER_HGSS_HNS		Male	Female	이름,표시명,그림 ID,성별
TRAINER_ERIN_HNS	배치(맵 오브젝트)	그림 보류(원작 그림 없음)	ERIN	혜미	TRAINER_CLASS_PICNICKER_HNS	TRAINER_CLASS_PICNICKER_HNS	PICNICKER	피크닉걸		TRAINER_PIC_PICNICKER	TRAINER_PIC_PICNICKER_HGSS_HNS		Male	Female	이름,표시명,그림 ID,성별
TRAINER_HEIDI_HNS	배치(맵 오브젝트)	그림 보류(원작 그림 없음)	HEIDI	민주	TRAINER_CLASS_PICNICKER_HNS	TRAINER_CLASS_PICNICKER_HNS	PICNICKER	피크닉걸		TRAINER_PIC_PICNICKER	TRAINER_PIC_PICNICKER_HGSS_HNS		Male	Female	이름,표시명,그림 ID,성별
TRAINER_EDNA_HNS	배치(맵 오브젝트)	그림 보류(원작 그림 없음)	EDNA	귀진	TRAINER_CLASS_PICNICKER_HNS	TRAINER_CLASS_PICNICKER_HNS	PICNICKER	피크닉걸		TRAINER_PIC_PICNICKER	TRAINER_PIC_PICNICKER_HGSS_HNS		Male	Female	이름,표시명,그림 ID,성별
TRAINER_TIFFANY_HNS	배치(맵 오브젝트)	그림 보류(원작 그림 없음)	TIFFANY	소천	TRAINER_CLASS_PICNICKER_HNS	TRAINER_CLASS_PICNICKER_HNS	PICNICKER	피크닉걸		TRAINER_PIC_PICNICKER	TRAINER_PIC_PICNICKER_HGSS_HNS		Male	Female	이름,표시명,그림 ID,성별
TRAINER_TANYA_HNS	배치(맵 오브젝트)	그림 보류(원작 그림 없음)	TANYA	설지	TRAINER_CLASS_PICNICKER_HNS	TRAINER_CLASS_PICNICKER_HNS	PICNICKER	피크닉걸		TRAINER_PIC_PICNICKER	TRAINER_PIC_PICNICKER_HGSS_HNS		Male	Female	이름,표시명,그림 ID,성별
TRAINER_ROLAND_HNS	배치(맵 오브젝트)	변경 없음	ROLAND	고광	TRAINER_CLASS_CAMPER_HNS	TRAINER_CLASS_CAMPER_HNS	CAMPER	캠프보이		TRAINER_PIC_CAMPER	TRAINER_PIC_CAMPER		Male	Male	이름,표시명
TRAINER_TODD_HNS	배치(맵 오브젝트)	변경 없음	TODD	양길	TRAINER_CLASS_CAMPER_HNS	TRAINER_CLASS_CAMPER_HNS	CAMPER	캠프보이		TRAINER_PIC_CAMPER	TRAINER_PIC_CAMPER		Male	Male	이름,표시명
TRAINER_IVAN_HNS	배치(맵 오브젝트)	변경 없음	IVAN	한울	TRAINER_CLASS_CAMPER_HNS	TRAINER_CLASS_CAMPER_HNS	CAMPER	캠프보이		TRAINER_PIC_CAMPER	TRAINER_PIC_CAMPER		Male	Male	이름,표시명
TRAINER_ELLIOT_HNS	배치(맵 오브젝트)	변경 없음	ELLIOT	명웅	TRAINER_CLASS_CAMPER_HNS	TRAINER_CLASS_CAMPER_HNS	CAMPER	캠프보이		TRAINER_PIC_CAMPER	TRAINER_PIC_CAMPER		Male	Male	이름,표시명
TRAINER_BARRY_HNS	배치(맵 오브젝트)	변경 없음	BARRY	웅일	TRAINER_CLASS_CAMPER_HNS	TRAINER_CLASS_CAMPER_HNS	CAMPER	캠프보이		TRAINER_PIC_CAMPER	TRAINER_PIC_CAMPER		Male	Male	이름,표시명
TRAINER_LLOYD_HNS	배치(맵 오브젝트)	변경 없음	LLOYD	강수	TRAINER_CLASS_CAMPER_HNS	TRAINER_CLASS_CAMPER_HNS	CAMPER	캠프보이		TRAINER_PIC_CAMPER	TRAINER_PIC_CAMPER		Male	Male	이름,표시명
TRAINER_DEAN_HNS	배치(맵 오브젝트)	변경 없음	DEAN	웅도	TRAINER_CLASS_CAMPER_HNS	TRAINER_CLASS_CAMPER_HNS	CAMPER	캠프보이		TRAINER_PIC_CAMPER	TRAINER_PIC_CAMPER		Male	Male	이름,표시명
TRAINER_SID_HNS	배치(맵 오브젝트)	변경 없음	SID	용천	TRAINER_CLASS_CAMPER_HNS	TRAINER_CLASS_CAMPER_HNS	CAMPER	캠프보이		TRAINER_PIC_CAMPER	TRAINER_PIC_CAMPER		Male	Male	이름,표시명
TRAINER_HARVEY_HNS	미배치(참조 없음)	제외(미배치 — 데이터 유지)	HARVEY	HARVEY	TRAINER_CLASS_CAMPER_HNS	TRAINER_CLASS_CAMPER_HNS	CAMPER	캠프보이		TRAINER_PIC_CAMPER	TRAINER_PIC_CAMPER		Male	Male	표시명
TRAINER_DALE_HNS	미배치(참조 없음)	제외(미배치 — 데이터 유지)	DALE	DALE	TRAINER_CLASS_CAMPER_HNS	TRAINER_CLASS_CAMPER_HNS	CAMPER	캠프보이		TRAINER_PIC_CAMPER	TRAINER_PIC_CAMPER		Male	Male	표시명
TRAINER_TED_HNS	배치(맵 오브젝트)	변경 없음	TED	총일	TRAINER_CLASS_CAMPER_HNS	TRAINER_CLASS_CAMPER_HNS	CAMPER	캠프보이		TRAINER_PIC_CAMPER	TRAINER_PIC_CAMPER		Male	Male	이름,표시명
TRAINER_THOMAS_HNS	미배치(참조 없음)	제외(미배치 — 데이터 유지)	THOMAS	THOMAS	TRAINER_CLASS_CAMPER_HNS	TRAINER_CLASS_CAMPER_HNS	CAMPER	캠프보이		TRAINER_PIC_CAMPER	TRAINER_PIC_CAMPER		Male	Male	표시명
TRAINER_LEROY_HNS	미배치(참조 없음)	제외(미배치 — 데이터 유지)	LEROY	LEROY	TRAINER_CLASS_CAMPER_HNS	TRAINER_CLASS_CAMPER_HNS	CAMPER	캠프보이		TRAINER_PIC_CAMPER	TRAINER_PIC_CAMPER		Male	Male	표시명
TRAINER_DAVID_HNS	미배치(참조 없음)	제외(미배치 — 데이터 유지)	DAVID	DAVID	TRAINER_CLASS_CAMPER_HNS	TRAINER_CLASS_CAMPER_HNS	CAMPER	캠프보이		TRAINER_PIC_CAMPER	TRAINER_PIC_CAMPER		Male	Male	표시명
TRAINER_JOHN_HNS	미배치(참조 없음)	제외(미배치 — 데이터 유지)	JOHN	JOHN	TRAINER_CLASS_CAMPER_HNS	TRAINER_CLASS_CAMPER_HNS	CAMPER	캠프보이		TRAINER_PIC_CAMPER	TRAINER_PIC_CAMPER		Male	Male	표시명
TRAINER_JERRY_HNS	배치(맵 오브젝트)	변경 없음	JERRY	청풍	TRAINER_CLASS_CAMPER_HNS	TRAINER_CLASS_CAMPER_HNS	CAMPER	캠프보이		TRAINER_PIC_CAMPER	TRAINER_PIC_CAMPER		Male	Male	이름,표시명
TRAINER_GRANT_HNS	배치(맵 오브젝트)	변경 없음	GRANT	우람	TRAINER_CLASS_CAMPER_HNS	TRAINER_CLASS_CAMPER_HNS	CAMPER	캠프보이		TRAINER_PIC_CAMPER	TRAINER_PIC_CAMPER		Male	Male	이름,표시명
TRAINER_SPENCER_HNS	배치(맵 오브젝트)	변경 없음	SPENCER	대지	TRAINER_CLASS_CAMPER_HNS	TRAINER_CLASS_CAMPER_HNS	CAMPER	캠프보이		TRAINER_PIC_CAMPER	TRAINER_PIC_CAMPER		Male	Male	이름,표시명
TRAINER_QUENTIN_HNS	배치(맵 오브젝트)	해당 없음(원작 인물 없음)	QUENTIN	QUENTIN	TRAINER_CLASS_CAMPER_HNS	TRAINER_CLASS_CAMPER_HNS	CAMPER	캠프보이		TRAINER_PIC_CAMPER	TRAINER_PIC_CAMPER		Male	Male	표시명
TRAINER_CHOW_HNS	배치(맵 오브젝트)	변경 없음	CHOW	묵연	TRAINER_CLASS_SAGE_HNS	TRAINER_CLASS_SAGE_HNS	SAGE	수행자		TRAINER_PIC_SAGE_HNS	TRAINER_PIC_SAGE_HNS		Male	Male	이름,표시명
TRAINER_NICO_HNS	배치(맵 오브젝트)	변경 없음	NICO	진연	TRAINER_CLASS_SAGE_HNS	TRAINER_CLASS_SAGE_HNS	SAGE	수행자		TRAINER_PIC_SAGE_HNS	TRAINER_PIC_SAGE_HNS		Male	Male	이름,표시명
TRAINER_JIN_HNS	배치(맵 오브젝트)	변경 없음	JIN	상연	TRAINER_CLASS_SAGE_HNS	TRAINER_CLASS_SAGE_HNS	SAGE	수행자		TRAINER_PIC_SAGE_HNS	TRAINER_PIC_SAGE_HNS		Male	Male	이름,표시명
TRAINER_TROY_HNS	배치(맵 오브젝트)	변경 없음	TROY	명연	TRAINER_CLASS_SAGE_HNS	TRAINER_CLASS_SAGE_HNS	SAGE	수행자		TRAINER_PIC_SAGE_HNS	TRAINER_PIC_SAGE_HNS		Male	Male	이름,표시명
TRAINER_JEFFREY_HNS	배치(맵 오브젝트)	해당 없음(원작 인물 없음)	JEFFREY	은우	TRAINER_CLASS_SAGE_HNS	TRAINER_CLASS_SAGE_HNS	SAGE	수행자		TRAINER_PIC_SAGE_HNS	TRAINER_PIC_SAGE_HNS		Male	Male	이름,표시명
TRAINER_PING_HNS	배치(맵 오브젝트)	해당 없음(원작 인물 없음)	PING	위훈	TRAINER_CLASS_SAGE_HNS	TRAINER_CLASS_SAGE_HNS	SAGE	수행자		TRAINER_PIC_SAGE_HNS	TRAINER_PIC_SAGE_HNS		Male	Male	이름,표시명
TRAINER_EDMOND_HNS	배치(맵 오브젝트)	변경 없음	EDMOND	영창	TRAINER_CLASS_SAGE_HNS	TRAINER_CLASS_SAGE_HNS	SAGE	수행자		TRAINER_PIC_SAGE_HNS	TRAINER_PIC_SAGE_HNS		Male	Male	이름,표시명
TRAINER_NEAL_HNS	배치(맵 오브젝트)	변경 없음	NEAL	가연	TRAINER_CLASS_SAGE_HNS	TRAINER_CLASS_SAGE_HNS	SAGE	수행자		TRAINER_PIC_SAGE_HNS	TRAINER_PIC_SAGE_HNS		Male	Male	이름,표시명
TRAINER_LI_HNS	배치(맵 오브젝트)	클래스만 변경(그림은 이미 원작)	LI	청성	TRAINER_CLASS_SAGE_HNS	TRAINER_CLASS_ELDER_HNS	SAGE	장로	TRAINER_CLASS_SAGE_HNS	TRAINER_PIC_SAGE_LEADER_HNS	TRAINER_PIC_SAGE_LEADER_HNS		Male	Male	이름,클래스,표시명
TRAINER_GAKU_HNS	미배치(참조 없음)	제외(미배치 — 데이터 유지)	GAKU	GAKU	TRAINER_CLASS_SAGE_HNS	TRAINER_CLASS_SAGE_HNS	SAGE	수행자		TRAINER_PIC_SAGE_HNS	TRAINER_PIC_SAGE_HNS		Male	Male	표시명
TRAINER_MASA_HNS	미배치(참조 없음)	제외(미배치 — 데이터 유지)	MASA	MASA	TRAINER_CLASS_SAGE_HNS	TRAINER_CLASS_SAGE_HNS	SAGE	수행자		TRAINER_PIC_SAGE_HNS	TRAINER_PIC_SAGE_HNS		Male	Male	표시명
TRAINER_KOJI_HNS	미배치(참조 없음)	제외(미배치 — 데이터 유지)	KOJI	KOJI	TRAINER_CLASS_HEX_MANIAC_HNS	TRAINER_CLASS_HEX_MANIAC_HNS	HEX MANIAC	오컬트마니아		TRAINER_PIC_HEX_MANIAC	TRAINER_PIC_HEX_MANIAC		Male	Male	표시명
TRAINER_MARTHA_HNS	배치(맵 오브젝트)	클래스+그림 변경(바로 가능)	MARTHA	미연	TRAINER_CLASS_HEX_MANIAC_HNS	TRAINER_CLASS_MEDIUM_HNS	HEX MANIAC	무당	TRAINER_CLASS_HEX_MANIAC_HNS	TRAINER_PIC_HEX_MANIAC	TRAINER_PIC_MEDIUM_HNS		Male	Female	이름,클래스,표시명,그림 ID,성별
TRAINER_GRACE_HNS	배치(맵 오브젝트)	클래스+그림 변경(바로 가능)	GRACE	나영	TRAINER_CLASS_HEX_MANIAC_HNS	TRAINER_CLASS_MEDIUM_HNS	HEX MANIAC	무당	TRAINER_CLASS_HEX_MANIAC_HNS	TRAINER_PIC_HEX_MANIAC	TRAINER_PIC_MEDIUM_HNS		Male	Female	이름,클래스,표시명,그림 ID,성별
TRAINER_BETHANY_HNS	미배치(참조 없음)	제외(미배치 — 데이터 유지)	BETHANY	BETHANY	TRAINER_CLASS_HEX_MANIAC_HNS	TRAINER_CLASS_HEX_MANIAC_HNS	HEX MANIAC	오컬트마니아		TRAINER_PIC_HEX_MANIAC	TRAINER_PIC_HEX_MANIAC		Male	Male	표시명
TRAINER_MARGRET_HNS	미배치(참조 없음)	제외(미배치 — 데이터 유지)	MARGRET	MARGRET	TRAINER_CLASS_HEX_MANIAC_HNS	TRAINER_CLASS_HEX_MANIAC_HNS	HEX MANIAC	오컬트마니아		TRAINER_PIC_HEX_MANIAC	TRAINER_PIC_HEX_MANIAC		Male	Male	표시명
TRAINER_ETHEL_HNS	미배치(참조 없음)	제외(미배치 — 데이터 유지)	ETHEL	ETHEL	TRAINER_CLASS_HEX_MANIAC_HNS	TRAINER_CLASS_HEX_MANIAC_HNS	HEX MANIAC	오컬트마니아		TRAINER_PIC_HEX_MANIAC	TRAINER_PIC_HEX_MANIAC		Male	Male	표시명
TRAINER_REBECCA_HNS	배치(맵 오브젝트)	클래스+그림 변경(바로 가능)	REBECCA	정옥	TRAINER_CLASS_HEX_MANIAC_HNS	TRAINER_CLASS_MEDIUM_HNS	HEX MANIAC	무당	TRAINER_CLASS_HEX_MANIAC_HNS	TRAINER_PIC_HEX_MANIAC	TRAINER_PIC_MEDIUM_HNS		Male	Female	이름,클래스,표시명,그림 ID,성별
TRAINER_DORIS_HNS	배치(맵 오브젝트)	클래스+그림 변경(바로 가능)	DORIS	자양	TRAINER_CLASS_PSYCHIC_HNS	TRAINER_CLASS_MEDIUM_HNS	PSYCHIC	무당	TRAINER_CLASS_PSYCHIC_HNS	TRAINER_PIC_PSYCHIC_F	TRAINER_PIC_MEDIUM_HNS		Male	Female	이름,클래스,표시명,그림 ID,성별
TRAINER_RONALD_HNS	배치(맵 오브젝트)	클래스 변경 + 그림 보류	RONALD	태후	TRAINER_CLASS_SKIER_HNS	TRAINER_CLASS_BOARDER_HNS	SKIER	보더	TRAINER_CLASS_SKIER_HNS	TRAINER_PIC_SKIER_M_HNS	TRAINER_PIC_SKIER_M_HNS		Male	Male	이름,클래스,표시명
TRAINER_BRAD_HNS	배치(맵 오브젝트)	클래스 변경 + 그림 보류	BRAD	승준	TRAINER_CLASS_SKIER_HNS	TRAINER_CLASS_BOARDER_HNS	SKIER	보더	TRAINER_CLASS_SKIER_HNS	TRAINER_PIC_SKIER_M_HNS	TRAINER_PIC_SKIER_M_HNS		Male	Male	이름,클래스,표시명
TRAINER_DOUGLAS_HNS	배치(맵 오브젝트)	클래스 변경 + 그림 보류	DOUGLAS	금동	TRAINER_CLASS_SKIER_HNS	TRAINER_CLASS_BOARDER_HNS	SKIER	보더	TRAINER_CLASS_SKIER_HNS	TRAINER_PIC_SKIER_M_HNS	TRAINER_PIC_SKIER_M_HNS		Male	Male	이름,클래스,표시명
TRAINER_WILLIAM_HNS	배치(맵 오브젝트)	변경 없음	WILLIAM	인명	TRAINER_CLASS_POKEFAN_HNS	TRAINER_CLASS_POKEFAN_HNS	POKéFAN	애호가클럽		TRAINER_PIC_POKEFAN_M	TRAINER_PIC_POKEFAN_M		Male	Male	이름,표시명
TRAINER_DEREK_HNS	배치(맵 오브젝트)	변경 없음	DEREK	주선	TRAINER_CLASS_POKEFAN_HNS	TRAINER_CLASS_POKEFAN_HNS	POKéFAN	애호가클럽		TRAINER_PIC_POKEFAN_M	TRAINER_PIC_POKEFAN_M		Male	Male	이름,표시명
TRAINER_ROBERT_HNS	배치(맵 오브젝트)	변경 없음	ROBERT	정행	TRAINER_CLASS_POKEFAN_HNS	TRAINER_CLASS_POKEFAN_HNS	POKéFAN	애호가클럽		TRAINER_PIC_POKEFAN_M	TRAINER_PIC_POKEFAN_M		Male	Male	이름,표시명
TRAINER_JOSHUA_HNS	배치(맵 오브젝트)	변경 없음	JOSHUA	종범	TRAINER_CLASS_POKEFAN_HNS	TRAINER_CLASS_POKEFAN_HNS	POKéFAN	애호가클럽		TRAINER_PIC_POKEFAN_M	TRAINER_PIC_POKEFAN_M		Male	Male	이름,표시명
TRAINER_CARTER_HNS	배치(맵 오브젝트)	변경 없음	CARTER	길남	TRAINER_CLASS_POKEFAN_HNS	TRAINER_CLASS_POKEFAN_HNS	POKéFAN	애호가클럽		TRAINER_PIC_POKEFAN_M	TRAINER_PIC_POKEFAN_M		Male	Male	이름,표시명
TRAINER_TREVOR_HNS	배치(맵 오브젝트)	클래스+그림 변경(바로 가능)	TREVOR	기영	TRAINER_CLASS_JUGGLER_HNS	TRAINER_CLASS_POKEFAN_HNS	JUGGLER	애호가클럽	TRAINER_CLASS_JUGGLER_HNS	TRAINER_PIC_JUGGLER_HNS	TRAINER_PIC_POKEFAN_M		Male	Male	이름,클래스,표시명,그림 ID
TRAINER_BRANDON_HNS	배치(맵 오브젝트)	변경 없음	BRANDON	공작	TRAINER_CLASS_POKEFAN_HNS	TRAINER_CLASS_POKEFAN_HNS	POKéFAN	애호가클럽		TRAINER_PIC_POKEFAN_M	TRAINER_PIC_POKEFAN_M		Male	Male	이름,표시명
TRAINER_JEREMY_HNS	미배치(참조 없음)	제외(미배치 — 데이터 유지)	JEREMY	JEREMY	TRAINER_CLASS_POKEFAN_HNS	TRAINER_CLASS_POKEFAN_HNS	POKéFAN	애호가클럽		TRAINER_PIC_POKEFAN_M	TRAINER_PIC_POKEFAN_M		Male	Male	표시명
TRAINER_COLIN_HNS	배치(맵 오브젝트)	변경 없음	COLIN	동휘	TRAINER_CLASS_POKEFAN_HNS	TRAINER_CLASS_POKEFAN_HNS	POKéFAN	애호가클럽		TRAINER_PIC_POKEFAN_M	TRAINER_PIC_POKEFAN_M		Male	Male	이름,표시명
TRAINER_ALEX_HNS	배치(맵 오브젝트)	클래스+그림 변경(바로 가능)	ALEX	상학	TRAINER_CLASS_BATTLE_GIRL_HNS	TRAINER_CLASS_POKEFAN_HNS	BATTLE GIRL	애호가클럽	TRAINER_CLASS_BATTLE_GIRL_HNS	TRAINER_PIC_BATTLE_GIRL	TRAINER_PIC_POKEFAN_M		Male	Male	이름,클래스,표시명,그림 ID
TRAINER_REX_HNS	배치(맵 오브젝트)	변경 없음	REX	REX	TRAINER_CLASS_POKEFAN_HNS	TRAINER_CLASS_POKEFAN_HNS	POKéFAN	애호가클럽		TRAINER_PIC_POKEFAN_M	TRAINER_PIC_POKEFAN_M		Male	Male	표시명
TRAINER_ALLAN_HNS	배치(맵 오브젝트)	클래스+그림 변경(바로 가능)	ALLAN	ALLAN	TRAINER_CLASS_CAMPER_HNS	TRAINER_CLASS_POKEFAN_HNS	CAMPER	애호가클럽	TRAINER_CLASS_CAMPER_HNS	TRAINER_PIC_CAMPER	TRAINER_PIC_POKEFAN_M		Male	Male	클래스,표시명,그림 ID
TRAINER_NAOKO_HNS	배치(맵 오브젝트)	변경 없음	NAOKO	수정	TRAINER_CLASS_KIMONO_GIRL_HNS	TRAINER_CLASS_KIMONO_GIRL_HNS	KIMONO GIRL	전통무용수		TRAINER_PIC_KIMONO_GIRL_HNS	TRAINER_PIC_KIMONO_GIRL_HNS		Male	Female	이름,표시명,성별
TRAINER_SAYO_HNS	배치(맵 오브젝트)	변경 없음	SAYO	예솔	TRAINER_CLASS_KIMONO_GIRL_HNS	TRAINER_CLASS_KIMONO_GIRL_HNS	KIMONO GIRL	전통무용수		TRAINER_PIC_KIMONO_GIRL_HNS	TRAINER_PIC_KIMONO_GIRL_HNS		Male	Female	이름,표시명,성별
TRAINER_ZUKI_HNS	배치(맵 오브젝트)	변경 없음	ZUKI	옥희	TRAINER_CLASS_KIMONO_GIRL_HNS	TRAINER_CLASS_KIMONO_GIRL_HNS	KIMONO GIRL	전통무용수		TRAINER_PIC_KIMONO_GIRL_HNS	TRAINER_PIC_KIMONO_GIRL_HNS		Male	Female	이름,표시명,성별
TRAINER_KUNI_HNS	배치(맵 오브젝트)	변경 없음	KUNI	태희	TRAINER_CLASS_KIMONO_GIRL_HNS	TRAINER_CLASS_KIMONO_GIRL_HNS	KIMONO GIRL	전통무용수		TRAINER_PIC_KIMONO_GIRL_HNS	TRAINER_PIC_KIMONO_GIRL_HNS		Male	Female	이름,표시명,성별
TRAINER_MIKI_HNS	배치(맵 오브젝트)	변경 없음	MIKI	난주	TRAINER_CLASS_KIMONO_GIRL_HNS	TRAINER_CLASS_KIMONO_GIRL_HNS	KIMONO GIRL	전통무용수		TRAINER_PIC_KIMONO_GIRL_HNS	TRAINER_PIC_KIMONO_GIRL_HNS		Male	Female	이름,표시명,성별
TRAINER_AMY_AND_MAY_HNS	배치(맵 오브젝트)	그림 보류(원작 그림 없음)	AMY&MAY	루비&루미	TRAINER_CLASS_TWINS_HNS	TRAINER_CLASS_TWINS_HNS	TWINS	쌍둥이		TRAINER_PIC_TWINS_HNS	TRAINER_PIC_TWINS_HGSS_HNS		Male	Female	이름,표시명,그림 ID,성별
TRAINER_ANN_AND_ANNE_HNS	배치(맵 오브젝트)	그림 보류(원작 그림 없음)	ANN&ANNE	ANN&ANNE	TRAINER_CLASS_TWINS_HNS	TRAINER_CLASS_TWINS_HNS	TWINS	쌍둥이		TRAINER_PIC_TWINS_HNS	TRAINER_PIC_TWINS_HGSS_HNS		Male	Male	표시명,그림 ID
TRAINER_JO_AND_ZOE_HNS	배치(맵 오브젝트)	그림 보류(원작 그림 없음)	JO&ZOE	미키&마미	TRAINER_CLASS_TWINS_HNS	TRAINER_CLASS_TWINS_HNS	TWINS	쌍둥이		TRAINER_PIC_TWINS_HNS	TRAINER_PIC_TWINS_HGSS_HNS		Male	Female	이름,표시명,그림 ID,성별
TRAINER_MEG_AND_PEG_HNS	배치(맵 오브젝트)	그림 보류(원작 그림 없음)	MEG&PEG	아롱&다롱	TRAINER_CLASS_TWINS_HNS	TRAINER_CLASS_TWINS_HNS	TWINS	쌍둥이		TRAINER_PIC_TWINS_HNS	TRAINER_PIC_TWINS_HGSS_HNS		Male	Female	이름,표시명,그림 ID,성별
TRAINER_LEA_AND_PIA_HNS	배치(맵 오브젝트)	그림 보류(원작 그림 없음)	LEA&PIA	하란&희은	TRAINER_CLASS_TWINS_HNS	TRAINER_CLASS_TWINS_HNS	TWINS	쌍둥이		TRAINER_PIC_TWINS_HNS	TRAINER_PIC_TWINS_HGSS_HNS		Male	Female	이름,표시명,그림 ID,성별
TRAINER_BEVERLY_HNS	배치(맵 오브젝트)	클래스+그림 변경(바로 가능)	BEVERLY	희영	TRAINER_CLASS_PARASOL_LADY_HNS	TRAINER_CLASS_POKEFAN_HNS	PARASOL LADY	애호가클럽	TRAINER_CLASS_PARASOL_LADY_HNS	TRAINER_PIC_PARASOL_LADY	TRAINER_PIC_POKEFAN_F		Male	Female	이름,클래스,표시명,그림 ID,성별
TRAINER_RUTH_HNS	배치(맵 오브젝트)	클래스+그림 변경(바로 가능)	RUTH	한샘	TRAINER_CLASS_PARASOL_LADY_HNS	TRAINER_CLASS_POKEFAN_HNS	PARASOL LADY	애호가클럽	TRAINER_CLASS_PARASOL_LADY_HNS	TRAINER_PIC_PARASOL_LADY	TRAINER_PIC_POKEFAN_F		Male	Female	이름,클래스,표시명,그림 ID,성별
TRAINER_GEORGIA_HNS	미배치(참조 없음)	제외(미배치 — 데이터 유지)	GEORGIA	GEORGIA	TRAINER_CLASS_PARASOL_LADY_HNS	TRAINER_CLASS_PARASOL_LADY_HNS	PARASOL LADY	파라솔 아가씨		TRAINER_PIC_PARASOL_LADY	TRAINER_PIC_PARASOL_LADY		Male	Male	표시명
TRAINER_JAMIE_HNS	배치(맵 오브젝트)	클래스+그림 변경(바로 가능)	JAIME	JAIME	TRAINER_CLASS_PARASOL_LADY_HNS	TRAINER_CLASS_POKEFAN_HNS	PARASOL LADY	애호가클럽	TRAINER_CLASS_PARASOL_LADY_HNS	TRAINER_PIC_PARASOL_LADY	TRAINER_PIC_POKEFAN_F		Male	Female	클래스,표시명,그림 ID,성별
TRAINER_KEITH_HNS	배치(맵 오브젝트)	변경 없음	KEITH	방비	TRAINER_CLASS_OFFICER_HNS	TRAINER_CLASS_OFFICER_HNS	OFFICER	경찰관		TRAINER_PIC_OFFICER_HNS	TRAINER_PIC_OFFICER_HNS		Male	Male	이름,표시명
TRAINER_DIRK_HNS	배치(맵 오브젝트)	변경 없음	DIRK	신의	TRAINER_CLASS_OFFICER_HNS	TRAINER_CLASS_OFFICER_HNS	OFFICER	경찰관		TRAINER_PIC_OFFICER_HNS	TRAINER_PIC_OFFICER_HNS		Male	Male	이름,표시명
TRAINER_THOM_AND_KAE_HNS	배치(맵 오브젝트)	클래스 변경 + 그림 보류	THOM & KAE	톰&앤	TRAINER_CLASS_YOUNG_COUPLE_HNS	TRAINER_CLASS_DOUBLE_TEAM_HNS	YOUNG COUPLE	더블팀	TRAINER_CLASS_YOUNG_COUPLE_HNS	TRAINER_PIC_YOUNG_COUPLE	TRAINER_PIC_YOUNG_COUPLE		Male	Male	이름,클래스,표시명
TRAINER_DUFF_AND_EDA_HNS	배치(맵 오브젝트)	그림 보류(원작 그림 없음)	DUFF & EDA	산이&바다	TRAINER_CLASS_YOUNG_COUPLE_HNS	TRAINER_CLASS_YOUNG_COUPLE_HNS	YOUNG COUPLE	러브러브커플		TRAINER_PIC_YOUNG_COUPLE	TRAINER_PIC_YOUNG_COUPLE_HGSS_HNS		Male	Male	이름,표시명,그림 ID
TRAINER_FALKNER_1_HNS	배치(맵 오브젝트)	변경 없음	FALKNER	비상	TRAINER_CLASS_LEADER_HNS	TRAINER_CLASS_LEADER_HNS	LEADER	체육관 관장		TRAINER_PIC_LEADER_FALKNER_HNS	TRAINER_PIC_LEADER_FALKNER_HNS		Male	Male	이름,표시명
TRAINER_FALKNER_2_HNS	배치(맵 오브젝트)	변경 없음	FALKNER	비상	TRAINER_CLASS_LEADER_HNS	TRAINER_CLASS_LEADER_HNS	LEADER	체육관 관장		TRAINER_PIC_LEADER_FALKNER_HNS	TRAINER_PIC_LEADER_FALKNER_HNS		Male	Male	이름,표시명
TRAINER_BUGSY_1_HNS	배치(맵 오브젝트)	변경 없음	BUGSY	호일	TRAINER_CLASS_LEADER_HNS	TRAINER_CLASS_LEADER_HNS	LEADER	체육관 관장		TRAINER_PIC_LEADER_BUGSY_HNS	TRAINER_PIC_LEADER_BUGSY_HNS		Male	Male	이름,표시명
TRAINER_BUGSY_2_HNS	배치(맵 오브젝트)	변경 없음	BUGSY	호일	TRAINER_CLASS_LEADER_HNS	TRAINER_CLASS_LEADER_HNS	LEADER	체육관 관장		TRAINER_PIC_LEADER_BUGSY_HNS	TRAINER_PIC_LEADER_BUGSY_HNS		Male	Male	이름,표시명
TRAINER_WHITNEY_1_HNS	배치(맵 오브젝트)	변경 없음	WHITNEY	꼭두	TRAINER_CLASS_LEADER_HNS	TRAINER_CLASS_LEADER_HNS	LEADER	체육관 관장		TRAINER_PIC_LEADER_WHITNEY_HNS	TRAINER_PIC_LEADER_WHITNEY_HNS		Male	Female	이름,표시명,성별
TRAINER_WHITNEY_2_HNS	배치(맵 오브젝트)	변경 없음	WHITNEY	꼭두	TRAINER_CLASS_LEADER_HNS	TRAINER_CLASS_LEADER_HNS	LEADER	체육관 관장		TRAINER_PIC_LEADER_WHITNEY_HNS	TRAINER_PIC_LEADER_WHITNEY_HNS		Male	Female	이름,표시명,성별
TRAINER_MORTY_1_HNS	배치(맵 오브젝트)	변경 없음	MORTY	유빈	TRAINER_CLASS_LEADER_HNS	TRAINER_CLASS_LEADER_HNS	LEADER	체육관 관장		TRAINER_PIC_LEADER_MORTY_HNS	TRAINER_PIC_LEADER_MORTY_HNS		Male	Male	이름,표시명
TRAINER_MORTY_2_HNS	배치(맵 오브젝트)	변경 없음	MORTY	유빈	TRAINER_CLASS_LEADER_HNS	TRAINER_CLASS_LEADER_HNS	LEADER	체육관 관장		TRAINER_PIC_LEADER_MORTY_HNS	TRAINER_PIC_LEADER_MORTY_HNS		Male	Male	이름,표시명
TRAINER_PRYCE_1_HNS	배치(맵 오브젝트)	변경 없음	PRYCE	류옹	TRAINER_CLASS_LEADER_HNS	TRAINER_CLASS_LEADER_HNS	LEADER	체육관 관장		TRAINER_PIC_LEADER_PRYCE_HNS	TRAINER_PIC_LEADER_PRYCE_HNS		Male	Male	이름,표시명
TRAINER_PRYCE_2_HNS	배치(맵 오브젝트)	변경 없음	PRYCE	류옹	TRAINER_CLASS_LEADER_HNS	TRAINER_CLASS_LEADER_HNS	LEADER	체육관 관장		TRAINER_PIC_LEADER_PRYCE_HNS	TRAINER_PIC_LEADER_PRYCE_HNS		Male	Male	이름,표시명
TRAINER_PRYCE_1_2_HNS	배치(맵 오브젝트)	변경 없음	PRYCE	류옹	TRAINER_CLASS_LEADER_HNS	TRAINER_CLASS_LEADER_HNS	LEADER	체육관 관장		TRAINER_PIC_LEADER_PRYCE_HNS	TRAINER_PIC_LEADER_PRYCE_HNS		Male	Male	이름,표시명
TRAINER_PRYCE_1_3_HNS	배치(맵 오브젝트)	변경 없음	PRYCE	류옹	TRAINER_CLASS_LEADER_HNS	TRAINER_CLASS_LEADER_HNS	LEADER	체육관 관장		TRAINER_PIC_LEADER_PRYCE_HNS	TRAINER_PIC_LEADER_PRYCE_HNS		Male	Male	이름,표시명
TRAINER_JASMINE_1_HNS	배치(맵 오브젝트)	변경 없음	JASMINE	규리	TRAINER_CLASS_LEADER_HNS	TRAINER_CLASS_LEADER_HNS	LEADER	체육관 관장		TRAINER_PIC_LEADER_JASMINE_HNS	TRAINER_PIC_LEADER_JASMINE_HNS		Male	Female	이름,표시명,성별
TRAINER_JASMINE_2_HNS	배치(맵 오브젝트)	변경 없음	JASMINE	규리	TRAINER_CLASS_LEADER_HNS	TRAINER_CLASS_LEADER_HNS	LEADER	체육관 관장		TRAINER_PIC_LEADER_JASMINE_HNS	TRAINER_PIC_LEADER_JASMINE_HNS		Male	Female	이름,표시명,성별
TRAINER_JASMINE_1_2_HNS	배치(맵 오브젝트)	변경 없음	JASMINE	규리	TRAINER_CLASS_LEADER_HNS	TRAINER_CLASS_LEADER_HNS	LEADER	체육관 관장		TRAINER_PIC_LEADER_JASMINE_HNS	TRAINER_PIC_LEADER_JASMINE_HNS		Male	Female	이름,표시명,성별
TRAINER_JASMINE_1_3_HNS	배치(맵 오브젝트)	변경 없음	JASMINE	규리	TRAINER_CLASS_LEADER_HNS	TRAINER_CLASS_LEADER_HNS	LEADER	체육관 관장		TRAINER_PIC_LEADER_JASMINE_HNS	TRAINER_PIC_LEADER_JASMINE_HNS		Male	Female	이름,표시명,성별
TRAINER_CHUCK_1_HNS	배치(맵 오브젝트)	변경 없음	CHUCK	사도	TRAINER_CLASS_LEADER_HNS	TRAINER_CLASS_LEADER_HNS	LEADER	체육관 관장		TRAINER_PIC_LEADER_CHUCK_HNS	TRAINER_PIC_LEADER_CHUCK_HNS		Male	Male	이름,표시명
TRAINER_CHUCK_2_HNS	배치(맵 오브젝트)	변경 없음	CHUCK	사도	TRAINER_CLASS_LEADER_HNS	TRAINER_CLASS_LEADER_HNS	LEADER	체육관 관장		TRAINER_PIC_LEADER_CHUCK_HNS	TRAINER_PIC_LEADER_CHUCK_HNS		Male	Male	이름,표시명
TRAINER_CHUCK_1_2_HNS	배치(맵 오브젝트)	변경 없음	CHUCK	사도	TRAINER_CLASS_LEADER_HNS	TRAINER_CLASS_LEADER_HNS	LEADER	체육관 관장		TRAINER_PIC_LEADER_CHUCK_HNS	TRAINER_PIC_LEADER_CHUCK_HNS		Male	Male	이름,표시명
TRAINER_CHUCK_1_3_HNS	배치(맵 오브젝트)	변경 없음	CHUCK	사도	TRAINER_CLASS_LEADER_HNS	TRAINER_CLASS_LEADER_HNS	LEADER	체육관 관장		TRAINER_PIC_LEADER_CHUCK_HNS	TRAINER_PIC_LEADER_CHUCK_HNS		Male	Male	이름,표시명
TRAINER_CLAIR_1_HNS	배치(맵 오브젝트)	변경 없음	CLAIR	이향	TRAINER_CLASS_LEADER_HNS	TRAINER_CLASS_LEADER_HNS	LEADER	체육관 관장		TRAINER_PIC_LEADER_CLAIR_HNS	TRAINER_PIC_LEADER_CLAIR_HNS		Male	Female	이름,표시명,성별
TRAINER_CLAIR_2_HNS	배치(맵 오브젝트)	변경 없음	CLAIR	이향	TRAINER_CLASS_LEADER_HNS	TRAINER_CLASS_LEADER_HNS	LEADER	체육관 관장		TRAINER_PIC_LEADER_CLAIR_HNS	TRAINER_PIC_LEADER_CLAIR_HNS		Male	Female	이름,표시명,성별
TRAINER_BROCK_HNS	배치(맵 오브젝트)	변경 없음	BROCK	웅	TRAINER_CLASS_LEADER_KANTO_HNS	TRAINER_CLASS_LEADER_KANTO_HNS	LEADER	체육관 관장		TRAINER_PIC_LEADER_BROCK_HNS	TRAINER_PIC_LEADER_BROCK_HNS		Male	Male	이름,표시명
TRAINER_MISTY_HNS	배치(맵 오브젝트)	변경 없음	MISTY	이슬	TRAINER_CLASS_LEADER_KANTO_HNS	TRAINER_CLASS_LEADER_KANTO_HNS	LEADER	체육관 관장		TRAINER_PIC_LEADER_MISTY_HNS	TRAINER_PIC_LEADER_MISTY_HNS		Male	Female	이름,표시명,성별
TRAINER_LTSURGE_HNS	배치(맵 오브젝트)	변경 없음	LTSURGE	마티스	TRAINER_CLASS_LEADER_KANTO_HNS	TRAINER_CLASS_LEADER_KANTO_HNS	LEADER	체육관 관장		TRAINER_PIC_LEADER_SURGE_HNS	TRAINER_PIC_LEADER_SURGE_HNS		Male	Male	이름,표시명
TRAINER_ERIKA_HNS	배치(맵 오브젝트)	변경 없음	ERIKA	민화	TRAINER_CLASS_LEADER_KANTO_HNS	TRAINER_CLASS_LEADER_KANTO_HNS	LEADER	체육관 관장		TRAINER_PIC_LEADER_ERIKA_HNS	TRAINER_PIC_LEADER_ERIKA_HNS		Male	Female	이름,표시명,성별
TRAINER_SABRINA_HNS	배치(맵 오브젝트)	변경 없음	SABRINA	초련	TRAINER_CLASS_LEADER_KANTO_HNS	TRAINER_CLASS_LEADER_KANTO_HNS	LEADER	체육관 관장		TRAINER_PIC_LEADER_SABRINA_HNS	TRAINER_PIC_LEADER_SABRINA_HNS		Male	Female	이름,표시명,성별
TRAINER_JANINE_HNS	배치(맵 오브젝트)	변경 없음	JANINE	도희	TRAINER_CLASS_LEADER_KANTO_HNS	TRAINER_CLASS_LEADER_KANTO_HNS	LEADER	체육관 관장		TRAINER_PIC_LEADER_JANINE_HNS	TRAINER_PIC_LEADER_JANINE_HNS		Male	Female	이름,표시명,성별
TRAINER_BLAINE_HNS	배치(맵 오브젝트)	변경 없음	BLAINE	강연	TRAINER_CLASS_LEADER_KANTO_HNS	TRAINER_CLASS_LEADER_KANTO_HNS	LEADER	체육관 관장		TRAINER_PIC_LEADER_BLAINE_HNS	TRAINER_PIC_LEADER_BLAINE_HNS		Male	Male	이름,표시명
TRAINER_BLUE_HNS	배치(맵 오브젝트)	변경 없음	BLUE	그린	TRAINER_CLASS_LEADER_KANTO_HNS	TRAINER_CLASS_LEADER_KANTO_HNS	LEADER	체육관 관장		TRAINER_PIC_LEADER_BLUE_HNS	TRAINER_PIC_LEADER_BLUE_HNS		Male	Male	이름,표시명
TRAINER_BLUE_2_HNS	미배치(참조 없음)	제외(미배치 — 데이터 유지)	BLUE	BLUE	TRAINER_CLASS_LEADER_KANTO_HNS	TRAINER_CLASS_LEADER_KANTO_HNS	LEADER	체육관 관장		TRAINER_PIC_LEADER_BLUE_HNS	TRAINER_PIC_LEADER_BLUE_HNS		Male	Male	표시명
TRAINER_WILL_1_HNS	배치(맵 오브젝트)	변경 없음	WILL	일목	TRAINER_CLASS_ELITE_FOUR_HNS	TRAINER_CLASS_ELITE_FOUR_HNS	ELITE FOUR	사천왕		TRAINER_PIC_ELITE_FOUR_WILL_HNS	TRAINER_PIC_ELITE_FOUR_WILL_HNS		Male	Male	이름,표시명
TRAINER_WILL_2_HNS	배치(맵 오브젝트)	변경 없음	WILL	일목	TRAINER_CLASS_ELITE_FOUR_HNS	TRAINER_CLASS_ELITE_FOUR_HNS	ELITE FOUR	사천왕		TRAINER_PIC_ELITE_FOUR_WILL_HNS	TRAINER_PIC_ELITE_FOUR_WILL_HNS		Male	Male	이름,표시명
TRAINER_BRUNO_1_HNS	배치(맵 오브젝트)	변경 없음	BRUNO	시바	TRAINER_CLASS_ELITE_FOUR_HNS	TRAINER_CLASS_ELITE_FOUR_HNS	ELITE FOUR	사천왕		TRAINER_PIC_ELITE_FOUR_BRUNO_HNS	TRAINER_PIC_ELITE_FOUR_BRUNO_HNS		Male	Male	이름,표시명
TRAINER_BRUNO_2_HNS	배치(맵 오브젝트)	변경 없음	BRUNO	시바	TRAINER_CLASS_ELITE_FOUR_HNS	TRAINER_CLASS_ELITE_FOUR_HNS	ELITE FOUR	사천왕		TRAINER_PIC_ELITE_FOUR_BRUNO_HNS	TRAINER_PIC_ELITE_FOUR_BRUNO_HNS		Male	Male	이름,표시명
TRAINER_KAREN_1_HNS	배치(맵 오브젝트)	변경 없음	KAREN	카렌	TRAINER_CLASS_ELITE_FOUR_HNS	TRAINER_CLASS_ELITE_FOUR_HNS	ELITE FOUR	사천왕		TRAINER_PIC_ELITE_FOUR_KAREN_HNS	TRAINER_PIC_ELITE_FOUR_KAREN_HNS		Male	Female	이름,표시명,성별
TRAINER_KAREN_2_HNS	배치(맵 오브젝트)	변경 없음	KAREN	카렌	TRAINER_CLASS_ELITE_FOUR_HNS	TRAINER_CLASS_ELITE_FOUR_HNS	ELITE FOUR	사천왕		TRAINER_PIC_ELITE_FOUR_KAREN_HNS	TRAINER_PIC_ELITE_FOUR_KAREN_HNS		Male	Female	이름,표시명,성별
TRAINER_KOGA_1_HNS	배치(맵 오브젝트)	변경 없음	KOGA	독수	TRAINER_CLASS_ELITE_FOUR_HNS	TRAINER_CLASS_ELITE_FOUR_HNS	ELITE FOUR	사천왕		TRAINER_PIC_ELITE_FOUR_KOGA_HNS	TRAINER_PIC_ELITE_FOUR_KOGA_HNS		Male	Male	이름,표시명
TRAINER_KOGA_2_HNS	배치(맵 오브젝트)	변경 없음	KOGA	독수	TRAINER_CLASS_ELITE_FOUR_HNS	TRAINER_CLASS_ELITE_FOUR_HNS	ELITE FOUR	사천왕		TRAINER_PIC_ELITE_FOUR_KOGA_HNS	TRAINER_PIC_ELITE_FOUR_KOGA_HNS		Male	Male	이름,표시명
TRAINER_LANCE_1_HNS	배치(맵 오브젝트)	변경 없음	LANCE	목호	TRAINER_CLASS_CHAMPION_HNS	TRAINER_CLASS_CHAMPION_HNS	CHAMPION	챔피언		TRAINER_PIC_CHAMPION_LANCE_HNS	TRAINER_PIC_CHAMPION_LANCE_HNS		Male	Male	이름,표시명
TRAINER_LANCE_2_HNS	배치(맵 오브젝트)	변경 없음	LANCE	목호	TRAINER_CLASS_CHAMPION_HNS	TRAINER_CLASS_CHAMPION_HNS	CHAMPION	챔피언		TRAINER_PIC_CHAMPION_LANCE_HNS	TRAINER_PIC_CHAMPION_LANCE_HNS		Male	Male	이름,표시명
TRAINER_LANCE_3_HNS	미배치(디버그 전용)	제외(미배치 — 데이터 유지)	LANCE	LANCE	TRAINER_CLASS_CHAMPION_HNS	TRAINER_CLASS_CHAMPION_HNS	CHAMPION	챔피언		TRAINER_PIC_CHAMPION_LANCE_HNS	TRAINER_PIC_CHAMPION_LANCE_HNS		Male	Male	표시명
TRAINER_CLAIR_3_HNS	미배치(디버그 전용)	제외(미배치 — 데이터 유지)	CLAIR	CLAIR	TRAINER_CLASS_LEADER_HNS	TRAINER_CLASS_LEADER_HNS	LEADER	체육관 관장		TRAINER_PIC_LEADER_CLAIR_HNS	TRAINER_PIC_LEADER_CLAIR_HNS		Male	Male	표시명
TRAINER_RIVAL_CHIKORITA_1_HNS	배치(스크립트 이벤트)	변경 없음	???	???	TRAINER_CLASS_RIVAL_HNS	TRAINER_CLASS_RIVAL_HNS	{PKMN} TRAINER	라이벌		TRAINER_PIC_SILVER_HNS	TRAINER_PIC_SILVER_HNS		Male	Male	표시명
TRAINER_RIVAL_CHIKORITA_2_HNS	배치(스크립트 이벤트)	변경 없음	{B_RIVAL_NAME}	{B_RIVAL_NAME}	TRAINER_CLASS_RIVAL_HNS	TRAINER_CLASS_RIVAL_HNS	{PKMN} TRAINER	라이벌		TRAINER_PIC_SILVER_HNS	TRAINER_PIC_SILVER_HNS		Male	Male	표시명
TRAINER_RIVAL_CHIKORITA_3_HNS	배치(스크립트 이벤트)	변경 없음	{B_RIVAL_NAME}	{B_RIVAL_NAME}	TRAINER_CLASS_RIVAL_HNS	TRAINER_CLASS_RIVAL_HNS	{PKMN} TRAINER	라이벌		TRAINER_PIC_SILVER_HNS	TRAINER_PIC_SILVER_HNS		Male	Male	표시명
TRAINER_RIVAL_CHIKORITA_4_HNS	배치(스크립트 이벤트)	변경 없음	{B_RIVAL_NAME}	{B_RIVAL_NAME}	TRAINER_CLASS_RIVAL_HNS	TRAINER_CLASS_RIVAL_HNS	{PKMN} TRAINER	라이벌		TRAINER_PIC_SILVER_HNS	TRAINER_PIC_SILVER_HNS		Male	Male	표시명
TRAINER_RIVAL_CHIKORITA_5_HNS	배치(스크립트 이벤트)	변경 없음	{B_RIVAL_NAME}	{B_RIVAL_NAME}	TRAINER_CLASS_RIVAL_HNS	TRAINER_CLASS_RIVAL_HNS	{PKMN} TRAINER	라이벌		TRAINER_PIC_SILVER_HNS	TRAINER_PIC_SILVER_HNS		Male	Male	표시명
TRAINER_RIVAL_CHIKORITA_6_HNS	배치(스크립트 이벤트)	변경 없음	{B_RIVAL_NAME}	{B_RIVAL_NAME}	TRAINER_CLASS_RIVAL_HNS	TRAINER_CLASS_RIVAL_HNS	{PKMN} TRAINER	라이벌		TRAINER_PIC_SILVER_HNS	TRAINER_PIC_SILVER_HNS		Male	Male	표시명
TRAINER_RIVAL_CHIKORITA_7_HNS	배치(맵 오브젝트)	변경 없음	{B_RIVAL_NAME}	{B_RIVAL_NAME}	TRAINER_CLASS_RIVAL_HNS	TRAINER_CLASS_RIVAL_HNS	{PKMN} TRAINER	라이벌		TRAINER_PIC_SILVER_HNS	TRAINER_PIC_SILVER_HNS		Male	Male	표시명
TRAINER_RIVAL_CYNDAQUIL_1_HNS	배치(스크립트 이벤트)	변경 없음	???	???	TRAINER_CLASS_RIVAL_HNS	TRAINER_CLASS_RIVAL_HNS	{PKMN} TRAINER	라이벌		TRAINER_PIC_SILVER_HNS	TRAINER_PIC_SILVER_HNS		Male	Male	표시명
TRAINER_RIVAL_CYNDAQUIL_2_HNS	배치(스크립트 이벤트)	변경 없음	{B_RIVAL_NAME}	{B_RIVAL_NAME}	TRAINER_CLASS_RIVAL_HNS	TRAINER_CLASS_RIVAL_HNS	{PKMN} TRAINER	라이벌		TRAINER_PIC_SILVER_HNS	TRAINER_PIC_SILVER_HNS		Male	Male	표시명
TRAINER_RIVAL_CYNDAQUIL_3_HNS	배치(스크립트 이벤트)	변경 없음	{B_RIVAL_NAME}	{B_RIVAL_NAME}	TRAINER_CLASS_RIVAL_HNS	TRAINER_CLASS_RIVAL_HNS	{PKMN} TRAINER	라이벌		TRAINER_PIC_SILVER_HNS	TRAINER_PIC_SILVER_HNS		Male	Male	표시명
TRAINER_RIVAL_CYNDAQUIL_4_HNS	배치(스크립트 이벤트)	변경 없음	{B_RIVAL_NAME}	{B_RIVAL_NAME}	TRAINER_CLASS_RIVAL_HNS	TRAINER_CLASS_RIVAL_HNS	{PKMN} TRAINER	라이벌		TRAINER_PIC_SILVER_HNS	TRAINER_PIC_SILVER_HNS		Male	Male	표시명
TRAINER_RIVAL_CYNDAQUIL_5_HNS	배치(스크립트 이벤트)	변경 없음	{B_RIVAL_NAME}	{B_RIVAL_NAME}	TRAINER_CLASS_RIVAL_HNS	TRAINER_CLASS_RIVAL_HNS	{PKMN} TRAINER	라이벌		TRAINER_PIC_SILVER_HNS	TRAINER_PIC_SILVER_HNS		Male	Male	표시명
TRAINER_RIVAL_CYNDAQUIL_6_HNS	배치(스크립트 이벤트)	변경 없음	{B_RIVAL_NAME}	{B_RIVAL_NAME}	TRAINER_CLASS_RIVAL_HNS	TRAINER_CLASS_RIVAL_HNS	{PKMN} TRAINER	라이벌		TRAINER_PIC_SILVER_HNS	TRAINER_PIC_SILVER_HNS		Male	Male	표시명
TRAINER_RIVAL_CYNDAQUIL_7_HNS	배치(맵 오브젝트)	변경 없음	{B_RIVAL_NAME}	{B_RIVAL_NAME}	TRAINER_CLASS_RIVAL_HNS	TRAINER_CLASS_RIVAL_HNS	{PKMN} TRAINER	라이벌		TRAINER_PIC_SILVER_HNS	TRAINER_PIC_SILVER_HNS		Male	Male	표시명
TRAINER_RIVAL_TOTODILE_1_HNS	배치(스크립트 이벤트)	변경 없음	???	???	TRAINER_CLASS_RIVAL_HNS	TRAINER_CLASS_RIVAL_HNS	{PKMN} TRAINER	라이벌		TRAINER_PIC_SILVER_HNS	TRAINER_PIC_SILVER_HNS		Male	Male	표시명
TRAINER_RIVAL_TOTODILE_2_HNS	배치(스크립트 이벤트)	변경 없음	{B_RIVAL_NAME}	{B_RIVAL_NAME}	TRAINER_CLASS_RIVAL_HNS	TRAINER_CLASS_RIVAL_HNS	{PKMN} TRAINER	라이벌		TRAINER_PIC_SILVER_HNS	TRAINER_PIC_SILVER_HNS		Male	Male	표시명
TRAINER_RIVAL_TOTODILE_3_HNS	배치(스크립트 이벤트)	변경 없음	{B_RIVAL_NAME}	{B_RIVAL_NAME}	TRAINER_CLASS_RIVAL_HNS	TRAINER_CLASS_RIVAL_HNS	{PKMN} TRAINER	라이벌		TRAINER_PIC_SILVER_HNS	TRAINER_PIC_SILVER_HNS		Male	Male	표시명
TRAINER_RIVAL_TOTODILE_4_HNS	배치(스크립트 이벤트)	변경 없음	{B_RIVAL_NAME}	{B_RIVAL_NAME}	TRAINER_CLASS_RIVAL_HNS	TRAINER_CLASS_RIVAL_HNS	{PKMN} TRAINER	라이벌		TRAINER_PIC_SILVER_HNS	TRAINER_PIC_SILVER_HNS		Male	Male	표시명
TRAINER_RIVAL_TOTODILE_5_HNS	배치(스크립트 이벤트)	변경 없음	{B_RIVAL_NAME}	{B_RIVAL_NAME}	TRAINER_CLASS_RIVAL_HNS	TRAINER_CLASS_RIVAL_HNS	{PKMN} TRAINER	라이벌		TRAINER_PIC_SILVER_HNS	TRAINER_PIC_SILVER_HNS		Male	Male	표시명
TRAINER_RIVAL_TOTODILE_6_HNS	배치(스크립트 이벤트)	변경 없음	{B_RIVAL_NAME}	{B_RIVAL_NAME}	TRAINER_CLASS_RIVAL_HNS	TRAINER_CLASS_RIVAL_HNS	{PKMN} TRAINER	라이벌		TRAINER_PIC_SILVER_HNS	TRAINER_PIC_SILVER_HNS		Male	Male	표시명
TRAINER_RIVAL_TOTODILE_7_HNS	배치(맵 오브젝트)	변경 없음	{B_RIVAL_NAME}	{B_RIVAL_NAME}	TRAINER_CLASS_RIVAL_HNS	TRAINER_CLASS_RIVAL_HNS	{PKMN} TRAINER	라이벌		TRAINER_PIC_SILVER_HNS	TRAINER_PIC_SILVER_HNS		Male	Male	표시명
TRAINER_RED_HNS	배치(맵 오브젝트)	변경 없음	RED	레드	TRAINER_CLASS_PKMN_TRAINER_1_HNS	TRAINER_CLASS_PKMN_TRAINER_1_HNS	{PKMN} TRAINER	포켓몬 트레이너		TRAINER_PIC_RED_HNS	TRAINER_PIC_RED_HNS		Male	Male	이름,표시명
TRAINER_EUSINE_HNS	배치(스크립트 이벤트)	변경 없음	EUSINE	수호	TRAINER_CLASS_MYSTERY_MAN_HNS	TRAINER_CLASS_MYSTERY_MAN_HNS	MYSTERY MAN	수수께끼의 청년		TRAINER_PIC_EUSINE_HNS	TRAINER_PIC_EUSINE_HNS		Male	Male	이름,표시명
TRAINER_GIOVANNI_HNS	배치(스크립트 이벤트)	클래스만 변경(그림은 이미 원작)	GIOVANNI	비주기	TRAINER_CLASS_ROCKET_ADMIN_HNS	TRAINER_CLASS_ROCKET_BOSS_HNS	ROCKET ADMIN	로켓단보스	TRAINER_CLASS_ROCKET_ADMIN_HNS	TRAINER_PIC_GIOVANNI_HNS	TRAINER_PIC_GIOVANNI_HNS		Male	Male	이름,클래스,표시명
TRAINER_PROTON_1_HNS	배치(맵 오브젝트)	변경 없음	PROTON	랜스	TRAINER_CLASS_ROCKET_ADMIN_HNS	TRAINER_CLASS_ROCKET_ADMIN_HNS	ROCKET ADMIN	로켓단간부		TRAINER_PIC_PROTON_HNS	TRAINER_PIC_PROTON_HNS		Male	Male	이름,표시명
TRAINER_PROTON_2_HNS	배치(맵 오브젝트)	변경 없음	PROTON	랜스	TRAINER_CLASS_ROCKET_ADMIN_HNS	TRAINER_CLASS_ROCKET_ADMIN_HNS	ROCKET ADMIN	로켓단간부		TRAINER_PIC_PROTON_HNS	TRAINER_PIC_PROTON_HNS		Male	Male	이름,표시명
TRAINER_ARCHER_HNS	배치(맵 오브젝트)	변경 없음	ARCHER	아폴로	TRAINER_CLASS_ROCKET_ADMIN_HNS	TRAINER_CLASS_ROCKET_ADMIN_HNS	ROCKET ADMIN	로켓단간부		TRAINER_PIC_ARCHER_HNS	TRAINER_PIC_ARCHER_HNS		Male	Male	이름,표시명
TRAINER_ARCHER_1_HNS	미배치(참조 없음)	제외(미배치 — 데이터 유지)	ARCHER	ARCHER	TRAINER_CLASS_ROCKET_ADMIN_HNS	TRAINER_CLASS_ROCKET_ADMIN_HNS	ROCKET ADMIN	로켓단간부		TRAINER_PIC_ARCHER_HNS	TRAINER_PIC_ARCHER_HNS		Male	Male	표시명
TRAINER_ARCHER_4_HNS	미배치(참조 없음)	제외(미배치 — 데이터 유지)	ARCHER	ARCHER	TRAINER_CLASS_ROCKET_ADMIN_HNS	TRAINER_CLASS_ROCKET_ADMIN_HNS	ROCKET ADMIN	로켓단간부		TRAINER_PIC_ARCHER_HNS	TRAINER_PIC_ARCHER_HNS		Male	Male	표시명
TRAINER_ARCHER_5_HNS	미배치(참조 없음)	제외(미배치 — 데이터 유지)	ARCHER	ARCHER	TRAINER_CLASS_ROCKET_ADMIN_HNS	TRAINER_CLASS_ROCKET_ADMIN_HNS	ROCKET ADMIN	로켓단간부		TRAINER_PIC_ARCHER_HNS	TRAINER_PIC_ARCHER_HNS		Male	Male	표시명
TRAINER_PETREL_1_HNS	배치(맵 오브젝트)	변경 없음	PETREL	람다	TRAINER_CLASS_ROCKET_ADMIN_HNS	TRAINER_CLASS_ROCKET_ADMIN_HNS	ROCKET ADMIN	로켓단간부		TRAINER_PIC_PETREL_HNS	TRAINER_PIC_PETREL_HNS		Male	Male	이름,표시명
TRAINER_PETREL_2_HNS	배치(맵 오브젝트)	변경 없음	PETREL	람다	TRAINER_CLASS_ROCKET_ADMIN_HNS	TRAINER_CLASS_ROCKET_ADMIN_HNS	ROCKET ADMIN	로켓단간부		TRAINER_PIC_PETREL_HNS	TRAINER_PIC_PETREL_HNS		Male	Male	이름,표시명
TRAINER_ARIANA_1_HNS	배치(맵 오브젝트)	변경 없음	ARIANA	아테나	TRAINER_CLASS_ROCKET_ADMIN_HNS	TRAINER_CLASS_ROCKET_ADMIN_HNS	ROCKET ADMIN	로켓단간부		TRAINER_PIC_ARIANA_HNS	TRAINER_PIC_ARIANA_HNS		Male	Female	이름,표시명,성별
TRAINER_ARIANA_2_HNS	배치(맵 오브젝트)	변경 없음	ARIANA	아테나	TRAINER_CLASS_ROCKET_ADMIN_HNS	TRAINER_CLASS_ROCKET_ADMIN_HNS	ROCKET ADMIN	로켓단간부		TRAINER_PIC_ARIANA_HNS	TRAINER_PIC_ARIANA_HNS		Male	Female	이름,표시명,성별
TRAINER_ANABEL_BF_BRAIN_HNS	프런티어 전용(C 참조)	제외(프런티어 브레인)	ANABEL	리라	TRAINER_CLASS_SALON_MAIDEN_HNS	TRAINER_CLASS_SALON_MAIDEN_HNS	SALON MAIDEN	타워타이쿤		TRAINER_PIC_SALON_MAIDEN_ANABEL	TRAINER_PIC_SALON_MAIDEN_ANABEL		Female	Female	이름,표시명
TRAINER_TUCKER_BF_BRAIN_HNS	프런티어 전용(C 참조)	제외(프런티어 브레인)	TUCKER	하인즈	TRAINER_CLASS_DOME_ACE_HNS	TRAINER_CLASS_DOME_ACE_HNS	DOME ACE	돔슈퍼스타		TRAINER_PIC_DOME_ACE_TUCKER	TRAINER_PIC_DOME_ACE_TUCKER		Male	Male	이름,표시명
TRAINER_SPENSER_BF_BRAIN_HNS	프런티어 전용(C 참조)	제외(프런티어 브레인)	SPENSER	우근	TRAINER_CLASS_PALACE_MAVEN_HNS	TRAINER_CLASS_PALACE_MAVEN_HNS	PALACE MAVEN	팰리스가디언		TRAINER_PIC_PALACE_MAVEN_SPENSER	TRAINER_PIC_PALACE_MAVEN_SPENSER		Male	Male	이름,표시명
TRAINER_GRETA_BF_BRAIN_HNS	프런티어 전용(C 참조)	제외(프런티어 브레인)	GRETA	나리	TRAINER_CLASS_ARENA_TYCOON_HNS	TRAINER_CLASS_ARENA_TYCOON_HNS	ARENA TYCOON	아레나캡틴		TRAINER_PIC_ARENA_TYCOON_GRETA	TRAINER_PIC_ARENA_TYCOON_GRETA		Female	Female	이름,표시명
TRAINER_NOLAND_BF_BRAIN_HNS	프런티어 전용(C 참조)	제외(프런티어 브레인)	NOLAND	다투라	TRAINER_CLASS_FACTORY_HEAD_HNS	TRAINER_CLASS_FACTORY_HEAD_HNS	FACTORY HEAD	팩토리책임자		TRAINER_PIC_FACTORY_HEAD_NOLAND	TRAINER_PIC_FACTORY_HEAD_NOLAND		Male	Male	이름,표시명
TRAINER_LUCY_BF_BRAIN_HNS	프런티어 전용(C 참조)	제외(프런티어 브레인)	LUCY	다슬	TRAINER_CLASS_PIKE_QUEEN_HNS	TRAINER_CLASS_PIKE_QUEEN_HNS	PIKE QUEEN	튜브퀸		TRAINER_PIC_PIKE_QUEEN_LUCY	TRAINER_PIC_PIKE_QUEEN_LUCY		Female	Female	이름,표시명
TRAINER_BRANDON_BF_BRAIN_HNS	프런티어 전용(C 참조)	제외(프런티어 브레인)	BRANDON	기선	TRAINER_CLASS_PYRAMID_KING_HNS	TRAINER_CLASS_PYRAMID_KING_HNS	PYRAMID KING	피라미드킹		TRAINER_PIC_PYRAMID_KING_BRANDON	TRAINER_PIC_PYRAMID_KING_BRANDON		Male	Male	이름,표시명
TRAINER_JOEY_2_HNS	배치(재전 표)	변경 없음	JOEY	오성	TRAINER_CLASS_YOUNGSTER_HNS	TRAINER_CLASS_YOUNGSTER_HNS	YOUNGSTER	반바지 꼬마		TRAINER_PIC_YOUNGSTER_HNS	TRAINER_PIC_YOUNGSTER_HNS		Male	Male	이름,표시명
TRAINER_JOEY_3_HNS	배치(재전 표)	변경 없음	JOEY	오성	TRAINER_CLASS_YOUNGSTER_HNS	TRAINER_CLASS_YOUNGSTER_HNS	YOUNGSTER	반바지 꼬마		TRAINER_PIC_YOUNGSTER_HNS	TRAINER_PIC_YOUNGSTER_HNS		Male	Male	이름,표시명
TRAINER_JOEY_4_HNS	배치(재전 표)	변경 없음	JOEY	오성	TRAINER_CLASS_YOUNGSTER_HNS	TRAINER_CLASS_YOUNGSTER_HNS	YOUNGSTER	반바지 꼬마		TRAINER_PIC_YOUNGSTER_HNS	TRAINER_PIC_YOUNGSTER_HNS		Male	Male	이름,표시명
TRAINER_JOEY_5_HNS	배치(재전 표)	변경 없음	JOEY	오성	TRAINER_CLASS_YOUNGSTER_HNS	TRAINER_CLASS_YOUNGSTER_HNS	YOUNGSTER	반바지 꼬마		TRAINER_PIC_YOUNGSTER_HNS	TRAINER_PIC_YOUNGSTER_HNS		Male	Male	이름,표시명
TRAINER_WADE_2_HNS	배치(재전 표)	변경 없음	WADE	광일	TRAINER_CLASS_BUG_CATCHER_HNS	TRAINER_CLASS_BUG_CATCHER_HNS	BUG CATCHER	곤충채집소년		TRAINER_PIC_BUG_CATCHER	TRAINER_PIC_BUG_CATCHER		Male	Male	이름,표시명
TRAINER_WADE_3_HNS	배치(재전 표)	변경 없음	WADE	광일	TRAINER_CLASS_BUG_CATCHER_HNS	TRAINER_CLASS_BUG_CATCHER_HNS	BUG CATCHER	곤충채집소년		TRAINER_PIC_BUG_CATCHER	TRAINER_PIC_BUG_CATCHER		Male	Male	이름,표시명
TRAINER_WADE_4_HNS	배치(재전 표)	변경 없음	WADE	광일	TRAINER_CLASS_BUG_CATCHER_HNS	TRAINER_CLASS_BUG_CATCHER_HNS	BUG CATCHER	곤충채집소년		TRAINER_PIC_BUG_CATCHER	TRAINER_PIC_BUG_CATCHER		Male	Male	이름,표시명
TRAINER_WADE_5_HNS	배치(재전 표)	변경 없음	WADE	광일	TRAINER_CLASS_BUG_CATCHER_HNS	TRAINER_CLASS_BUG_CATCHER_HNS	BUG CATCHER	곤충채집소년		TRAINER_PIC_BUG_CATCHER	TRAINER_PIC_BUG_CATCHER		Male	Male	이름,표시명
TRAINER_RALPH_2_HNS	배치(재전 표)	변경 없음	RALPH	태명	TRAINER_CLASS_FISHERMAN_HNS	TRAINER_CLASS_FISHERMAN_HNS	FISHERMAN	낚시꾼		TRAINER_PIC_FISHERMAN	TRAINER_PIC_FISHERMAN		Male	Male	이름,표시명
TRAINER_RALPH_3_HNS	배치(재전 표)	변경 없음	RALPH	태명	TRAINER_CLASS_FISHERMAN_HNS	TRAINER_CLASS_FISHERMAN_HNS	FISHERMAN	낚시꾼		TRAINER_PIC_FISHERMAN	TRAINER_PIC_FISHERMAN		Male	Male	이름,표시명
TRAINER_RALPH_4_HNS	배치(재전 표)	변경 없음	RALPH	태명	TRAINER_CLASS_FISHERMAN_HNS	TRAINER_CLASS_FISHERMAN_HNS	FISHERMAN	낚시꾼		TRAINER_PIC_FISHERMAN	TRAINER_PIC_FISHERMAN		Male	Male	이름,표시명
TRAINER_RALPH_5_HNS	배치(재전 표)	변경 없음	RALPH	태명	TRAINER_CLASS_FISHERMAN_HNS	TRAINER_CLASS_FISHERMAN_HNS	FISHERMAN	낚시꾼		TRAINER_PIC_FISHERMAN	TRAINER_PIC_FISHERMAN		Male	Male	이름,표시명
TRAINER_LIZ_2_HNS	배치(재전 표)	그림 보류(원작 그림 없음)	LIZ	은향	TRAINER_CLASS_PICNICKER_HNS	TRAINER_CLASS_PICNICKER_HNS	PICNICKER	피크닉걸		TRAINER_PIC_PICNICKER	TRAINER_PIC_PICNICKER_HGSS_HNS		Male	Female	이름,표시명,그림 ID,성별
TRAINER_LIZ_3_HNS	배치(재전 표)	그림 보류(원작 그림 없음)	LIZ	은향	TRAINER_CLASS_PICNICKER_HNS	TRAINER_CLASS_PICNICKER_HNS	PICNICKER	피크닉걸		TRAINER_PIC_PICNICKER	TRAINER_PIC_PICNICKER_HGSS_HNS		Male	Female	이름,표시명,그림 ID,성별
TRAINER_LIZ_4_HNS	배치(재전 표)	그림 보류(원작 그림 없음)	LIZ	은향	TRAINER_CLASS_PICNICKER_HNS	TRAINER_CLASS_PICNICKER_HNS	PICNICKER	피크닉걸		TRAINER_PIC_PICNICKER	TRAINER_PIC_PICNICKER_HGSS_HNS		Male	Female	이름,표시명,그림 ID,성별
TRAINER_LIZ_5_HNS	배치(재전 표)	그림 보류(원작 그림 없음)	LIZ	은향	TRAINER_CLASS_PICNICKER_HNS	TRAINER_CLASS_PICNICKER_HNS	PICNICKER	피크닉걸		TRAINER_PIC_PICNICKER	TRAINER_PIC_PICNICKER_HGSS_HNS		Male	Female	이름,표시명,그림 ID,성별
TRAINER_ANTHONY_2_HNS	배치(재전 표)	변경 없음	ANTHONY	스톰	TRAINER_CLASS_HIKER_HNS	TRAINER_CLASS_HIKER_HNS	HIKER	등산가		TRAINER_PIC_HIKER	TRAINER_PIC_HIKER		Male	Male	이름,표시명
TRAINER_ANTHONY_3_HNS	배치(재전 표)	변경 없음	ANTHONY	스톰	TRAINER_CLASS_HIKER_HNS	TRAINER_CLASS_HIKER_HNS	HIKER	등산가		TRAINER_PIC_HIKER	TRAINER_PIC_HIKER		Male	Male	이름,표시명
TRAINER_ANTHONY_4_HNS	배치(재전 표)	변경 없음	ANTHONY	스톰	TRAINER_CLASS_HIKER_HNS	TRAINER_CLASS_HIKER_HNS	HIKER	등산가		TRAINER_PIC_HIKER	TRAINER_PIC_HIKER		Male	Male	이름,표시명
TRAINER_ANTHONY_5_HNS	배치(재전 표)	변경 없음	ANTHONY	스톰	TRAINER_CLASS_HIKER_HNS	TRAINER_CLASS_HIKER_HNS	HIKER	등산가		TRAINER_PIC_HIKER	TRAINER_PIC_HIKER		Male	Male	이름,표시명
TRAINER_TODD_2_HNS	배치(재전 표)	변경 없음	TODD	양길	TRAINER_CLASS_CAMPER_HNS	TRAINER_CLASS_CAMPER_HNS	CAMPER	캠프보이		TRAINER_PIC_CAMPER	TRAINER_PIC_CAMPER		Male	Male	이름,표시명
TRAINER_TODD_3_HNS	배치(재전 표)	변경 없음	TODD	양길	TRAINER_CLASS_CAMPER_HNS	TRAINER_CLASS_CAMPER_HNS	CAMPER	캠프보이		TRAINER_PIC_CAMPER	TRAINER_PIC_CAMPER		Male	Male	이름,표시명
TRAINER_TODD_4_HNS	배치(재전 표)	변경 없음	TODD	양길	TRAINER_CLASS_CAMPER_HNS	TRAINER_CLASS_CAMPER_HNS	CAMPER	캠프보이		TRAINER_PIC_CAMPER	TRAINER_PIC_CAMPER		Male	Male	이름,표시명
TRAINER_TODD_5_HNS	배치(재전 표)	변경 없음	TODD	양길	TRAINER_CLASS_CAMPER_HNS	TRAINER_CLASS_CAMPER_HNS	CAMPER	캠프보이		TRAINER_PIC_CAMPER	TRAINER_PIC_CAMPER		Male	Male	이름,표시명
TRAINER_GINA_2_HNS	배치(재전 표)	그림 보류(원작 그림 없음)	GINA	수수	TRAINER_CLASS_PICNICKER_HNS	TRAINER_CLASS_PICNICKER_HNS	PICNICKER	피크닉걸		TRAINER_PIC_PICNICKER	TRAINER_PIC_PICNICKER_HGSS_HNS		Male	Female	이름,표시명,그림 ID,성별
TRAINER_GINA_3_HNS	배치(재전 표)	그림 보류(원작 그림 없음)	GINA	수수	TRAINER_CLASS_PICNICKER_HNS	TRAINER_CLASS_PICNICKER_HNS	PICNICKER	피크닉걸		TRAINER_PIC_PICNICKER	TRAINER_PIC_PICNICKER_HGSS_HNS		Male	Female	이름,표시명,그림 ID,성별
TRAINER_GINA_4_HNS	배치(재전 표)	그림 보류(원작 그림 없음)	GINA	수수	TRAINER_CLASS_PICNICKER_HNS	TRAINER_CLASS_PICNICKER_HNS	PICNICKER	피크닉걸		TRAINER_PIC_PICNICKER	TRAINER_PIC_PICNICKER_HGSS_HNS		Male	Female	이름,표시명,그림 ID,성별
TRAINER_GINA_5_HNS	배치(재전 표)	그림 보류(원작 그림 없음)	GINA	수수	TRAINER_CLASS_PICNICKER_HNS	TRAINER_CLASS_PICNICKER_HNS	PICNICKER	피크닉걸		TRAINER_PIC_PICNICKER	TRAINER_PIC_PICNICKER_HGSS_HNS		Male	Female	이름,표시명,그림 ID,성별
TRAINER_IRWIN_2_HNS	배치(재전 표)	변경 없음	IRWIN	마이크	TRAINER_CLASS_JUGGLER_HNS	TRAINER_CLASS_JUGGLER_HNS	JUGGLER	저글러		TRAINER_PIC_JUGGLER_HNS	TRAINER_PIC_JUGGLER_HNS		Male	Male	이름,표시명
TRAINER_IRWIN_3_HNS	배치(재전 표)	변경 없음	IRWIN	마이크	TRAINER_CLASS_JUGGLER_HNS	TRAINER_CLASS_JUGGLER_HNS	JUGGLER	저글러		TRAINER_PIC_JUGGLER_HNS	TRAINER_PIC_JUGGLER_HNS		Male	Male	이름,표시명
TRAINER_IRWIN_4_HNS	배치(재전 표)	변경 없음	IRWIN	마이크	TRAINER_CLASS_JUGGLER_HNS	TRAINER_CLASS_JUGGLER_HNS	JUGGLER	저글러		TRAINER_PIC_JUGGLER_HNS	TRAINER_PIC_JUGGLER_HNS		Male	Male	이름,표시명
TRAINER_IRWIN_5_HNS	배치(재전 표)	변경 없음	IRWIN	마이크	TRAINER_CLASS_JUGGLER_HNS	TRAINER_CLASS_JUGGLER_HNS	JUGGLER	저글러		TRAINER_PIC_JUGGLER_HNS	TRAINER_PIC_JUGGLER_HNS		Male	Male	이름,표시명
TRAINER_ARNIE_2_HNS	배치(재전 표)	변경 없음	ARNIE	경수	TRAINER_CLASS_BUG_CATCHER_HNS	TRAINER_CLASS_BUG_CATCHER_HNS	BUG CATCHER	곤충채집소년		TRAINER_PIC_BUG_CATCHER	TRAINER_PIC_BUG_CATCHER		Male	Male	이름,표시명
TRAINER_ARNIE_3_HNS	배치(재전 표)	변경 없음	ARNIE	경수	TRAINER_CLASS_BUG_CATCHER_HNS	TRAINER_CLASS_BUG_CATCHER_HNS	BUG CATCHER	곤충채집소년		TRAINER_PIC_BUG_CATCHER	TRAINER_PIC_BUG_CATCHER		Male	Male	이름,표시명
TRAINER_ARNIE_4_HNS	배치(재전 표)	변경 없음	ARNIE	경수	TRAINER_CLASS_BUG_CATCHER_HNS	TRAINER_CLASS_BUG_CATCHER_HNS	BUG CATCHER	곤충채집소년		TRAINER_PIC_BUG_CATCHER	TRAINER_PIC_BUG_CATCHER		Male	Male	이름,표시명
TRAINER_ARNIE_5_HNS	배치(재전 표)	변경 없음	ARNIE	경수	TRAINER_CLASS_BUG_CATCHER_HNS	TRAINER_CLASS_BUG_CATCHER_HNS	BUG CATCHER	곤충채집소년		TRAINER_PIC_BUG_CATCHER	TRAINER_PIC_BUG_CATCHER		Male	Male	이름,표시명
TRAINER_ALAN_2_HNS	배치(재전 표)	그림 보류(원작 그림 없음)	ALAN	다움	TRAINER_CLASS_SCHOOL_KID_HNS	TRAINER_CLASS_SCHOOL_KID_HNS	SCHOOL KID	학원 끝난 아이		TRAINER_PIC_SCHOOL_KID_M	TRAINER_PIC_SCHOOL_KID_M		Male	Male	이름,표시명
TRAINER_ALAN_3_HNS	배치(재전 표)	그림 보류(원작 그림 없음)	ALAN	다움	TRAINER_CLASS_SCHOOL_KID_HNS	TRAINER_CLASS_SCHOOL_KID_HNS	SCHOOL KID	학원 끝난 아이		TRAINER_PIC_SCHOOL_KID_M	TRAINER_PIC_SCHOOL_KID_M		Male	Male	이름,표시명
TRAINER_ALAN_4_HNS	배치(재전 표)	그림 보류(원작 그림 없음)	ALAN	다움	TRAINER_CLASS_SCHOOL_KID_HNS	TRAINER_CLASS_SCHOOL_KID_HNS	SCHOOL KID	학원 끝난 아이		TRAINER_PIC_SCHOOL_KID_M	TRAINER_PIC_SCHOOL_KID_M		Male	Male	이름,표시명
TRAINER_ALAN_5_HNS	배치(재전 표)	그림 보류(원작 그림 없음)	ALAN	다움	TRAINER_CLASS_SCHOOL_KID_HNS	TRAINER_CLASS_SCHOOL_KID_HNS	SCHOOL KID	학원 끝난 아이		TRAINER_PIC_SCHOOL_KID_M	TRAINER_PIC_SCHOOL_KID_M		Male	Male	이름,표시명
TRAINER_DANA_2_HNS	배치(재전 표)	변경 없음	DANA	이화	TRAINER_CLASS_LASS_HNS	TRAINER_CLASS_LASS_HNS	LASS	짧은 치마		TRAINER_PIC_LASS	TRAINER_PIC_LASS		Female	Female	이름,표시명
TRAINER_DANA_3_HNS	배치(재전 표)	변경 없음	DANA	이화	TRAINER_CLASS_LASS_HNS	TRAINER_CLASS_LASS_HNS	LASS	짧은 치마		TRAINER_PIC_LASS	TRAINER_PIC_LASS		Male	Female	이름,표시명,성별
TRAINER_DANA_4_HNS	배치(재전 표)	변경 없음	DANA	이화	TRAINER_CLASS_LASS_HNS	TRAINER_CLASS_LASS_HNS	LASS	짧은 치마		TRAINER_PIC_LASS	TRAINER_PIC_LASS		Male	Female	이름,표시명,성별
TRAINER_DANA_5_HNS	배치(재전 표)	변경 없음	DANA	이화	TRAINER_CLASS_LASS_HNS	TRAINER_CLASS_LASS_HNS	LASS	짧은 치마		TRAINER_PIC_LASS	TRAINER_PIC_LASS		Male	Female	이름,표시명,성별
TRAINER_CHAD_2_HNS	배치(재전 표)	그림 보류(원작 그림 없음)	CHAD	규호	TRAINER_CLASS_SCHOOL_KID_HNS	TRAINER_CLASS_SCHOOL_KID_HNS	SCHOOL KID	학원 끝난 아이		TRAINER_PIC_SCHOOL_KID_M	TRAINER_PIC_SCHOOL_KID_M		Male	Male	이름,표시명
TRAINER_CHAD_3_HNS	배치(재전 표)	그림 보류(원작 그림 없음)	CHAD	규호	TRAINER_CLASS_SCHOOL_KID_HNS	TRAINER_CLASS_SCHOOL_KID_HNS	SCHOOL KID	학원 끝난 아이		TRAINER_PIC_SCHOOL_KID_M	TRAINER_PIC_SCHOOL_KID_M		Male	Male	이름,표시명
TRAINER_CHAD_4_HNS	배치(재전 표)	그림 보류(원작 그림 없음)	CHAD	규호	TRAINER_CLASS_SCHOOL_KID_HNS	TRAINER_CLASS_SCHOOL_KID_HNS	SCHOOL KID	학원 끝난 아이		TRAINER_PIC_SCHOOL_KID_M	TRAINER_PIC_SCHOOL_KID_M		Male	Male	이름,표시명
TRAINER_CHAD_5_HNS	배치(재전 표)	그림 보류(원작 그림 없음)	CHAD	규호	TRAINER_CLASS_SCHOOL_KID_HNS	TRAINER_CLASS_SCHOOL_KID_HNS	SCHOOL KID	학원 끝난 아이		TRAINER_PIC_SCHOOL_KID_M	TRAINER_PIC_SCHOOL_KID_M		Male	Male	이름,표시명
TRAINER_DEREK_2_HNS	배치(재전 표)	변경 없음	DEREK	주선	TRAINER_CLASS_POKEFAN_HNS	TRAINER_CLASS_POKEFAN_HNS	POKéFAN	애호가클럽		TRAINER_PIC_POKEFAN_M	TRAINER_PIC_POKEFAN_M		Male	Male	이름,표시명
TRAINER_DEREK_3_HNS	배치(재전 표)	변경 없음	DEREK	주선	TRAINER_CLASS_POKEFAN_HNS	TRAINER_CLASS_POKEFAN_HNS	POKéFAN	애호가클럽		TRAINER_PIC_POKEFAN_M	TRAINER_PIC_POKEFAN_M		Male	Male	이름,표시명
TRAINER_DEREK_4_HNS	배치(재전 표)	변경 없음	DEREK	주선	TRAINER_CLASS_POKEFAN_HNS	TRAINER_CLASS_POKEFAN_HNS	POKéFAN	애호가클럽		TRAINER_PIC_POKEFAN_M	TRAINER_PIC_POKEFAN_M		Male	Male	이름,표시명
TRAINER_DEREK_5_HNS	배치(재전 표)	변경 없음	DEREK	주선	TRAINER_CLASS_POKEFAN_HNS	TRAINER_CLASS_POKEFAN_HNS	POKéFAN	애호가클럽		TRAINER_PIC_POKEFAN_M	TRAINER_PIC_POKEFAN_M		Male	Male	이름,표시명
TRAINER_TULLY_2_HNS	배치(재전 표)	변경 없음	TULLY	수연	TRAINER_CLASS_FISHERMAN_HNS	TRAINER_CLASS_FISHERMAN_HNS	FISHERMAN	낚시꾼		TRAINER_PIC_FISHERMAN	TRAINER_PIC_FISHERMAN		Male	Male	이름,표시명
TRAINER_TULLY_3_HNS	배치(재전 표)	변경 없음	TULLY	수연	TRAINER_CLASS_FISHERMAN_HNS	TRAINER_CLASS_FISHERMAN_HNS	FISHERMAN	낚시꾼		TRAINER_PIC_FISHERMAN	TRAINER_PIC_FISHERMAN		Male	Male	이름,표시명
TRAINER_TULLY_4_HNS	배치(재전 표)	변경 없음	TULLY	수연	TRAINER_CLASS_FISHERMAN_HNS	TRAINER_CLASS_FISHERMAN_HNS	FISHERMAN	낚시꾼		TRAINER_PIC_FISHERMAN	TRAINER_PIC_FISHERMAN		Male	Male	이름,표시명
TRAINER_BRENT_2_HNS	배치(재전 표)	그림 보류(원작 그림 없음)	BRENT	진진	TRAINER_CLASS_POKEMANIAC_HNS	TRAINER_CLASS_POKEMANIAC_HNS	POKéMANIAC	포켓몬 매니아		TRAINER_PIC_POKEMANIAC	TRAINER_PIC_POKEMANIAC		Male	Male	이름,표시명
TRAINER_BRENT_3_HNS	배치(재전 표)	그림 보류(원작 그림 없음)	BRENT	진진	TRAINER_CLASS_POKEMANIAC_HNS	TRAINER_CLASS_POKEMANIAC_HNS	POKéMANIAC	포켓몬 매니아		TRAINER_PIC_POKEMANIAC	TRAINER_PIC_POKEMANIAC		Male	Male	이름,표시명
TRAINER_BRENT_4_HNS	배치(재전 표)	그림 보류(원작 그림 없음)	BRENT	진진	TRAINER_CLASS_POKEMANIAC_HNS	TRAINER_CLASS_POKEMANIAC_HNS	POKéMANIAC	포켓몬 매니아		TRAINER_PIC_POKEMANIAC	TRAINER_PIC_POKEMANIAC		Male	Male	이름,표시명
TRAINER_TIFFANY_2_HNS	배치(재전 표)	그림 보류(원작 그림 없음)	TIFFANY	소천	TRAINER_CLASS_PICNICKER_HNS	TRAINER_CLASS_PICNICKER_HNS	PICNICKER	피크닉걸		TRAINER_PIC_PICNICKER	TRAINER_PIC_PICNICKER_HGSS_HNS		Male	Female	이름,표시명,그림 ID,성별
TRAINER_TIFFANY_3_HNS	배치(재전 표)	그림 보류(원작 그림 없음)	TIFFANY	소천	TRAINER_CLASS_PICNICKER_HNS	TRAINER_CLASS_PICNICKER_HNS	PICNICKER	피크닉걸		TRAINER_PIC_PICNICKER	TRAINER_PIC_PICNICKER_HGSS_HNS		Male	Female	이름,표시명,그림 ID,성별
TRAINER_TIFFANY_4_HNS	배치(재전 표)	그림 보류(원작 그림 없음)	TIFFANY	소천	TRAINER_CLASS_PICNICKER_HNS	TRAINER_CLASS_PICNICKER_HNS	PICNICKER	피크닉걸		TRAINER_PIC_PICNICKER	TRAINER_PIC_PICNICKER_HGSS_HNS		Male	Female	이름,표시명,그림 ID,성별
TRAINER_VANCE_2_HNS	배치(재전 표)	그림 보류(원작 그림 없음)	VANCE	소홍	TRAINER_CLASS_BIRD_KEEPER_HNS	TRAINER_CLASS_BIRD_KEEPER_HNS	BIRD KEEPER	새 조련사		TRAINER_PIC_BIRD_KEEPER	TRAINER_PIC_BIRD_KEEPER		Male	Male	이름,표시명
TRAINER_VANCE_3_HNS	배치(재전 표)	그림 보류(원작 그림 없음)	VANCE	소홍	TRAINER_CLASS_BIRD_KEEPER_HNS	TRAINER_CLASS_BIRD_KEEPER_HNS	BIRD KEEPER	새 조련사		TRAINER_PIC_BIRD_KEEPER	TRAINER_PIC_BIRD_KEEPER		Male	Male	이름,표시명
TRAINER_WILTON_2_HNS	배치(재전 표)	변경 없음	WILTON	광선	TRAINER_CLASS_FISHERMAN_HNS	TRAINER_CLASS_FISHERMAN_HNS	FISHERMAN	낚시꾼		TRAINER_PIC_FISHERMAN	TRAINER_PIC_FISHERMAN		Male	Male	이름,표시명
TRAINER_WILTON_3_HNS	배치(재전 표)	변경 없음	WILTON	광선	TRAINER_CLASS_FISHERMAN_HNS	TRAINER_CLASS_FISHERMAN_HNS	FISHERMAN	낚시꾼		TRAINER_PIC_FISHERMAN	TRAINER_PIC_FISHERMAN		Male	Male	이름,표시명
TRAINER_KENJI_2_HNS	배치(재전 표)	그림 보류(원작 그림 없음)	KENJI	무덕	TRAINER_CLASS_BLACK_BELT_HNS	TRAINER_CLASS_BLACK_BELT_HNS	BLACK BELT	태권왕		TRAINER_PIC_BLACK_BELT	TRAINER_PIC_BLACK_BELT		Male	Male	이름,표시명
TRAINER_PARRY_2_HNS	배치(재전 표)	변경 없음	PARRY	도선	TRAINER_CLASS_HIKER_HNS	TRAINER_CLASS_HIKER_HNS	HIKER	등산가		TRAINER_PIC_HIKER	TRAINER_PIC_HIKER		Male	Male	이름,표시명
TRAINER_PARRY_3_HNS	배치(재전 표)	변경 없음	PARRY	도선	TRAINER_CLASS_HIKER_HNS	TRAINER_CLASS_HIKER_HNS	HIKER	등산가		TRAINER_PIC_HIKER	TRAINER_PIC_HIKER		Male	Male	이름,표시명
TRAINER_ERIN_2_HNS	배치(재전 표)	그림 보류(원작 그림 없음)	ERIN	혜미	TRAINER_CLASS_PICNICKER_HNS	TRAINER_CLASS_PICNICKER_HNS	PICNICKER	피크닉걸		TRAINER_PIC_PICNICKER	TRAINER_PIC_PICNICKER_HGSS_HNS		Male	Female	이름,표시명,그림 ID,성별
TRAINER_ERIN_3_HNS	배치(재전 표)	그림 보류(원작 그림 없음)	ERIN	혜미	TRAINER_CLASS_PICNICKER_HNS	TRAINER_CLASS_PICNICKER_HNS	PICNICKER	피크닉걸		TRAINER_PIC_PICNICKER	TRAINER_PIC_PICNICKER_HGSS_HNS		Male	Female	이름,표시명,그림 ID,성별
TRAINER_JACK_2_HNS	배치(재전 표)	그림 보류(원작 그림 없음)	JACK	일수	TRAINER_CLASS_SCHOOL_KID_HNS	TRAINER_CLASS_SCHOOL_KID_HNS	SCHOOL KID	학원 끝난 아이		TRAINER_PIC_SCHOOL_KID_M	TRAINER_PIC_SCHOOL_KID_M		Male	Male	이름,표시명
TRAINER_JACK_3_HNS	배치(재전 표)	그림 보류(원작 그림 없음)	JACK	일수	TRAINER_CLASS_SCHOOL_KID_HNS	TRAINER_CLASS_SCHOOL_KID_HNS	SCHOOL KID	학원 끝난 아이		TRAINER_PIC_SCHOOL_KID_M	TRAINER_PIC_SCHOOL_KID_M		Male	Male	이름,표시명
TRAINER_JACK_4_HNS	배치(재전 표)	그림 보류(원작 그림 없음)	JACK	일수	TRAINER_CLASS_SCHOOL_KID_HNS	TRAINER_CLASS_SCHOOL_KID_HNS	SCHOOL KID	학원 끝난 아이		TRAINER_PIC_SCHOOL_KID_M	TRAINER_PIC_SCHOOL_KID_M		Male	Male	이름,표시명
TRAINER_JACK_5_HNS	배치(재전 표)	그림 보류(원작 그림 없음)	JACK	일수	TRAINER_CLASS_SCHOOL_KID_HNS	TRAINER_CLASS_SCHOOL_KID_HNS	SCHOOL KID	학원 끝난 아이		TRAINER_PIC_SCHOOL_KID_M	TRAINER_PIC_SCHOOL_KID_M		Male	Male	이름,표시명
TRAINER_BEVERLY_2_HNS	배치(재전 표)	클래스+그림 변경(바로 가능)	BEVERLY	희영	TRAINER_CLASS_PARASOL_LADY_HNS	TRAINER_CLASS_POKEFAN_HNS	PARASOL LADY	애호가클럽	TRAINER_CLASS_PARASOL_LADY_HNS	TRAINER_PIC_PARASOL_LADY	TRAINER_PIC_POKEFAN_F		Male	Female	이름,클래스,표시명,그림 ID,성별
TRAINER_BEVERLY_3_HNS	배치(재전 표)	클래스+그림 변경(바로 가능)	BEVERLY	희영	TRAINER_CLASS_PARASOL_LADY_HNS	TRAINER_CLASS_POKEFAN_HNS	PARASOL LADY	애호가클럽	TRAINER_CLASS_PARASOL_LADY_HNS	TRAINER_PIC_PARASOL_LADY	TRAINER_PIC_POKEFAN_F		Male	Female	이름,클래스,표시명,그림 ID,성별
TRAINER_BEVERLY_4_HNS	배치(재전 표)	클래스+그림 변경(바로 가능)	BEVERLY	희영	TRAINER_CLASS_PARASOL_LADY_HNS	TRAINER_CLASS_POKEFAN_HNS	PARASOL LADY	애호가클럽	TRAINER_CLASS_PARASOL_LADY_HNS	TRAINER_PIC_PARASOL_LADY	TRAINER_PIC_POKEFAN_F		Male	Female	이름,클래스,표시명,그림 ID,성별
TRAINER_BEVERLY_5_HNS	배치(재전 표)	클래스+그림 변경(바로 가능)	BEVERLY	희영	TRAINER_CLASS_PARASOL_LADY_HNS	TRAINER_CLASS_POKEFAN_HNS	PARASOL LADY	애호가클럽	TRAINER_CLASS_PARASOL_LADY_HNS	TRAINER_PIC_PARASOL_LADY	TRAINER_PIC_POKEFAN_F		Male	Female	이름,클래스,표시명,그림 ID,성별
TRAINER_HUEY_2_HNS	배치(재전 표)	변경 없음	HUEY	건강	TRAINER_CLASS_SAILOR_HNS	TRAINER_CLASS_SAILOR_HNS	SAILOR	선원		TRAINER_PIC_SAILOR	TRAINER_PIC_SAILOR		Male	Male	이름,표시명
TRAINER_HUEY_3_HNS	배치(재전 표)	변경 없음	HUEY	건강	TRAINER_CLASS_SAILOR_HNS	TRAINER_CLASS_SAILOR_HNS	SAILOR	선원		TRAINER_PIC_SAILOR	TRAINER_PIC_SAILOR		Male	Male	이름,표시명
TRAINER_HUEY_4_HNS	배치(재전 표)	변경 없음	HUEY	건강	TRAINER_CLASS_SAILOR_HNS	TRAINER_CLASS_SAILOR_HNS	SAILOR	선원		TRAINER_PIC_SAILOR	TRAINER_PIC_SAILOR		Male	Male	이름,표시명
TRAINER_GAVEN_2_HNS	배치(재전 표)	그림 보류(원작 그림 없음)	GAVEN	준영	TRAINER_CLASS_COOLTRAINER_HNS	TRAINER_CLASS_COOLTRAINER_HNS	COOLTRAINER	엘리트 트레이너		TRAINER_PIC_COOLTRAINER_M	TRAINER_PIC_COOLTRAINER_M_HGSS_HNS		Male	Male	이름,표시명,그림 ID
TRAINER_GAVEN_3_HNS	배치(재전 표)	그림 보류(원작 그림 없음)	GAVEN	준영	TRAINER_CLASS_COOLTRAINER_HNS	TRAINER_CLASS_COOLTRAINER_HNS	COOLTRAINER	엘리트 트레이너		TRAINER_PIC_COOLTRAINER_M	TRAINER_PIC_COOLTRAINER_M_HGSS_HNS		Male	Male	이름,표시명,그림 ID
TRAINER_BETH_2_HNS	배치(재전 표)	그림 보류(원작 그림 없음)	BETH	동숙	TRAINER_CLASS_COOLTRAINER_HNS	TRAINER_CLASS_COOLTRAINER_HNS	COOLTRAINER	엘리트 트레이너		TRAINER_PIC_COOLTRAINER_F	TRAINER_PIC_COOLTRAINER_F_HGSS_HNS		Male	Female	이름,표시명,그림 ID,성별
TRAINER_BETH_3_HNS	배치(재전 표)	그림 보류(원작 그림 없음)	BETH	동숙	TRAINER_CLASS_COOLTRAINER_HNS	TRAINER_CLASS_COOLTRAINER_HNS	COOLTRAINER	엘리트 트레이너		TRAINER_PIC_COOLTRAINER_F	TRAINER_PIC_COOLTRAINER_F_HGSS_HNS		Male	Female	이름,표시명,그림 ID,성별
TRAINER_JOSE_2_HNS	배치(재전 표)	그림 보류(원작 그림 없음)	JOSE	영진	TRAINER_CLASS_BIRD_KEEPER_HNS	TRAINER_CLASS_BIRD_KEEPER_HNS	BIRD KEEPER	새 조련사		TRAINER_PIC_BIRD_KEEPER	TRAINER_PIC_BIRD_KEEPER		Male	Male	이름,표시명
TRAINER_JOSE_3_HNS	배치(재전 표)	그림 보류(원작 그림 없음)	JOSE	영진	TRAINER_CLASS_BIRD_KEEPER_HNS	TRAINER_CLASS_BIRD_KEEPER_HNS	BIRD KEEPER	새 조련사		TRAINER_PIC_BIRD_KEEPER	TRAINER_PIC_BIRD_KEEPER		Male	Male	이름,표시명
TRAINER_REENA_2_HNS	배치(재전 표)	그림 보류(원작 그림 없음)	REENA	하현	TRAINER_CLASS_COOLTRAINER_HNS	TRAINER_CLASS_COOLTRAINER_HNS	COOLTRAINER	엘리트 트레이너		TRAINER_PIC_COOLTRAINER_F	TRAINER_PIC_COOLTRAINER_F_HGSS_HNS		Male	Female	이름,표시명,그림 ID,성별
TRAINER_REENA_3_HNS	배치(재전 표)	그림 보류(원작 그림 없음)	REENA	하현	TRAINER_CLASS_COOLTRAINER_HNS	TRAINER_CLASS_COOLTRAINER_HNS	COOLTRAINER	엘리트 트레이너		TRAINER_PIC_COOLTRAINER_F	TRAINER_PIC_COOLTRAINER_F_HGSS_HNS		Male	Female	이름,표시명,그림 ID,성별
TRAINER_ALEX_2_HNS	배치(재전 표)	클래스+그림 변경(바로 가능)	ALEX	상학	TRAINER_CLASS_BATTLE_GIRL_HNS	TRAINER_CLASS_POKEFAN_HNS	BATTLE GIRL	애호가클럽	TRAINER_CLASS_BATTLE_GIRL_HNS	TRAINER_PIC_BATTLE_GIRL	TRAINER_PIC_POKEFAN_M		Male	Male	이름,클래스,표시명,그림 ID
TRAINER_ALEX_3_HNS	배치(재전 표)	클래스+그림 변경(바로 가능)	ALEX	상학	TRAINER_CLASS_BATTLE_GIRL_HNS	TRAINER_CLASS_POKEFAN_HNS	BATTLE GIRL	애호가클럽	TRAINER_CLASS_BATTLE_GIRL_HNS	TRAINER_PIC_BATTLE_GIRL	TRAINER_PIC_POKEFAN_M		Male	Male	이름,클래스,표시명,그림 ID
TRAINER_RILEY_2_HNS	배치(재전 표)	그림 보류(원작 그림 없음)	RILEY	용아	TRAINER_CLASS_BIKER_HNS	TRAINER_CLASS_BIKER_HNS	BIKER	폭주족		TRAINER_PIC_BIKER_HNS	TRAINER_PIC_BIKER_HNS		Male	Male	이름,표시명
TRAINER_RILEY_3_HNS	배치(재전 표)	그림 보류(원작 그림 없음)	RILEY	용아	TRAINER_CLASS_BIKER_HNS	TRAINER_CLASS_BIKER_HNS	BIKER	폭주족		TRAINER_PIC_BIKER_HNS	TRAINER_PIC_BIKER_HNS		Male	Male	이름,표시명
TRAINER_RILEY_4_HNS	배치(재전 표)	그림 보류(원작 그림 없음)	RILEY	용아	TRAINER_CLASS_BIKER_HNS	TRAINER_CLASS_BIKER_HNS	BIKER	폭주족		TRAINER_PIC_BIKER_HNS	TRAINER_PIC_BIKER_HNS		Male	Male	이름,표시명
TRAINER_TREVOR_2_HNS	배치(재전 표)	클래스+그림 변경(바로 가능)	TREVOR	기영	TRAINER_CLASS_JUGGLER_HNS	TRAINER_CLASS_POKEFAN_HNS	JUGGLER	애호가클럽	TRAINER_CLASS_JUGGLER_HNS	TRAINER_PIC_JUGGLER_HNS	TRAINER_PIC_POKEFAN_M		Male	Male	이름,클래스,표시명,그림 ID
TRAINER_TREVOR_3_HNS	배치(재전 표)	클래스+그림 변경(바로 가능)	TREVOR	기영	TRAINER_CLASS_JUGGLER_HNS	TRAINER_CLASS_POKEFAN_HNS	JUGGLER	애호가클럽	TRAINER_CLASS_JUGGLER_HNS	TRAINER_PIC_JUGGLER_HNS	TRAINER_PIC_POKEFAN_M		Male	Male	이름,클래스,표시명,그림 ID
TRAINER_KYLE_2_HNS	배치(재전 표)	변경 없음	KYLE	상문	TRAINER_CLASS_FISHERMAN_HNS	TRAINER_CLASS_FISHERMAN_HNS	FISHERMAN	낚시꾼		TRAINER_PIC_FISHERMAN	TRAINER_PIC_FISHERMAN		Male	Male	이름,표시명
TRAINER_KYLE_3_HNS	배치(재전 표)	변경 없음	KYLE	상문	TRAINER_CLASS_FISHERMAN_HNS	TRAINER_CLASS_FISHERMAN_HNS	FISHERMAN	낚시꾼		TRAINER_PIC_FISHERMAN	TRAINER_PIC_FISHERMAN		Male	Male	이름,표시명
TRAINER_CARTER_2_HNS	배치(재전 표)	변경 없음	CARTER	길남	TRAINER_CLASS_POKEFAN_HNS	TRAINER_CLASS_POKEFAN_HNS	POKéFAN	애호가클럽		TRAINER_PIC_POKEFAN_M	TRAINER_PIC_POKEFAN_M		Male	Male	이름,표시명
TRAINER_CARTER_3_HNS	배치(재전 표)	변경 없음	CARTER	길남	TRAINER_CLASS_POKEFAN_HNS	TRAINER_CLASS_POKEFAN_HNS	POKéFAN	애호가클럽		TRAINER_PIC_POKEFAN_M	TRAINER_PIC_POKEFAN_M		Male	Male	이름,표시명
TRAINER_HILLARY_2_HNS	배치(재전 표)	클래스+그림 변경(바로 가능)	HILLARY	은영	TRAINER_CLASS_LASS_HNS	TRAINER_CLASS_TEACHER_HNS	LASS	선생님	TRAINER_CLASS_LASS_HNS	TRAINER_PIC_LASS	TRAINER_PIC_TEACHER_HNS		Male	Female	이름,클래스,표시명,그림 ID,성별
TRAINER_HILLARY_3_HNS	배치(재전 표)	클래스+그림 변경(바로 가능)	HILLARY	은영	TRAINER_CLASS_LASS_HNS	TRAINER_CLASS_TEACHER_HNS	LASS	선생님	TRAINER_CLASS_LASS_HNS	TRAINER_PIC_LASS	TRAINER_PIC_TEACHER_HNS		Male	Female	이름,클래스,표시명,그림 ID,성별
TRAINER_ROB_2_HNS	배치(재전 표)	변경 없음	ROB	ROB	TRAINER_CLASS_BUG_CATCHER_HNS	TRAINER_CLASS_BUG_CATCHER_HNS	BUG CATCHER	곤충채집소년		TRAINER_PIC_BUG_CATCHER	TRAINER_PIC_BUG_CATCHER		Male	Male	표시명
TRAINER_ROB_3_HNS	배치(재전 표)	변경 없음	ROB	ROB	TRAINER_CLASS_BUG_CATCHER_HNS	TRAINER_CLASS_BUG_CATCHER_HNS	BUG CATCHER	곤충채집소년		TRAINER_PIC_BUG_CATCHER	TRAINER_PIC_BUG_CATCHER		Male	Male	표시명
TRAINER_NICOLE_2_HNS	배치(재전 표)	변경 없음	NICOLE	보미	TRAINER_CLASS_SWIMMER_F_HNS	TRAINER_CLASS_SWIMMER_F_HNS	SWIMMER♀	비키니 아가씨		TRAINER_PIC_SWIMMER_F	TRAINER_PIC_SWIMMER_F		Male	Female	이름,표시명,성별
TRAINER_NICOLE_3_HNS	배치(재전 표)	변경 없음	NICOLE	보미	TRAINER_CLASS_SWIMMER_F_HNS	TRAINER_CLASS_SWIMMER_F_HNS	SWIMMER♀	비키니 아가씨		TRAINER_PIC_SWIMMER_F	TRAINER_PIC_SWIMMER_F		Male	Female	이름,표시명,성별
TRAINER_BILLY_2_HNS	배치(재전 표)	그림 보류(원작 그림 없음)	BILLY	찬희	TRAINER_CLASS_SCHOOL_KID_HNS	TRAINER_CLASS_SCHOOL_KID_HNS	SCHOOL KID	학원 끝난 아이		TRAINER_PIC_SCHOOL_KID_M	TRAINER_PIC_SCHOOL_KID_M		Male	Male	이름,표시명
TRAINER_BILLY_3_HNS	배치(재전 표)	그림 보류(원작 그림 없음)	BILLY	찬희	TRAINER_CLASS_SCHOOL_KID_HNS	TRAINER_CLASS_SCHOOL_KID_HNS	SCHOOL KID	학원 끝난 아이		TRAINER_PIC_SCHOOL_KID_M	TRAINER_PIC_SCHOOL_KID_M		Male	Male	이름,표시명
TRAINER_KENNY_2_HNS	배치(재전 표)	변경 없음	KENNY	지찬	TRAINER_CLASS_HIKER_HNS	TRAINER_CLASS_HIKER_HNS	HIKER	등산가		TRAINER_PIC_HIKER	TRAINER_PIC_HIKER		Male	Male	이름,표시명
TRAINER_KENNY_3_HNS	배치(재전 표)	변경 없음	KENNY	지찬	TRAINER_CLASS_HIKER_HNS	TRAINER_CLASS_HIKER_HNS	HIKER	등산가		TRAINER_PIC_HIKER	TRAINER_PIC_HIKER		Male	Male	이름,표시명
TRAINER_JOEL_2_HNS	배치(재전 표)	그림 보류(원작 그림 없음)	JOEL	주성	TRAINER_CLASS_BIKER_HNS	TRAINER_CLASS_BIKER_HNS	BIKER	폭주족		TRAINER_PIC_BIKER_HNS	TRAINER_PIC_BIKER_HNS		Male	Male	이름,표시명
TRAINER_JOEL_3_HNS	배치(재전 표)	그림 보류(원작 그림 없음)	JOEL	주성	TRAINER_CLASS_BIKER_HNS	TRAINER_CLASS_BIKER_HNS	BIKER	폭주족		TRAINER_PIC_BIKER_HNS	TRAINER_PIC_BIKER_HNS		Male	Male	이름,표시명
TRAINER_CHARLES_2_HNS	배치(재전 표)	그림 보류(원작 그림 없음)	CHARLES	CHARLES	TRAINER_CLASS_BIKER_HNS	TRAINER_CLASS_BIKER_HNS	BIKER	폭주족		TRAINER_PIC_BIKER_HNS	TRAINER_PIC_BIKER_HNS		Male	Male	표시명
TRAINER_CHARLES_3_HNS	배치(재전 표)	그림 보류(원작 그림 없음)	CHARLES	CHARLES	TRAINER_CLASS_BIKER_HNS	TRAINER_CLASS_BIKER_HNS	BIKER	폭주족		TRAINER_PIC_BIKER_HNS	TRAINER_PIC_BIKER_HNS		Male	Male	표시명
TRAINER_SAMSON_OAK_HNS	배치(맵 오브젝트)	해당 없음(원작 인물 없음)	SAMSON OAK	송호 오	TRAINER_CLASS_PROFESSOR_HNS	TRAINER_CLASS_PROFESSOR_HNS	{PKMN} PROF.	포켓몬 박사		TRAINER_PIC_SAMSON_OAK_HNS	TRAINER_PIC_SAMSON_OAK_HNS		Male	Male	이름,표시명
TRAINER_PHANTONOMY_UNUSED_HNS	미배치(참조 없음)	제외(미배치 — 데이터 유지)	PHANTONOMY	PHANTONOMY	TRAINER_CLASS_DEVELOPER_HNS	TRAINER_CLASS_DEVELOPER_HNS	DEVELOPER	DEVELOPER		TRAINER_PIC_SCIENTIST_FRLG	TRAINER_PIC_SCIENTIST_FRLG		Male	Male	-
TRAINER_MELEMELE_SWIMMER_1_HNS	배치(맵 오브젝트)	해당 없음(원작 인물 없음)	MIA	MIA	TRAINER_CLASS_SWIMMER_F_HNS	TRAINER_CLASS_SWIMMER_F_HNS	SWIMMER♀	비키니 아가씨		TRAINER_PIC_SWIMMER_F	TRAINER_PIC_SWIMMER_F		Female	Female	표시명
TRAINER_MELEMELE_SWIMMER_2_HNS	배치(맵 오브젝트)	해당 없음(원작 인물 없음)	JIMMY	JIMMY	TRAINER_CLASS_SWIMMER_M_HNS	TRAINER_CLASS_SWIMMER_M_HNS	SWIMMER♂	수영팬티소년		TRAINER_PIC_SWIMMER_M	TRAINER_PIC_SWIMMER_M		Male	Male	표시명
TRAINER_AKALA_SWIMMER_1_HNS	배치(맵 오브젝트)	해당 없음(원작 인물 없음)	KELSIE	KELSIE	TRAINER_CLASS_SWIMMER_F_HNS	TRAINER_CLASS_SWIMMER_F_HNS	SWIMMER♀	비키니 아가씨		TRAINER_PIC_SWIMMER_F	TRAINER_PIC_SWIMMER_F		Female	Female	표시명
TRAINER_AKALA_SWIMMER_2_HNS	배치(맵 오브젝트)	해당 없음(원작 인물 없음)	PORTIA	PORTIA	TRAINER_CLASS_SWIMMER_F_HNS	TRAINER_CLASS_SWIMMER_F_HNS	SWIMMER♀	비키니 아가씨		TRAINER_PIC_SWIMMER_F	TRAINER_PIC_SWIMMER_F		Female	Female	표시명
TRAINER_AKALA_SWIMMER_3_HNS	배치(맵 오브젝트)	해당 없음(원작 인물 없음)	GEOFF	GEOFF	TRAINER_CLASS_SWIMMER_M_HNS	TRAINER_CLASS_SWIMMER_M_HNS	SWIMMER♂	수영팬티소년		TRAINER_PIC_SWIMMER_M	TRAINER_PIC_SWIMMER_M		Male	Male	표시명
TRAINER_PONI_SWIMMER_1_HNS	배치(맵 오브젝트)	해당 없음(원작 인물 없음)	JADE	JADE	TRAINER_CLASS_SWIMMER_F_HNS	TRAINER_CLASS_SWIMMER_F_HNS	SWIMMER♀	비키니 아가씨		TRAINER_PIC_SWIMMER_F	TRAINER_PIC_SWIMMER_F		Female	Female	표시명
TRAINER_PONI_SWIMMER_2_HNS	배치(맵 오브젝트)	해당 없음(원작 인물 없음)	RODDY	RODDY	TRAINER_CLASS_TUBER_M	TRAINER_CLASS_TUBER_M	TUBER	튜브보이		TRAINER_PIC_TUBER_M	TRAINER_PIC_TUBER_M		Male	Male	표시명
TRAINER_AKALA_HIKER_HNS	배치(맵 오브젝트)	해당 없음(원작 인물 없음)	IAN	IAN	TRAINER_CLASS_HIKER_HNS	TRAINER_CLASS_HIKER_HNS	HIKER	등산가		TRAINER_PIC_HIKER	TRAINER_PIC_HIKER		Male	Male	표시명
TRAINER_AKALA_PICNICKER_HNS	배치(맵 오브젝트)	해당 없음(원작 인물 없음)	TATIANA	TATIANA	TRAINER_CLASS_PICNICKER_HNS	TRAINER_CLASS_PICNICKER_HNS	PICNICKER	피크닉걸		TRAINER_PIC_PICNICKER	TRAINER_PIC_PICNICKER		Female	Female	표시명
TRAINER_AKALA_CAMPER_HNS	배치(맵 오브젝트)	해당 없음(원작 인물 없음)	OLIVER	OLIVER	TRAINER_CLASS_CAMPER_HNS	TRAINER_CLASS_CAMPER_HNS	CAMPER	캠프보이		TRAINER_PIC_CAMPER	TRAINER_PIC_CAMPER		Male	Male	표시명
TRAINER_AKALA_FOREST_BUGCATCHER_1_HNS	배치(맵 오브젝트)	해당 없음(원작 인물 없음)	STANLEY	STANLEY	TRAINER_CLASS_BUG_CATCHER_HNS	TRAINER_CLASS_BUG_CATCHER_HNS	BUG CATCHER	곤충채집소년		TRAINER_PIC_BUG_CATCHER	TRAINER_PIC_BUG_CATCHER		Male	Male	표시명
TRAINER_AKALA_FOREST_BUGCATCHER_2_HNS	배치(맵 오브젝트)	해당 없음(원작 인물 없음)	SCOTTY	SCOTTY	TRAINER_CLASS_BUG_CATCHER_HNS	TRAINER_CLASS_BUG_CATCHER_HNS	BUG CATCHER	곤충채집소년		TRAINER_PIC_BUG_CATCHER	TRAINER_PIC_BUG_CATCHER		Male	Male	표시명
TRAINER_AKALA_CAVE_PICNICKER_HNS	배치(맵 오브젝트)	해당 없음(원작 인물 없음)	MELISSA	MELISSA	TRAINER_CLASS_PICNICKER_HNS	TRAINER_CLASS_PICNICKER_HNS	PICNICKER	피크닉걸		TRAINER_PIC_PICNICKER	TRAINER_PIC_PICNICKER		Female	Female	표시명
TRAINER_AKALA_CAVE_CAMPER_HNS	배치(맵 오브젝트)	해당 없음(원작 인물 없음)	RONNY	RONNY	TRAINER_CLASS_CAMPER_HNS	TRAINER_CLASS_CAMPER_HNS	CAMPER	캠프보이		TRAINER_PIC_CAMPER	TRAINER_PIC_CAMPER		Male	Male	표시명
TRAINER_AKALA_CAVE_HIKER_HNS	배치(맵 오브젝트)	해당 없음(원작 인물 없음)	FRANK	FRANK	TRAINER_CLASS_HIKER_HNS	TRAINER_CLASS_HIKER_HNS	HIKER	등산가		TRAINER_PIC_HIKER	TRAINER_PIC_HIKER		Male	Male	표시명
TRAINER_ULAULA_PICNICKER_HNS	배치(맵 오브젝트)	해당 없음(원작 인물 없음)	MELISSA	MELISSA	TRAINER_CLASS_PICNICKER_HNS	TRAINER_CLASS_PICNICKER_HNS	PICNICKER	피크닉걸		TRAINER_PIC_PICNICKER	TRAINER_PIC_PICNICKER		Female	Female	표시명
TRAINER_ULAULA_YOUNGSTER_HNS	배치(맵 오브젝트)	해당 없음(원작 인물 없음)	JOEY	JOEY	TRAINER_CLASS_YOUNGSTER_HNS	TRAINER_CLASS_YOUNGSTER_HNS	YOUNGSTER	반바지 꼬마		TRAINER_PIC_YOUNGSTER_HNS	TRAINER_PIC_YOUNGSTER_HNS		Male	Male	표시명
TRAINER_ULAULA_HIKER_HNS	배치(맵 오브젝트)	해당 없음(원작 인물 없음)	FRANK	FRANK	TRAINER_CLASS_HIKER_HNS	TRAINER_CLASS_HIKER_HNS	HIKER	등산가		TRAINER_PIC_HIKER	TRAINER_PIC_HIKER		Male	Male	표시명
TRAINER_ULAULA_COOLTRAINER_HNS	배치(맵 오브젝트)	해당 없음(원작 인물 없음)	LOIS	LOIS	TRAINER_CLASS_COOLTRAINER_HNS	TRAINER_CLASS_COOLTRAINER_HNS	COOLTRAINER	엘리트 트레이너		TRAINER_PIC_COOLTRAINER_F	TRAINER_PIC_COOLTRAINER_F		Female	Female	표시명
TRAINER_MILKMAN_HNS	배치(맵 오브젝트)	해당 없음(원작 인물 없음)	MILKMAN	MILKMAN	TRAINER_CLASS_OFFICER_HNS	TRAINER_CLASS_OFFICER_HNS	OFFICER	경찰관		TRAINER_PIC_OFFICER_HNS	TRAINER_PIC_OFFICER_HNS		Male	Male	표시명
TRAINER_MIHARU_HNS	배치(맵 오브젝트)	해당 없음(원작 인물 없음)	MIHARU	MIHARU	TRAINER_CLASS_KIMONO_GIRL_HNS	TRAINER_CLASS_KIMONO_GIRL_HNS	KIMONO GIRL	전통무용수		TRAINER_PIC_KIMONO_GIRL_HNS	TRAINER_PIC_KIMONO_GIRL_HNS		Female	Female	표시명
TRAINER_YOUKO_HNS	배치(맵 오브젝트)	해당 없음(원작 인물 없음)	YOUKO	YOUKO	TRAINER_CLASS_KIMONO_GIRL_HNS	TRAINER_CLASS_KIMONO_GIRL_HNS	KIMONO GIRL	전통무용수		TRAINER_PIC_KIMONO_GIRL_HNS	TRAINER_PIC_KIMONO_GIRL_HNS		Female	Female	표시명
TRAINER_SHIZUKO_HNS	배치(맵 오브젝트)	해당 없음(원작 인물 없음)	SHIZUKO	SHIZUKO	TRAINER_CLASS_KIMONO_GIRL_HNS	TRAINER_CLASS_KIMONO_GIRL_HNS	KIMONO GIRL	전통무용수		TRAINER_PIC_KIMONO_GIRL_HNS	TRAINER_PIC_KIMONO_GIRL_HNS		Female	Female	표시명
TRAINER_STEVEN_HNS	배치(스크립트 이벤트)	해당 없음(원작 인물 없음)	STEVEN	성호	TRAINER_CLASS_PKMN_TRAINER_1_HNS	TRAINER_CLASS_PKMN_TRAINER_1_HNS	{PKMN} TRAINER	포켓몬 트레이너		TRAINER_PIC_STEVEN	TRAINER_PIC_STEVEN		Male	Male	이름,표시명
TRAINER_FINLEY_HNS	배치(맵 오브젝트)	해당 없음(원작 인물 없음)	FINLEY	FINLEY	TRAINER_CLASS_SAGE_HNS	TRAINER_CLASS_SAGE_HNS	SAGE	수행자		TRAINER_PIC_SAGE_HNS	TRAINER_PIC_SAGE_HNS		Male	Male	표시명
TRAINER_MUALANI_HNS	배치(맵 오브젝트)	해당 없음(원작 인물 없음)	MUALANI	MUALANI	TRAINER_CLASS_SWIMMER_F_HNS	TRAINER_CLASS_SWIMMER_F_HNS	SWIMMER♀	비키니 아가씨		TRAINER_PIC_SWIMMER_F	TRAINER_PIC_SWIMMER_F		female	female	표시명
TRAINER_WESSEL_HNS	배치(맵 오브젝트)	해당 없음(원작 인물 없음)	WESSEL	WESSEL	TRAINER_CLASS_SUPER_NERD_HNS	TRAINER_CLASS_SUPER_NERD_HNS	SUPER NERD	이과계의 남자		TRAINER_PIC_SUPER_NERD_HNS	TRAINER_PIC_SUPER_NERD_HNS		Male	Male	표시명
TRAINER_SKYLAR_HNS	배치(맵 오브젝트)	해당 없음(원작 인물 없음)	SKYLAR	SKYLAR	TRAINER_CLASS_SKIER_HNS	TRAINER_CLASS_SKIER_HNS	SKIER	스키선수		TRAINER_PIC_SKIER_F_HNS	TRAINER_PIC_SKIER_F_HNS		Female	Female	표시명
TRAINER_FALKNER_POSTOBC_HNS	배치(맵 오브젝트)	변경 없음	FALKNER	비상	TRAINER_CLASS_LEADER_HNS	TRAINER_CLASS_LEADER_HNS	LEADER	체육관 관장		TRAINER_PIC_LEADER_FALKNER_HNS	TRAINER_PIC_LEADER_FALKNER_HNS		Male	Male	이름,표시명
TRAINER_BUGSY_POSTOBC_HNS	배치(맵 오브젝트)	변경 없음	BUGSY	호일	TRAINER_CLASS_LEADER_HNS	TRAINER_CLASS_LEADER_HNS	LEADER	체육관 관장		TRAINER_PIC_LEADER_BUGSY_HNS	TRAINER_PIC_LEADER_BUGSY_HNS		Male	Male	이름,표시명
TRAINER_WHITNEY_POSTOBC_HNS	배치(맵 오브젝트)	변경 없음	WHITNEY	꼭두	TRAINER_CLASS_LEADER_HNS	TRAINER_CLASS_LEADER_HNS	LEADER	체육관 관장		TRAINER_PIC_LEADER_WHITNEY_HNS	TRAINER_PIC_LEADER_WHITNEY_HNS		Male	Female	이름,표시명,성별
TRAINER_MORTY_POSTOBC_HNS	배치(맵 오브젝트)	변경 없음	MORTY	유빈	TRAINER_CLASS_LEADER_HNS	TRAINER_CLASS_LEADER_HNS	LEADER	체육관 관장		TRAINER_PIC_LEADER_MORTY_HNS	TRAINER_PIC_LEADER_MORTY_HNS		Male	Male	이름,표시명
TRAINER_CHUCK_POSTOBC_HNS	배치(맵 오브젝트)	변경 없음	CHUCK	사도	TRAINER_CLASS_LEADER_HNS	TRAINER_CLASS_LEADER_HNS	LEADER	체육관 관장		TRAINER_PIC_LEADER_CHUCK_HNS	TRAINER_PIC_LEADER_CHUCK_HNS		Male	Male	이름,표시명
TRAINER_JASMINE_POSTOBC_HNS	배치(맵 오브젝트)	변경 없음	JASMINE	규리	TRAINER_CLASS_LEADER_HNS	TRAINER_CLASS_LEADER_HNS	LEADER	체육관 관장		TRAINER_PIC_LEADER_JASMINE_HNS	TRAINER_PIC_LEADER_JASMINE_HNS		Male	Female	이름,표시명,성별
TRAINER_PRYCE_POSTOBC_HNS	배치(맵 오브젝트)	변경 없음	PRYCE	류옹	TRAINER_CLASS_LEADER_HNS	TRAINER_CLASS_LEADER_HNS	LEADER	체육관 관장		TRAINER_PIC_LEADER_PRYCE_HNS	TRAINER_PIC_LEADER_PRYCE_HNS		Male	Male	이름,표시명
TRAINER_CLAIR_POSTOBC_HNS	배치(맵 오브젝트)	변경 없음	CLAIR	이향	TRAINER_CLASS_LEADER_HNS	TRAINER_CLASS_LEADER_HNS	LEADER	체육관 관장		TRAINER_PIC_LEADER_CLAIR_HNS	TRAINER_PIC_LEADER_CLAIR_HNS		Male	Female	이름,표시명,성별
TRAINER_BROCK_POSTOBC_HNS	배치(맵 오브젝트)	변경 없음	BROCK	웅	TRAINER_CLASS_LEADER_KANTO_HNS	TRAINER_CLASS_LEADER_KANTO_HNS	LEADER	체육관 관장		TRAINER_PIC_LEADER_BROCK_HNS	TRAINER_PIC_LEADER_BROCK_HNS		Male	Male	이름,표시명
TRAINER_MISTY_POSTOBC_HNS	배치(맵 오브젝트)	변경 없음	MISTY	이슬	TRAINER_CLASS_LEADER_KANTO_HNS	TRAINER_CLASS_LEADER_KANTO_HNS	LEADER	체육관 관장		TRAINER_PIC_LEADER_MISTY_HNS	TRAINER_PIC_LEADER_MISTY_HNS		Male	Female	이름,표시명,성별
TRAINER_LTSURGE_POSTOBC_HNS	배치(맵 오브젝트)	변경 없음	LTSURGE	마티스	TRAINER_CLASS_LEADER_KANTO_HNS	TRAINER_CLASS_LEADER_KANTO_HNS	LEADER	체육관 관장		TRAINER_PIC_LEADER_SURGE_HNS	TRAINER_PIC_LEADER_SURGE_HNS		Male	Male	이름,표시명
TRAINER_ERIKA_POSTOBC_HNS	배치(맵 오브젝트)	변경 없음	ERIKA	민화	TRAINER_CLASS_LEADER_KANTO_HNS	TRAINER_CLASS_LEADER_KANTO_HNS	LEADER	체육관 관장		TRAINER_PIC_LEADER_ERIKA_HNS	TRAINER_PIC_LEADER_ERIKA_HNS		Male	Female	이름,표시명,성별
TRAINER_JANINE_POSTOBC_HNS	배치(맵 오브젝트)	변경 없음	JANINE	도희	TRAINER_CLASS_LEADER_KANTO_HNS	TRAINER_CLASS_LEADER_KANTO_HNS	LEADER	체육관 관장		TRAINER_PIC_LEADER_JANINE_HNS	TRAINER_PIC_LEADER_JANINE_HNS		Male	Female	이름,표시명,성별
TRAINER_SABRINA_POSTOBC_HNS	배치(맵 오브젝트)	변경 없음	SABRINA	초련	TRAINER_CLASS_LEADER_KANTO_HNS	TRAINER_CLASS_LEADER_KANTO_HNS	LEADER	체육관 관장		TRAINER_PIC_LEADER_SABRINA_HNS	TRAINER_PIC_LEADER_SABRINA_HNS		Male	Female	이름,표시명,성별
TRAINER_BLAINE_POSTOBC_HNS	배치(맵 오브젝트)	변경 없음	BLAINE	강연	TRAINER_CLASS_LEADER_KANTO_HNS	TRAINER_CLASS_LEADER_KANTO_HNS	LEADER	체육관 관장		TRAINER_PIC_LEADER_BLAINE_HNS	TRAINER_PIC_LEADER_BLAINE_HNS		Male	Male	이름,표시명
TRAINER_BLUE_POSTOBC_HNS	배치(맵 오브젝트)	변경 없음	BLUE	그린	TRAINER_CLASS_LEADER_KANTO_HNS	TRAINER_CLASS_LEADER_KANTO_HNS	LEADER	체육관 관장		TRAINER_PIC_LEADER_BLUE_HNS	TRAINER_PIC_LEADER_BLUE_HNS		Male	Male	이름,표시명
TRAINER_WILL_POSTOBC_HNS	배치(맵 오브젝트)	변경 없음	WILL	일목	TRAINER_CLASS_ELITE_FOUR_HNS	TRAINER_CLASS_ELITE_FOUR_HNS	ELITE FOUR	사천왕		TRAINER_PIC_ELITE_FOUR_WILL_HNS	TRAINER_PIC_ELITE_FOUR_WILL_HNS		Male	Male	이름,표시명
TRAINER_KOGA_POSTOBC_HNS	배치(맵 오브젝트)	변경 없음	KOGA	독수	TRAINER_CLASS_ELITE_FOUR_HNS	TRAINER_CLASS_ELITE_FOUR_HNS	ELITE FOUR	사천왕		TRAINER_PIC_ELITE_FOUR_KOGA_HNS	TRAINER_PIC_ELITE_FOUR_KOGA_HNS		Male	Male	이름,표시명
TRAINER_BRUNO_POSTOBC_HNS	배치(맵 오브젝트)	변경 없음	BRUNO	시바	TRAINER_CLASS_ELITE_FOUR_HNS	TRAINER_CLASS_ELITE_FOUR_HNS	ELITE FOUR	사천왕		TRAINER_PIC_ELITE_FOUR_BRUNO_HNS	TRAINER_PIC_ELITE_FOUR_BRUNO_HNS		Male	Male	이름,표시명
TRAINER_KAREN_POSTOBC_HNS	배치(맵 오브젝트)	변경 없음	KAREN	카렌	TRAINER_CLASS_ELITE_FOUR_HNS	TRAINER_CLASS_ELITE_FOUR_HNS	ELITE FOUR	사천왕		TRAINER_PIC_ELITE_FOUR_KAREN_HNS	TRAINER_PIC_ELITE_FOUR_KAREN_HNS		Male	Female	이름,표시명,성별
TRAINER_LANCE_POSTOBC_HNS	배치(맵 오브젝트)	변경 없음	LANCE	목호	TRAINER_CLASS_CHAMPION_HNS	TRAINER_CLASS_CHAMPION_HNS	CHAMPION	챔피언		TRAINER_PIC_CHAMPION_LANCE_HNS	TRAINER_PIC_CHAMPION_LANCE_HNS		Male	Male	이름,표시명
TRAINER_RED_POSTOBC_HNS	배치(맵 오브젝트)	변경 없음	RED	레드	TRAINER_CLASS_PKMN_TRAINER_1_HNS	TRAINER_CLASS_PKMN_TRAINER_1_HNS	{PKMN} TRAINER	포켓몬 트레이너		TRAINER_PIC_RED_HNS	TRAINER_PIC_RED_HNS		Male	Male	이름,표시명
